[shibosi] 2026/07/30 02:17:56 logger.go:55: [INFO] 定时任务已注册
[shibosi] 2026/07/30 02:17:56 logger.go:55: [INFO] ========================================
[shibosi] 2026/07/30 02:17:56 logger.go:55: [INFO]   市舶司 - 统一管理后台 v2.0
[shibosi] 2026/07/30 02:17:56 logger.go:55: [INFO] ========================================
[shibosi] 2026/07/30 02:17:56 logger.go:55: [INFO] 监听地址: http://localhost:8084
[shibosi] 2026/07/30 02:17:56 logger.go:55: [INFO] 管理面板: http://localhost:8084/admin
[shibosi] 2026/07/30 02:17:56 logger.go:55: [INFO] API文档:  http://localhost:8084/api/v1
[shibosi] 2026/07/30 02:17:56 logger.go:55: [INFO] ========================================
[shibosi] 2026/07/30 02:20:00 logger.go:55: [INFO] 定时任务: Redis黑名单同步
[shibosi] 2026/07/30 02:26:05 logger.go:55: [INFO] 定时任务已注册
[shibosi] 2026/07/30 02:26:05 logger.go:55: [INFO] ========================================
[shibosi] 2026/07/30 02:26:05 logger.go:55: [INFO]   市舶司 - 统一管理后台 v2.0
[shibosi] 2026/07/30 02:26:05 logger.go:55: [INFO] ========================================
[shibosi] 2026/07/30 02:26:05 logger.go:55: [INFO] 监听地址: http://localhost:8084
[shibosi] 2026/07/30 02:26:05 logger.go:55: [INFO] 管理面板: http://localhost:8084/admin
[shibosi] 2026/07/30 02:26:05 logger.go:55: [INFO] API文档:  http://localhost:8084/api/v1
[shibosi] 2026/07/30 02:26:05 logger.go:55: [INFO] ========================================
[shibosi] 2026/07/30 02:35:38 logger.go:55: [INFO] 定时任务已注册
[shibosi] 2026/07/30 02:35:38 logger.go:55: [INFO] ========================================
[shibosi] 2026/07/30 02:35:38 logger.go:55: [INFO]   市舶司 - 统一管理后台 v2.0
[shibosi] 2026/07/30 02:35:38 logger.go:55: [INFO] ========================================
[shibosi] 2026/07/30 02:35:38 logger.go:55: [INFO] 监听地址: http://localhost:8084
[shibosi] 2026/07/30 02:35:38 logger.go:55: [INFO] 管理面板: http://localhost:8084/admin
[shibosi] 2026/07/30 02:35:38 logger.go:55: [INFO] API文档:  http://localhost:8084/api/v1
[shibosi] 2026/07/30 02:35:38 logger.go:55: [INFO] ========================================
[shibosi] 2026/07/30 02:36:02 logger.go:87: 2026-07-30 02:36:02.790 | 404 |            0s |             ::1 | GET     | /
[shibosi] 2026/07/30 02:36:02 logger.go:87: 2026-07-30 02:36:02.836 | 404 |            0s |             ::1 | GET     | /favicon.ico
[shibosi] 2026/07/30 02:37:22 logger.go:87: 2026-07-30 02:37:22.720 | 404 |            0s |             ::1 | GET     | /
[shibosi] 2026/07/30 02:40:00 logger.go:55: [INFO] 定时任务: Redis黑名单同步
[shibosi] 2026/07/30 02:45:00 logger.go:55: [INFO] 定时任务: Redis黑名单同步
[shibosi] 2026/07/30 02:50:00 logger.go:55: [INFO] 定时任务: Redis黑名单同步
[shibosi] 2026/07/30 02:55:00 logger.go:55: [INFO] 定时任务: Redis黑名单同步
[shibosi] 2026/07/30 03:00:00 logger.go:55: [INFO] 定时任务: Redis黑名单同步
[shibosi] 2026/07/30 03:05:00 logger.go:55: [INFO] 定时任务: Redis黑名单同步
[shibosi] 2026/07/30 03:10:00 logger.go:55: [INFO] 定时任务: Redis黑名单同步
[shibosi] 2026/07/30 03:11:09 logger.go:55: [INFO] 正在关闭服务...
[shibosi] 2026/07/30 03:11:09 logger.go:55: [INFO] 服务已安全关闭
[shibosi] 2026/07/30 03:11:23 logger.go:55: [INFO] 定时任务已注册
[shibosi] 2026/07/30 03:11:23 logger.go:55: [INFO] ========================================
[shibosi] 2026/07/30 03:11:23 logger.go:55: [INFO]   市舶司 - 统一管理后台 v2.0
[shibosi] 2026/07/30 03:11:23 logger.go:55: [INFO] ========================================
[shibosi] 2026/07/30 03:11:23 logger.go:55: [INFO] 监听地址: http://localhost:8084
[shibosi] 2026/07/30 03:11:23 logger.go:55: [INFO] 管理面板: http://localhost:8084/admin
[shibosi] 2026/07/30 03:11:23 logger.go:55: [INFO] API文档:  http://localhost:8084/api/v1
[shibosi] 2026/07/30 03:11:23 logger.go:55: [INFO] ========================================
[shibosi] 2026/07/30 03:15:00 logger.go:55: [INFO] 定时任务: Redis黑名单同步
[shibosi] 2026/07/30 03:20:00 logger.go:55: [INFO] 定时任务: Redis黑名单同步
[shibosi] 2026/07/30 03:25:00 logger.go:55: [INFO] 定时任务: Redis黑名单同步
[shibosi] 2026/07/30 03:27:25 logger.go:55: [INFO] 正在关闭服务...
[shibosi] 2026/07/30 03:27:25 logger.go:55: [INFO] 服务已安全关闭
[shibosi] 2026/07/30 20:47:09 logger.go:55: [INFO] 定时任务已注册
[shibosi] 2026/07/30 20:47:09 logger.go:55: [INFO] ========================================
[shibosi] 2026/07/30 20:47:09 logger.go:55: [INFO]   市舶司 - 统一管理后台 v2.0
[shibosi] 2026/07/30 20:47:09 logger.go:55: [INFO] ========================================
[shibosi] 2026/07/30 20:47:09 logger.go:55: [INFO] 监听地址: http://localhost:8084
[shibosi] 2026/07/30 20:47:09 logger.go:55: [INFO] 管理面板: http://localhost:8084/admin
[shibosi] 2026/07/30 20:47:09 logger.go:55: [INFO] API文档:  http://localhost:8084/api/v1
[shibosi] 2026/07/30 20:47:09 logger.go:55: [INFO] ========================================
[shibosi] 2026/07/30 20:47:12 logger.go:87: 2026-07-30 20:47:12.582 | 200 |       523.2µs |             ::1 | GET     | /api/health
[shibosi] 2026/07/30 20:47:24 logger.go:87: 2026-07-30 20:47:24.767 | 200 |            0s |             ::1 | GET     | /api/health
[shibosi] 2026/07/30 20:47:27 logger.go:87: 2026-07-30 20:47:27.753 | 401 |            0s |             ::1 | GET     | /api/v1/admin/modules
[shibosi] 2026/07/30 20:47:35 logger.go:87: 2026-07-30 20:47:35.037 | 200 |      1.0859ms |             ::1 | POST    | /api/v1/auth/login
[shibosi] 2026/07/30 20:47:39 logger.go:87: 2026-07-30 20:47:39.763 | 200 |            0s |             ::1 | GET     | /api/health
[shibosi] 2026/07/30 20:47:43 logger.go:87: 2026-07-30 20:47:43.063 | 200 |    483.1382ms |             ::1 | POST    | /api/v1/auth/register
[shibosi] 2026/07/30 20:47:50 logger.go:87: 2026-07-30 20:47:50.657 | 200 |            0s |             ::1 | POST    | /api/v1/services/register
[shibosi] 2026/07/30 20:47:54 logger.go:87: 2026-07-30 20:47:54.759 | 200 |            0s |             ::1 | GET     | /api/health
[shibosi] 2026/07/30 20:47:58 logger.go:87: 2026-07-30 20:47:58.078 | 200 |            0s |             ::1 | POST    | /api/v1/services/test-service/heartbeat
[shibosi] 2026/07/30 20:48:33 logger.go:55: [INFO] 定时任务已注册
[shibosi] 2026/07/30 20:48:33 logger.go:55: [INFO] ========================================
[shibosi] 2026/07/30 20:48:33 logger.go:55: [INFO]   市舶司 - 统一管理后台 v2.0
[shibosi] 2026/07/30 20:48:33 logger.go:55: [INFO] ========================================
[shibosi] 2026/07/30 20:48:33 logger.go:55: [INFO] 监听地址: http://localhost:8084
[shibosi] 2026/07/30 20:48:33 logger.go:55: [INFO] 管理面板: http://localhost:8084/admin
[shibosi] 2026/07/30 20:48:33 logger.go:55: [INFO] API文档:  http://localhost:8084/api/v1
[shibosi] 2026/07/30 20:48:33 logger.go:55: [INFO] ========================================
[shibosi] 2026/07/30 20:48:45 logger.go:87: 2026-07-30 20:48:45.671 | 200 |    464.0541ms |             ::1 | POST    | /api/v1/auth/login
[shibosi] 2026/07/30 20:48:48 logger.go:87: 2026-07-30 20:48:48.641 | 200 |            0s |             ::1 | GET     | /api/health
[shibosi] 2026/07/30 20:49:03 logger.go:87: 2026-07-30 20:49:03.627 | 200 |            0s |             ::1 | GET     | /api/health
[shibosi] 2026/07/30 20:49:18 logger.go:87: 2026-07-30 20:49:18.633 | 200 |            0s |             ::1 | GET     | /api/health
[shibosi] 2026/07/30 20:49:19 logger.go:87: 2026-07-30 20:49:19.225 | 200 |       543.4µs |             ::1 | GET     | /api/v1/admin/modules
[shibosi] 2026/07/30 20:49:19 logger.go:87: 2026-07-30 20:49:19.231 | 200 |            0s |             ::1 | GET     | /api/v1/admin/services
[shibosi] 2026/07/30 20:49:33 logger.go:87: 2026-07-30 20:49:33.635 | 200 |            0s |             ::1 | GET     | /api/health
[shibosi] 2026/07/30 20:49:34 logger.go:87: 2026-07-30 20:49:34.230 | 200 |    183.5349ms |             ::1 | GET     | /admin/
[shibosi] 2026/07/30 20:49:34 logger.go:87: 2026-07-30 20:49:34.262 | 200 |      9.0655ms |             ::1 | GET     | /admin/app.js
[shibosi] 2026/07/30 20:49:48 logger.go:87: 2026-07-30 20:49:48.625 | 200 |            0s |             ::1 | GET     | /api/health
[shibosi] 2026/07/30 20:50:00 logger.go:55: [INFO] 定时任务: Redis黑名单同步
[shibosi] 2026/07/30 20:50:03 logger.go:87: 2026-07-30 20:50:03.626 | 200 |            0s |             ::1 | GET     | /api/health
[shibosi] 2026/07/30 20:50:18 logger.go:87: 2026-07-30 20:50:18.626 | 200 |            0s |             ::1 | GET     | /api/health
[shibosi] 2026/07/30 20:50:33 logger.go:87: 2026-07-30 20:50:33.627 | 200 |            0s |             ::1 | GET     | /api/health
[shibosi] 2026/07/30 20:50:48 logger.go:87: 2026-07-30 20:50:48.630 | 200 |            0s |             ::1 | GET     | /api/health
[shibosi] 2026/07/30 20:50:50 logger.go:87: 2026-07-30 20:50:50.518 | 200 |    474.3468ms |             ::1 | POST    | /api/v1/auth/login
[shibosi] 2026/07/30 20:50:50 logger.go:87: 2026-07-30 20:50:50.531 | 304 |      3.6292ms |             ::1 | GET     | /admin/
[shibosi] 2026/07/30 20:50:50 logger.go:87: 2026-07-30 20:50:50.547 | 304 |         532µs |             ::1 | GET     | /admin/app.js
[shibosi] 2026/07/30 20:50:50 logger.go:87: 2026-07-30 20:50:50.563 | 200 |            0s |             ::1 | GET     | /api/v1/admin/modules
[shibosi] 2026/07/30 20:50:50 logger.go:87: 2026-07-30 20:50:50.623 | 200 |            0s |             ::1 | GET     | /api/v1/admin/services
[shibosi] 2026/07/30 20:51:03 logger.go:87: 2026-07-30 20:51:03.633 | 200 |            0s |             ::1 | GET     | /api/health
[shibosi] 2026/07/30 20:51:18 logger.go:87: 2026-07-30 20:51:18.625 | 200 |            0s |             ::1 | GET     | /api/health
[shibosi] 2026/07/30 20:51:33 logger.go:87: 2026-07-30 20:51:33.626 | 200 |            0s |             ::1 | GET     | /api/health
[shibosi] 2026/07/30 20:51:48 logger.go:87: 2026-07-30 20:51:48.627 | 200 |            0s |             ::1 | GET     | /api/health
[shibosi] 2026/07/30 20:51:55 logger.go:87: 2026-07-30 20:51:55.723 | 404 |            0s |             ::1 | GET     | /api/v1/api/v1/admin/dashboard
[shibosi] 2026/07/30 20:52:03 logger.go:87: 2026-07-30 20:52:03.627 | 200 |            0s |             ::1 | GET     | /api/health
[shibosi] 2026/07/30 20:52:18 logger.go:87: 2026-07-30 20:52:18.625 | 200 |            0s |             ::1 | GET     | /api/health
[shibosi] 2026/07/30 20:52:24 logger.go:87: 2026-07-30 20:52:24.205 | 404 |            0s |             ::1 | GET     | /api/v1/api/v1/proxy/newspaper/api/admin/overview
[shibosi] 2026/07/30 20:52:33 logger.go:87: 2026-07-30 20:52:33.626 | 200 |            0s |             ::1 | GET     | /api/health
[shibosi] 2026/07/30 20:52:48 logger.go:87: 2026-07-30 20:52:48.629 | 200 |            0s |             ::1 | GET     | /api/health
[shibosi] 2026/07/30 20:53:03 logger.go:87: 2026-07-30 20:53:03.628 | 200 |            0s |             ::1 | GET     | /api/health
[shibosi] 2026/07/30 20:53:18 logger.go:87: 2026-07-30 20:53:18.635 | 200 |            0s |             ::1 | GET     | /api/health
[shibosi] 2026/07/30 20:53:19 logger.go:87: 2026-07-30 20:53:19.765 | 200 |      2.9993ms |             ::1 | GET     | /api/v1/admin/dashboard
[shibosi] 2026/07/30 20:53:29 logger.go:87: 2026-07-30 20:53:29.268 | 200 |      4.2522ms |             ::1 | GET     | /api/v1/admin/dashboard
[shibosi] 2026/07/30 20:53:33 logger.go:87: 2026-07-30 20:53:33.626 | 200 |            0s |             ::1 | GET     | /api/health
[shibosi] 2026/07/30 20:53:34 logger.go:87: 2026-07-30 20:53:34.814 | 502 |      1.0686ms |             ::1 | GET     | /api/v1/proxy/newspaper/api/admin/overview
[shibosi] 2026/07/30 20:53:46 logger.go:87: 2026-07-30 20:53:46.955 | 200 |      4.5897ms |             ::1 | GET     | /api/v1/admin/dashboard
[shibosi] 2026/07/30 20:53:48 logger.go:87: 2026-07-30 20:53:48.627 | 200 |            0s |             ::1 | GET     | /api/health
[shibosi] 2026/07/30 20:53:54 logger.go:87: 2026-07-30 20:53:54.001 | 404 |            0s |             ::1 | GET     | /api/v1/api/v1/admin/dashboard
[shibosi] 2026/07/30 20:54:03 logger.go:87: 2026-07-30 20:54:03.626 | 200 |            0s |             ::1 | GET     | /api/health
[shibosi] 2026/07/30 20:54:18 logger.go:87: 2026-07-30 20:54:18.626 | 200 |       110.5µs |             ::1 | GET     | /api/health
[shibosi] 2026/07/30 20:54:23 logger.go:87: 2026-07-30 20:54:23.385 | 404 |            0s |             ::1 | GET     | /api/v1/api/v1/admin/dashboard
[shibosi] 2026/07/30 20:54:32 logger.go:87: 2026-07-30 20:54:32.862 | 401 |            0s |             ::1 | GET     | /api/v1/admin/dashboard
[shibosi] 2026/07/30 20:54:33 logger.go:87: 2026-07-30 20:54:33.626 | 200 |            0s |             ::1 | GET     | /api/health
[shibosi] 2026/07/30 20:54:39 logger.go:87: 2026-07-30 20:54:39.913 | 200 |    459.7236ms |             ::1 | POST    | /api/v1/auth/login
[shibosi] 2026/07/30 20:54:48 logger.go:87: 2026-07-30 20:54:48.622 | 200 |            0s |             ::1 | GET     | /api/health
[shibosi] 2026/07/30 20:54:49 logger.go:87: 2026-07-30 20:54:49.624 | 304 |         999µs |             ::1 | GET     | /admin/
[shibosi] 2026/07/30 20:54:49 logger.go:87: 2026-07-30 20:54:49.638 | 304 |            0s |             ::1 | GET     | /admin/app.js
[shibosi] 2026/07/30 20:55:00 logger.go:55: [INFO] 定时任务: Redis黑名单同步
[shibosi] 2026/07/30 20:55:03 logger.go:87: 2026-07-30 20:55:03.631 | 200 |            0s |             ::1 | GET     | /api/health
[shibosi] 2026/07/30 20:55:04 logger.go:87: 2026-07-30 20:55:04.388 | 200 |    473.7969ms |             ::1 | POST    | /api/v1/auth/login
[shibosi] 2026/07/30 20:55:04 logger.go:87: 2026-07-30 20:55:04.400 | 304 |       622.5µs |             ::1 | GET     | /admin/
[shibosi] 2026/07/30 20:55:04 logger.go:87: 2026-07-30 20:55:04.430 | 200 |            0s |             ::1 | GET     | /api/v1/admin/modules
[shibosi] 2026/07/30 20:55:04 logger.go:87: 2026-07-30 20:55:04.462 | 200 |            0s |             ::1 | GET     | /api/v1/admin/services
[shibosi] 2026/07/30 20:55:18 logger.go:87: 2026-07-30 20:55:18.625 | 200 |            0s |             ::1 | GET     | /api/health
[shibosi] 2026/07/30 20:55:33 logger.go:87: 2026-07-30 20:55:33.626 | 200 |      1.4976ms |             ::1 | GET     | /api/health
[shibosi] 2026/07/30 20:55:40 logger.go:87: 2026-07-30 20:55:40.706 | 404 |            0s |             ::1 | GET     | /api/v1/api/v1/admin/dashboard
[shibosi] 2026/07/30 20:55:48 logger.go:87: 2026-07-30 20:55:48.629 | 200 |            0s |             ::1 | GET     | /api/health
[shibosi] 2026/07/30 20:56:03 logger.go:87: 2026-07-30 20:56:03.629 | 200 |            0s |             ::1 | GET     | /api/health
[shibosi] 2026/07/30 20:56:06 logger.go:87: 2026-07-30 20:56:06.599 | 404 |            0s |             ::1 | GET     | /api/v1/api/v1/admin/dashboard
[shibosi] 2026/07/30 20:56:13 logger.go:87: 2026-07-30 20:56:13.018 | 200 |      2.8882ms |             ::1 | GET     | /api/v1/admin/dashboard
[shibosi] 2026/07/30 20:56:18 logger.go:87: 2026-07-30 20:56:18.627 | 200 |            0s |             ::1 | GET     | /api/health
[shibosi] 2026/07/30 20:56:33 logger.go:87: 2026-07-30 20:56:33.641 | 200 |            0s |             ::1 | GET     | /api/health
[shibosi] 2026/07/30 20:56:35 logger.go:87: 2026-07-30 20:56:35.750 | 200 |      2.1741ms |             ::1 | GET     | /api/v1/admin/dashboard
[shibosi] 2026/07/30 20:56:48 logger.go:87: 2026-07-30 20:56:48.628 | 200 |            0s |             ::1 | GET     | /api/health
[shibosi] 2026/07/30 20:56:49 logger.go:87: 2026-07-30 20:56:49.952 | 404 |            0s |             ::1 | GET     | /api/v1/api/v1/admin/dashboard
[shibosi] 2026/07/30 20:57:03 logger.go:87: 2026-07-30 20:57:03.628 | 200 |            0s |             ::1 | GET     | /api/health
[shibosi] 2026/07/30 20:57:17 logger.go:87: 2026-07-30 20:57:17.826 | 304 |      1.0015ms |             ::1 | GET     | /admin/
[shibosi] 2026/07/30 20:57:17 logger.go:87: 2026-07-30 20:57:17.860 | 200 |      2.0009ms |             ::1 | GET     | /admin/app.js
[shibosi] 2026/07/30 20:57:17 logger.go:87: 2026-07-30 20:57:17.882 | 200 |            0s |             ::1 | GET     | /api/v1/admin/modules
[shibosi] 2026/07/30 20:57:17 logger.go:87: 2026-07-30 20:57:17.892 | 200 |            0s |             ::1 | GET     | /api/v1/admin/services
[shibosi] 2026/07/30 20:57:18 logger.go:87: 2026-07-30 20:57:18.627 | 200 |            0s |             ::1 | GET     | /api/health
[shibosi] 2026/07/30 20:57:33 logger.go:87: 2026-07-30 20:57:33.460 | 404 |            0s |             ::1 | GET     | /api/v1/api/v1/admin/dashboard
[shibosi] 2026/07/30 20:57:33 logger.go:87: 2026-07-30 20:57:33.627 | 200 |            0s |             ::1 | GET     | /api/health
[shibosi] 2026/07/30 20:57:48 logger.go:87: 2026-07-30 20:57:48.625 | 200 |            0s |             ::1 | GET     | /api/health
[shibosi] 2026/07/30 20:57:54 logger.go:87: 2026-07-30 20:57:54.745 | 404 |            0s |             ::1 | GET     | /api/v1/api/v1/admin/users
[shibosi] 2026/07/30 20:58:03 logger.go:87: 2026-07-30 20:58:03.628 | 200 |            0s |             ::1 | GET     | /api/health
[shibosi] 2026/07/30 20:58:17 logger.go:87: 2026-07-30 20:58:17.570 | 404 |            0s |             ::1 | GET     | /api/v1/api/v1/admin/audit-logs
[shibosi] 2026/07/30 20:58:18 logger.go:87: 2026-07-30 20:58:18.628 | 200 |            0s |             ::1 | GET     | /api/health
[shibosi] 2026/07/30 20:58:33 logger.go:87: 2026-07-30 20:58:33.629 | 200 |            0s |             ::1 | GET     | /api/health
[shibosi] 2026/07/30 20:58:37 logger.go:87: 2026-07-30 20:58:37.204 | 404 |            0s |             ::1 | GET     | /api/v1/api/v1/admin/configs
[shibosi] 2026/07/30 20:58:48 logger.go:87: 2026-07-30 20:58:48.624 | 200 |            0s |             ::1 | GET     | /api/health
[shibosi] 2026/07/30 20:59:03 logger.go:87: 2026-07-30 20:59:03.625 | 200 |            0s |             ::1 | GET     | /api/health
[shibosi] 2026/07/30 20:59:18 logger.go:87: 2026-07-30 20:59:18.621 | 200 |            0s |             ::1 | GET     | /api/health
[shibosi] 2026/07/30 20:59:33 logger.go:87: 2026-07-30 20:59:33.629 | 200 |            0s |             ::1 | GET     | /api/health
[shibosi] 2026/07/30 20:59:48 logger.go:87: 2026-07-30 20:59:48.621 | 200 |            0s |             ::1 | GET     | /api/health
[shibosi] 2026/07/30 21:00:00 logger.go:55: [INFO] 定时任务: Redis黑名单同步
[shibosi] 2026/07/30 21:00:03 logger.go:87: 2026-07-30 21:00:03.627 | 200 |            0s |             ::1 | GET     | /api/health
[shibosi] 2026/07/30 21:00:18 logger.go:87: 2026-07-30 21:00:18.627 | 200 |            0s |             ::1 | GET     | /api/health
[shibosi] 2026/07/30 21:00:33 logger.go:87: 2026-07-30 21:00:33.625 | 200 |            0s |             ::1 | GET     | /api/health
[shibosi] 2026/07/30 21:00:48 logger.go:87: 2026-07-30 21:00:48.626 | 200 |            0s |             ::1 | GET     | /api/health
[shibosi] 2026/07/30 21:01:03 logger.go:87: 2026-07-30 21:01:03.625 | 200 |        62.8µs |             ::1 | GET     | /api/health
[shibosi] 2026/07/30 21:01:18 logger.go:87: 2026-07-30 21:01:18.627 | 200 |            0s |             ::1 | GET     | /api/health
[shibosi] 2026/07/30 21:01:33 logger.go:87: 2026-07-30 21:01:33.625 | 200 |            0s |             ::1 | GET     | /api/health
[shibosi] 2026/07/30 21:01:48 logger.go:87: 2026-07-30 21:01:48.626 | 200 |            0s |             ::1 | GET     | /api/health
[shibosi] 2026/07/30 21:02:03 logger.go:87: 2026-07-30 21:02:03.626 | 200 |            0s |             ::1 | GET     | /api/health
[shibosi] 2026/07/30 21:02:18 logger.go:87: 2026-07-30 21:02:18.621 | 200 |        13.5µs |             ::1 | GET     | /api/health
[shibosi] 2026/07/30 21:02:33 logger.go:87: 2026-07-30 21:02:33.625 | 200 |            0s |             ::1 | GET     | /api/health
[shibosi] 2026/07/30 21:02:48 logger.go:87: 2026-07-30 21:02:48.622 | 200 |            0s |             ::1 | GET     | /api/health
[shibosi] 2026/07/30 21:03:03 logger.go:87: 2026-07-30 21:03:03.627 | 200 |            0s |             ::1 | GET     | /api/health
[shibosi] 2026/07/30 21:03:18 logger.go:87: 2026-07-30 21:03:18.627 | 200 |       239.3µs |             ::1 | GET     | /api/health
[shibosi] 2026/07/30 21:03:33 logger.go:87: 2026-07-30 21:03:33.628 | 200 |            0s |             ::1 | GET     | /api/health
[shibosi] 2026/07/30 21:03:48 logger.go:87: 2026-07-30 21:03:48.626 | 200 |            0s |             ::1 | GET     | /api/health
[shibosi] 2026/07/30 21:04:03 logger.go:87: 2026-07-30 21:04:03.626 | 200 |            0s |             ::1 | GET     | /api/health
[shibosi] 2026/07/30 21:04:18 logger.go:87: 2026-07-30 21:04:18.622 | 200 |         525µs |             ::1 | GET     | /api/health
[shibosi] 2026/07/30 21:04:33 logger.go:87: 2026-07-30 21:04:33.626 | 200 |            0s |             ::1 | GET     | /api/health
[shibosi] 2026/07/30 21:04:48 logger.go:87: 2026-07-30 21:04:48.626 | 200 |            0s |             ::1 | GET     | /api/health
[shibosi] 2026/07/30 21:05:00 logger.go:55: [INFO] 定时任务: Redis黑名单同步
[shibosi] 2026/07/30 21:05:03 logger.go:87: 2026-07-30 21:05:03.629 | 200 |            0s |             ::1 | GET     | /api/health
[shibosi] 2026/07/30 21:05:18 logger.go:87: 2026-07-30 21:05:18.621 | 200 |        15.1µs |             ::1 | GET     | /api/health
[shibosi] 2026/07/30 21:05:33 logger.go:87: 2026-07-30 21:05:33.621 | 200 |            0s |             ::1 | GET     | /api/health
[shibosi] 2026/07/30 21:05:48 logger.go:87: 2026-07-30 21:05:48.625 | 200 |            0s |             ::1 | GET     | /api/health
[shibosi] 2026/07/30 21:06:03 logger.go:87: 2026-07-30 21:06:03.627 | 200 |            0s |             ::1 | GET     | /api/health
[shibosi] 2026/07/30 21:06:18 logger.go:87: 2026-07-30 21:06:18.624 | 200 |       526.6µs |             ::1 | GET     | /api/health
[shibosi] 2026/07/30 21:06:33 logger.go:87: 2026-07-30 21:06:33.627 | 200 |            0s |             ::1 | GET     | /api/health
[shibosi] 2026/07/30 21:06:48 logger.go:87: 2026-07-30 21:06:48.628 | 200 |            0s |             ::1 | GET     | /api/health
[shibosi] 2026/07/30 21:07:03 logger.go:87: 2026-07-30 21:07:03.626 | 200 |            0s |             ::1 | GET     | /api/health
[shibosi] 2026/07/30 21:07:18 logger.go:87: 2026-07-30 21:07:18.628 | 200 |            0s |             ::1 | GET     | /api/health
[shibosi] 2026/07/30 21:07:33 logger.go:87: 2026-07-30 21:07:33.627 | 200 |            0s |             ::1 | GET     | /api/health
[shibosi] 2026/07/30 21:07:48 logger.go:87: 2026-07-30 21:07:48.621 | 200 |            0s |             ::1 | GET     | /api/health
[shibosi] 2026/07/30 21:08:03 logger.go:87: 2026-07-30 21:08:03.627 | 200 |            0s |             ::1 | GET     | /api/health
[shibosi] 2026/07/30 21:08:18 logger.go:87: 2026-07-30 21:08:18.621 | 200 |            0s |             ::1 | GET     | /api/health
[shibosi] 2026/07/30 21:08:33 logger.go:87: 2026-07-30 21:08:33.622 | 200 |            0s |             ::1 | GET     | /api/health
[shibosi] 2026/07/30 21:08:48 logger.go:87: 2026-07-30 21:08:48.840 | 200 |            0s |             ::1 | GET     | /api/health
[shibosi] 2026/07/30 21:09:03 logger.go:87: 2026-07-30 21:09:03.627 | 200 |            0s |             ::1 | GET     | /api/health
[shibosi] 2026/07/30 21:09:18 logger.go:87: 2026-07-30 21:09:18.626 | 200 |            0s |             ::1 | GET     | /api/health
[shibosi] 2026/07/30 21:09:33 logger.go:87: 2026-07-30 21:09:33.627 | 200 |            0s |             ::1 | GET     | /api/health
[shibosi] 2026/07/30 21:09:34 logger.go:87: 2026-07-30 21:09:34.381 | 200 |       1.728ms |             ::1 | GET     | /admin/
[shibosi] 2026/07/30 21:09:34 logger.go:87: 2026-07-30 21:09:34.436 | 200 |      1.8669ms |             ::1 | GET     | /admin/app.js
[shibosi] 2026/07/30 21:09:34 logger.go:87: 2026-07-30 21:09:34.475 | 404 |            0s |             ::1 | GET     | /favicon.ico
[shibosi] 2026/07/30 21:09:48 logger.go:87: 2026-07-30 21:09:48.633 | 200 |            0s |             ::1 | GET     | /api/health
[shibosi] 2026/07/30 21:10:00 logger.go:55: [INFO] 定时任务: Redis黑名单同步
[shibosi] 2026/07/30 21:10:03 logger.go:87: 2026-07-30 21:10:03.629 | 200 |            0s |             ::1 | GET     | /api/health
[shibosi] 2026/07/30 21:10:18 logger.go:87: 2026-07-30 21:10:18.634 | 200 |            0s |             ::1 | GET     | /api/health
[shibosi] 2026/07/30 21:10:33 logger.go:87: 2026-07-30 21:10:33.627 | 200 |            0s |             ::1 | GET     | /api/health
[shibosi] 2026/07/30 21:10:44 logger.go:87: 2026-07-30 21:10:44.484 | 404 |            0s |             ::1 | GET     | /api/v1/api/v1/proxy/newspaper/api/admin/overview
[shibosi] 2026/07/30 21:10:48 logger.go:87: 2026-07-30 21:10:48.627 | 200 |            0s |             ::1 | GET     | /api/health
[shibosi] 2026/07/30 21:11:03 logger.go:87: 2026-07-30 21:11:03.628 | 200 |            0s |             ::1 | GET     | /api/health
[shibosi] 2026/07/30 21:11:18 logger.go:87: 2026-07-30 21:11:18.627 | 200 |            0s |             ::1 | GET     | /api/health
[shibosi] 2026/07/30 21:11:25 logger.go:87: 2026-07-30 21:11:25.135 | 200 |    468.2386ms |             ::1 | POST    | /api/v1/auth/login
[shibosi] 2026/07/30 21:11:33 logger.go:87: 2026-07-30 21:11:33.626 | 200 |            0s |             ::1 | GET     | /api/health
[shibosi] 2026/07/30 21:11:48 logger.go:87: 2026-07-30 21:11:48.627 | 200 |            0s |             ::1 | GET     | /api/health
[shibosi] 2026/07/30 21:11:53 logger.go:87: 2026-07-30 21:11:53.113 | 200 |            0s |             ::1 | GET     | /api/health
[shibosi] 2026/07/30 21:11:57 logger.go:87: 2026-07-30 21:11:57.983 | 304 |      1.3194ms |             ::1 | GET     | /admin/
[shibosi] 2026/07/30 21:11:57 logger.go:87: 2026-07-30 21:11:57.996 | 304 |            0s |             ::1 | GET     | /admin/app.js
[shibosi] 2026/07/30 21:11:58 logger.go:87: 2026-07-30 21:11:58.015 | 200 |      3.0136ms |             ::1 | GET     | /api/v1/admin/modules
[shibosi] 2026/07/30 21:11:58 logger.go:87: 2026-07-30 21:11:58.044 | 200 |            0s |             ::1 | GET     | /api/v1/admin/services
[shibosi] 2026/07/30 21:12:02 logger.go:87: 2026-07-30 21:12:02.796 | 304 |       586.2µs |             ::1 | GET     | /admin/
[shibosi] 2026/07/30 21:12:03 logger.go:87: 2026-07-30 21:12:03.627 | 200 |            0s |             ::1 | GET     | /api/health
[shibosi] 2026/07/30 21:12:18 logger.go:87: 2026-07-30 21:12:18.627 | 200 |            0s |             ::1 | GET     | /api/health
[shibosi] 2026/07/30 21:12:33 logger.go:87: 2026-07-30 21:12:33.625 | 200 |            0s |             ::1 | GET     | /api/health
[shibosi] 2026/07/30 21:12:48 logger.go:87: 2026-07-30 21:12:48.623 | 200 |       527.2µs |             ::1 | GET     | /api/health
[shibosi] 2026/07/30 21:12:48 logger.go:87: 2026-07-30 21:12:48.871 | 200 |    445.8294ms |             ::1 | POST    | /api/v1/auth/login
[shibosi] 2026/07/30 21:12:48 logger.go:87: 2026-07-30 21:12:48.882 | 304 |      1.4589ms |             ::1 | GET     | /admin/
[shibosi] 2026/07/30 21:12:48 logger.go:87: 2026-07-30 21:12:48.909 | 200 |       1.001ms |             ::1 | GET     | /api/v1/admin/modules
[shibosi] 2026/07/30 21:12:48 logger.go:87: 2026-07-30 21:12:48.939 | 200 |            0s |             ::1 | GET     | /api/v1/admin/services
[shibosi] 2026/07/30 21:12:51 logger.go:87: 2026-07-30 21:12:51.422 | 304 |       999.9µs |             ::1 | GET     | /admin/
[shibosi] 2026/07/30 21:12:51 logger.go:87: 2026-07-30 21:12:51.459 | 304 |       803.2µs |             ::1 | GET     | /admin/app.js
[shibosi] 2026/07/30 21:13:03 logger.go:87: 2026-07-30 21:13:03.767 | 200 |            0s |             ::1 | GET     | /api/health
[shibosi] 2026/07/30 21:13:17 logger.go:87: 2026-07-30 21:13:17.170 | 404 |            0s |             ::1 | GET     | /api/v1/api/v1/admin/configs
[shibosi] 2026/07/30 21:13:18 logger.go:87: 2026-07-30 21:13:18.626 | 200 |            0s |             ::1 | GET     | /api/health
[shibosi] 2026/07/30 21:13:20 logger.go:87: 2026-07-30 21:13:20.723 | 404 |            0s |             ::1 | GET     | /api/v1/api/v1/admin/audit-logs
[shibosi] 2026/07/30 21:13:23 logger.go:87: 2026-07-30 21:13:23.675 | 404 |            0s |             ::1 | GET     | /api/v1/api/v1/admin/users
[shibosi] 2026/07/30 21:13:25 logger.go:87: 2026-07-30 21:13:25.780 | 404 |            0s |             ::1 | GET     | /api/v1/api/v1/admin/dashboard
[shibosi] 2026/07/30 21:13:31 logger.go:87: 2026-07-30 21:13:31.744 | 404 |            0s |             ::1 | GET     | /api/v1/api/v1/proxy/newspaper/api/admin/logs
[shibosi] 2026/07/30 21:13:33 logger.go:87: 2026-07-30 21:13:33.632 | 200 |       323.5µs |             ::1 | GET     | /api/health
[shibosi] 2026/07/30 21:13:33 logger.go:87: 2026-07-30 21:13:33.919 | 404 |            0s |             ::1 | GET     | /api/v1/api/v1/proxy/newspaper/api/admin/sources
[shibosi] 2026/07/30 21:13:36 logger.go:87: 2026-07-30 21:13:36.317 | 404 |            0s |             ::1 | GET     | /api/v1/api/v1/proxy/newspaper/api/admin/analysis
[shibosi] 2026/07/30 21:13:48 logger.go:87: 2026-07-30 21:13:48.629 | 200 |            0s |             ::1 | GET     | /api/health
[shibosi] 2026/07/30 21:14:03 logger.go:87: 2026-07-30 21:14:03.628 | 200 |            0s |             ::1 | GET     | /api/health
[shibosi] 2026/07/30 21:14:13 logger.go:87: 2026-07-30 21:14:13.693 | 304 |      1.0037ms |             ::1 | GET     | /admin/
[shibosi] 2026/07/30 21:14:14 logger.go:87: 2026-07-30 21:14:14.105 | 304 |       731.9µs |             ::1 | GET     | /admin/
[shibosi] 2026/07/30 21:14:14 logger.go:87: 2026-07-30 21:14:14.305 | 304 |        1.14ms |             ::1 | GET     | /admin/
[shibosi] 2026/07/30 21:14:14 logger.go:87: 2026-07-30 21:14:14.453 | 304 |      1.0017ms |             ::1 | GET     | /admin/
[shibosi] 2026/07/30 21:14:14 logger.go:87: 2026-07-30 21:14:14.618 | 304 |       538.5µs |             ::1 | GET     | /admin/
[shibosi] 2026/07/30 21:14:18 logger.go:87: 2026-07-30 21:14:18.625 | 200 |            0s |             ::1 | GET     | /api/health
[shibosi] 2026/07/30 21:14:28 logger.go:87: 2026-07-30 21:14:28.493 | 304 |       613.3µs |             ::1 | GET     | /admin/
[shibosi] 2026/07/30 21:14:28 logger.go:87: 2026-07-30 21:14:28.534 | 304 |       545.4µs |             ::1 | GET     | /admin/app.js
[shibosi] 2026/07/30 21:14:28 logger.go:87: 2026-07-30 21:14:28.744 | 304 |       532.8µs |             ::1 | GET     | /admin/
[shibosi] 2026/07/30 21:14:28 logger.go:87: 2026-07-30 21:14:28.920 | 304 |         577µs |             ::1 | GET     | /admin/
[shibosi] 2026/07/30 21:14:29 logger.go:87: 2026-07-30 21:14:29.063 | 304 |      1.0008ms |             ::1 | GET     | /admin/
[shibosi] 2026/07/30 21:14:29 logger.go:87: 2026-07-30 21:14:29.228 | 304 |       556.3µs |             ::1 | GET     | /admin/
[shibosi] 2026/07/30 21:14:33 logger.go:87: 2026-07-30 21:14:33.659 | 200 |            0s |             ::1 | GET     | /api/health
[shibosi] 2026/07/30 21:14:38 logger.go:87: 2026-07-30 21:14:38.286 | 404 |            0s |             ::1 | GET     | /api/v1/api/v1/proxy/newspaper/api/admin/overview
[shibosi] 2026/07/30 21:14:40 logger.go:87: 2026-07-30 21:14:40.883 | 200 |            0s |             ::1 | GET     | /api/v1/admin/services
[shibosi] 2026/07/30 21:14:48 logger.go:87: 2026-07-30 21:14:48.630 | 200 |            0s |             ::1 | GET     | /api/health
[shibosi] 2026/07/30 21:14:50 logger.go:87: 2026-07-30 21:14:50.146 | 404 |            0s |             ::1 | GET     | /api/v1/api/v1/proxy/newspaper/api/admin/overview
[shibosi] 2026/07/30 21:14:55 logger.go:87: 2026-07-30 21:14:55.631 | 200 |            0s |             ::1 | POST    | /api/v1/auth/logout
[shibosi] 2026/07/30 21:15:00 logger.go:55: [INFO] 定时任务: Redis黑名单同步
[shibosi] 2026/07/30 21:15:03 logger.go:87: 2026-07-30 21:15:03.628 | 200 |            0s |             ::1 | GET     | /api/health
[shibosi] 2026/07/30 21:15:18 logger.go:87: 2026-07-30 21:15:18.628 | 200 |            0s |             ::1 | GET     | /api/health
[shibosi] 2026/07/30 21:15:33 logger.go:87: 2026-07-30 21:15:33.630 | 200 |            0s |             ::1 | GET     | /api/health
[shibosi] 2026/07/30 21:15:43 logger.go:87: 2026-07-30 21:15:43.456 | 200 |            0s |             ::1 | GET     | /api/health
[shibosi] 2026/07/30 21:15:48 logger.go:87: 2026-07-30 21:15:48.625 | 200 |            0s |             ::1 | GET     | /api/health
[shibosi] 2026/07/30 21:16:03 logger.go:87: 2026-07-30 21:16:03.621 | 200 |            0s |             ::1 | GET     | /api/health
[shibosi] 2026/07/30 21:16:18 logger.go:87: 2026-07-30 21:16:18.631 | 200 |            0s |             ::1 | GET     | /api/health
[shibosi] 2026/07/30 21:16:21 logger.go:87: 2026-07-30 21:16:21.444 | 304 |      1.3095ms |             ::1 | GET     | /admin/
[shibosi] 2026/07/30 21:16:21 logger.go:87: 2026-07-30 21:16:21.550 | 304 |            0s |             ::1 | GET     | /admin/app.js
[shibosi] 2026/07/30 21:16:33 logger.go:87: 2026-07-30 21:16:33.814 | 200 |            0s |             ::1 | GET     | /api/health
[shibosi] 2026/07/30 21:16:48 logger.go:87: 2026-07-30 21:16:48.628 | 200 |            0s |             ::1 | GET     | /api/health
[shibosi] 2026/07/30 21:16:56 logger.go:87: 2026-07-30 21:16:56.921 | 200 |    437.2105ms |             ::1 | POST    | /api/v1/auth/login
[shibosi] 2026/07/30 21:16:56 logger.go:87: 2026-07-30 21:16:56.932 | 304 |       563.4µs |             ::1 | GET     | /admin/
[shibosi] 2026/07/30 21:16:56 logger.go:87: 2026-07-30 21:16:56.970 | 200 |            0s |             ::1 | GET     | /api/v1/admin/modules
[shibosi] 2026/07/30 21:16:56 logger.go:87: 2026-07-30 21:16:56.996 | 200 |            0s |             ::1 | GET     | /api/v1/admin/services
[shibosi] 2026/07/30 21:17:03 logger.go:87: 2026-07-30 21:17:03.625 | 200 |       541.3µs |             ::1 | GET     | /api/health
[shibosi] 2026/07/30 21:17:18 logger.go:87: 2026-07-30 21:17:18.626 | 200 |            0s |             ::1 | GET     | /api/health
[shibosi] 2026/07/30 21:17:33 logger.go:87: 2026-07-30 21:17:33.631 | 200 |        92.6µs |             ::1 | GET     | /api/health
[shibosi] 2026/07/30 21:17:48 logger.go:87: 2026-07-30 21:17:48.625 | 200 |            0s |             ::1 | GET     | /api/health
[shibosi] 2026/07/30 21:18:03 logger.go:87: 2026-07-30 21:18:03.624 | 200 |            0s |             ::1 | GET     | /api/health
[shibosi] 2026/07/30 21:18:18 logger.go:87: 2026-07-30 21:18:18.628 | 200 |          84µs |             ::1 | GET     | /api/health
[shibosi] 2026/07/30 21:18:33 logger.go:87: 2026-07-30 21:18:33.622 | 200 |            0s |             ::1 | GET     | /api/health
[shibosi] 2026/07/30 21:18:48 logger.go:87: 2026-07-30 21:18:48.629 | 200 |            0s |             ::1 | GET     | /api/health
[shibosi] 2026/07/30 21:19:03 logger.go:87: 2026-07-30 21:19:03.625 | 200 |            0s |             ::1 | GET     | /api/health
[shibosi] 2026/07/30 21:19:18 logger.go:87: 2026-07-30 21:19:18.628 | 200 |            0s |             ::1 | GET     | /api/health
[shibosi] 2026/07/30 21:19:33 logger.go:87: 2026-07-30 21:19:33.627 | 200 |            0s |             ::1 | GET     | /api/health
[shibosi] 2026/07/30 21:19:48 logger.go:87: 2026-07-30 21:19:48.626 | 200 |            0s |             ::1 | GET     | /api/health
[shibosi] 2026/07/30 21:20:00 logger.go:55: [INFO] 定时任务: Redis黑名单同步
[shibosi] 2026/07/30 21:20:03 logger.go:87: 2026-07-30 21:20:03.630 | 200 |            0s |             ::1 | GET     | /api/health
[shibosi] 2026/07/30 21:20:18 logger.go:87: 2026-07-30 21:20:18.622 | 200 |            0s |             ::1 | GET     | /api/health
[shibosi] 2026/07/30 21:20:33 logger.go:87: 2026-07-30 21:20:33.626 | 200 |            0s |             ::1 | GET     | /api/health
[shibosi] 2026/07/30 21:20:48 logger.go:87: 2026-07-30 21:20:48.626 | 200 |            0s |             ::1 | GET     | /api/health
[shibosi] 2026/07/30 21:21:03 logger.go:87: 2026-07-30 21:21:03.630 | 200 |            0s |             ::1 | GET     | /api/health
[shibosi] 2026/07/30 21:21:18 logger.go:87: 2026-07-30 21:21:18.636 | 200 |            0s |             ::1 | GET     | /api/health
[shibosi] 2026/07/30 21:21:33 logger.go:87: 2026-07-30 21:21:33.628 | 200 |            0s |             ::1 | GET     | /api/health
[shibosi] 2026/07/30 21:21:48 logger.go:87: 2026-07-30 21:21:48.628 | 200 |            0s |             ::1 | GET     | /api/health
[shibosi] 2026/07/30 21:22:03 logger.go:87: 2026-07-30 21:22:03.627 | 200 |            0s |             ::1 | GET     | /api/health
[shibosi] 2026/07/30 21:22:18 logger.go:87: 2026-07-30 21:22:18.625 | 200 |            0s |             ::1 | GET     | /api/health
[shibosi] 2026/07/30 21:22:33 logger.go:87: 2026-07-30 21:22:33.628 | 200 |            0s |             ::1 | GET     | /api/health
[shibosi] 2026/07/30 21:22:48 logger.go:87: 2026-07-30 21:22:48.627 | 200 |            0s |             ::1 | GET     | /api/health
[shibosi] 2026/07/30 21:23:03 logger.go:87: 2026-07-30 21:23:03.627 | 200 |            0s |             ::1 | GET     | /api/health
[shibosi] 2026/07/30 21:23:18 logger.go:87: 2026-07-30 21:23:18.621 | 200 |            0s |             ::1 | GET     | /api/health
[shibosi] 2026/07/30 21:23:33 logger.go:87: 2026-07-30 21:23:33.622 | 200 |            0s |             ::1 | GET     | /api/health
[shibosi] 2026/07/30 21:23:48 logger.go:87: 2026-07-30 21:23:48.627 | 200 |            0s |             ::1 | GET     | /api/health
[shibosi] 2026/07/30 21:24:03 logger.go:87: 2026-07-30 21:24:03.625 | 200 |       523.9µs |             ::1 | GET     | /api/health
[shibosi] 2026/07/30 21:24:18 logger.go:87: 2026-07-30 21:24:18.627 | 200 |       518.8µs |             ::1 | GET     | /api/health
[shibosi] 2026/07/30 21:24:33 logger.go:87: 2026-07-30 21:24:33.627 | 200 |            0s |             ::1 | GET     | /api/health
[shibosi] 2026/07/30 21:24:48 logger.go:87: 2026-07-30 21:24:48.622 | 200 |            0s |             ::1 | GET     | /api/health
[shibosi] 2026/07/30 21:25:00 logger.go:55: [INFO] 定时任务: Redis黑名单同步
[shibosi] 2026/07/30 21:25:03 logger.go:87: 2026-07-30 21:25:03.621 | 200 |            0s |             ::1 | GET     | /api/health
[shibosi] 2026/07/30 21:25:18 logger.go:87: 2026-07-30 21:25:18.622 | 200 |            0s |             ::1 | GET     | /api/health
[shibosi] 2026/07/30 21:25:33 logger.go:87: 2026-07-30 21:25:33.627 | 200 |       513.3µs |             ::1 | GET     | /api/health
[shibosi] 2026/07/30 21:25:48 logger.go:87: 2026-07-30 21:25:48.630 | 200 |            0s |             ::1 | GET     | /api/health
[shibosi] 2026/07/30 21:26:03 logger.go:87: 2026-07-30 21:26:03.623 | 200 |            0s |             ::1 | GET     | /api/health
[shibosi] 2026/07/30 21:26:18 logger.go:87: 2026-07-30 21:26:18.624 | 200 |            0s |             ::1 | GET     | /api/health
[shibosi] 2026/07/30 21:26:33 logger.go:87: 2026-07-30 21:26:33.626 | 200 |            0s |             ::1 | GET     | /api/health
[shibosi] 2026/07/30 21:26:48 logger.go:87: 2026-07-30 21:26:48.625 | 200 |            0s |             ::1 | GET     | /api/health
[shibosi] 2026/07/30 21:27:03 logger.go:87: 2026-07-30 21:27:03.621 | 200 |            0s |             ::1 | GET     | /api/health
[shibosi] 2026/07/30 21:27:18 logger.go:87: 2026-07-30 21:27:18.625 | 200 |            0s |             ::1 | GET     | /api/health
[shibosi] 2026/07/30 21:27:33 logger.go:87: 2026-07-30 21:27:33.628 | 200 |            0s |             ::1 | GET     | /api/health
[shibosi] 2026/07/30 21:27:48 logger.go:87: 2026-07-30 21:27:48.630 | 200 |            0s |             ::1 | GET     | /api/health
[shibosi] 2026/07/30 21:28:03 logger.go:87: 2026-07-30 21:28:03.626 | 200 |            0s |             ::1 | GET     | /api/health
[shibosi] 2026/07/30 21:28:18 logger.go:87: 2026-07-30 21:28:18.624 | 200 |            0s |             ::1 | GET     | /api/health
[shibosi] 2026/07/30 21:28:33 logger.go:87: 2026-07-30 21:28:33.625 | 200 |            0s |             ::1 | GET     | /api/health
[shibosi] 2026/07/30 21:28:48 logger.go:87: 2026-07-30 21:28:48.632 | 200 |            0s |             ::1 | GET     | /api/health
[shibosi] 2026/07/30 21:29:03 logger.go:87: 2026-07-30 21:29:03.621 | 200 |            0s |             ::1 | GET     | /api/health
[shibosi] 2026/07/30 21:29:18 logger.go:87: 2026-07-30 21:29:18.628 | 200 |            0s |             ::1 | GET     | /api/health
[shibosi] 2026/07/30 21:29:33 logger.go:87: 2026-07-30 21:29:33.629 | 200 |            0s |             ::1 | GET     | /api/health
[shibosi] 2026/07/30 21:29:48 logger.go:87: 2026-07-30 21:29:48.625 | 200 |            0s |             ::1 | GET     | /api/health
[shibosi] 2026/07/30 21:30:00 logger.go:55: [INFO] 定时任务: Redis黑名单同步
[shibosi] 2026/07/30 21:30:03 logger.go:87: 2026-07-30 21:30:03.622 | 200 |            0s |             ::1 | GET     | /api/health
[shibosi] 2026/07/30 21:30:18 logger.go:87: 2026-07-30 21:30:18.624 | 200 |            0s |             ::1 | GET     | /api/health
[shibosi] 2026/07/30 21:30:33 logger.go:87: 2026-07-30 21:30:33.626 | 200 |            0s |             ::1 | GET     | /api/health
[shibosi] 2026/07/30 21:30:48 logger.go:87: 2026-07-30 21:30:48.624 | 200 |            0s |             ::1 | GET     | /api/health
[shibosi] 2026/07/30 21:31:03 logger.go:87: 2026-07-30 21:31:03.627 | 200 |            0s |             ::1 | GET     | /api/health
[shibosi] 2026/07/30 21:31:18 logger.go:87: 2026-07-30 21:31:18.628 | 200 |            0s |             ::1 | GET     | /api/health
[shibosi] 2026/07/30 21:31:33 logger.go:87: 2026-07-30 21:31:33.625 | 200 |            0s |             ::1 | GET     | /api/health
[shibosi] 2026/07/30 21:31:48 logger.go:87: 2026-07-30 21:31:48.627 | 200 |            0s |             ::1 | GET     | /api/health
[shibosi] 2026/07/30 21:32:03 logger.go:87: 2026-07-30 21:32:03.626 | 200 |            0s |             ::1 | GET     | /api/health
[shibosi] 2026/07/30 21:32:18 logger.go:87: 2026-07-30 21:32:18.623 | 200 |            0s |             ::1 | GET     | /api/health
[shibosi] 2026/07/30 21:32:33 logger.go:87: 2026-07-30 21:32:33.627 | 200 |            0s |             ::1 | GET     | /api/health
[shibosi] 2026/07/30 21:32:48 logger.go:87: 2026-07-30 21:32:48.629 | 200 |            0s |             ::1 | GET     | /api/health
[shibosi] 2026/07/30 21:33:03 logger.go:87: 2026-07-30 21:33:03.626 | 200 |            0s |             ::1 | GET     | /api/health
[shibosi] 2026/07/30 21:33:18 logger.go:87: 2026-07-30 21:33:18.627 | 200 |            0s |             ::1 | GET     | /api/health
[shibosi] 2026/07/30 21:33:33 logger.go:87: 2026-07-30 21:33:33.622 | 200 |            0s |             ::1 | GET     | /api/health
[shibosi] 2026/07/30 21:33:48 logger.go:87: 2026-07-30 21:33:48.628 | 200 |            0s |             ::1 | GET     | /api/health
[shibosi] 2026/07/30 21:34:03 logger.go:87: 2026-07-30 21:34:03.622 | 200 |            0s |             ::1 | GET     | /api/health
[shibosi] 2026/07/30 21:34:18 logger.go:87: 2026-07-30 21:34:18.624 | 200 |            0s |             ::1 | GET     | /api/health
[shibosi] 2026/07/30 21:34:33 logger.go:87: 2026-07-30 21:34:33.627 | 200 |            0s |             ::1 | GET     | /api/health
[shibosi] 2026/07/30 21:34:48 logger.go:87: 2026-07-30 21:34:48.804 | 200 |            0s |             ::1 | GET     | /api/health
[shibosi] 2026/07/30 21:35:00 logger.go:55: [INFO] 定时任务: Redis黑名单同步
[shibosi] 2026/07/30 21:35:03 logger.go:87: 2026-07-30 21:35:03.624 | 200 |            0s |             ::1 | GET     | /api/health
[shibosi] 2026/07/30 21:35:18 logger.go:87: 2026-07-30 21:35:18.624 | 200 |            0s |             ::1 | GET     | /api/health
[shibosi] 2026/07/30 21:35:33 logger.go:87: 2026-07-30 21:35:33.625 | 200 |            0s |             ::1 | GET     | /api/health
[shibosi] 2026/07/30 21:35:48 logger.go:87: 2026-07-30 21:35:48.626 | 200 |            0s |             ::1 | GET     | /api/health
[shibosi] 2026/07/30 21:36:03 logger.go:87: 2026-07-30 21:36:03.622 | 200 |            0s |             ::1 | GET     | /api/health
[shibosi] 2026/07/30 21:36:18 logger.go:87: 2026-07-30 21:36:18.626 | 200 |       544.5µs |             ::1 | GET     | /api/health
[shibosi] 2026/07/30 21:36:33 logger.go:87: 2026-07-30 21:36:33.625 | 200 |            0s |             ::1 | GET     | /api/health
[shibosi] 2026/07/30 21:36:48 logger.go:87: 2026-07-30 21:36:48.625 | 200 |            0s |             ::1 | GET     | /api/health
[shibosi] 2026/07/30 21:37:03 logger.go:87: 2026-07-30 21:37:03.626 | 200 |        20.1µs |             ::1 | GET     | /api/health
[shibosi] 2026/07/30 21:37:18 logger.go:87: 2026-07-30 21:37:18.627 | 200 |            0s |             ::1 | GET     | /api/health
[shibosi] 2026/07/30 21:37:33 logger.go:87: 2026-07-30 21:37:33.625 | 200 |            0s |             ::1 | GET     | /api/health
[shibosi] 2026/07/30 21:37:48 logger.go:87: 2026-07-30 21:37:48.627 | 200 |            0s |             ::1 | GET     | /api/health
[shibosi] 2026/07/30 21:38:03 logger.go:87: 2026-07-30 21:38:03.627 | 200 |        22.7µs |             ::1 | GET     | /api/health
[shibosi] 2026/07/30 21:38:18 logger.go:87: 2026-07-30 21:38:18.626 | 200 |            0s |             ::1 | GET     | /api/health
[shibosi] 2026/07/30 21:38:33 logger.go:87: 2026-07-30 21:38:33.625 | 200 |            0s |             ::1 | GET     | /api/health
[shibosi] 2026/07/30 21:38:48 logger.go:87: 2026-07-30 21:38:48.628 | 200 |            0s |             ::1 | GET     | /api/health
[shibosi] 2026/07/30 21:38:56 logger.go:87: 2026-07-30 21:38:56.999 | 200 |       527.8µs |             ::1 | POST    | /api/v1/auth/logout
[shibosi] 2026/07/30 21:39:03 logger.go:87: 2026-07-30 21:39:03.626 | 200 |            0s |             ::1 | GET     | /api/health
[shibosi] 2026/07/30 21:39:18 logger.go:87: 2026-07-30 21:39:18.629 | 200 |            0s |             ::1 | GET     | /api/health
[shibosi] 2026/07/30 21:39:33 logger.go:87: 2026-07-30 21:39:33.633 | 200 |            0s |             ::1 | GET     | /api/health
[shibosi] 2026/07/30 21:39:48 logger.go:87: 2026-07-30 21:39:48.623 | 200 |            0s |             ::1 | GET     | /api/health
[shibosi] 2026/07/30 21:40:00 logger.go:55: [INFO] 定时任务: Redis黑名单同步
[shibosi] 2026/07/30 21:40:03 logger.go:87: 2026-07-30 21:40:03.626 | 200 |            0s |             ::1 | GET     | /api/health
[shibosi] 2026/07/30 21:40:18 logger.go:87: 2026-07-30 21:40:18.627 | 200 |            0s |             ::1 | GET     | /api/health
[shibosi] 2026/07/30 21:40:24 logger.go:87: 2026-07-30 21:40:24.032 | 200 |    477.5587ms |             ::1 | POST    | /api/v1/auth/register
[shibosi] 2026/07/30 21:40:33 logger.go:87: 2026-07-30 21:40:33.622 | 200 |            0s |             ::1 | GET     | /api/health
[shibosi] 2026/07/30 21:40:39 logger.go:87: 2026-07-30 21:40:39.096 | 200 |    399.9548ms |             ::1 | POST    | /api/v1/auth/login
[shibosi] 2026/07/30 21:40:48 logger.go:87: 2026-07-30 21:40:48.622 | 200 |            0s |             ::1 | GET     | /api/health
[shibosi] 2026/07/30 21:41:03 logger.go:87: 2026-07-30 21:41:03.622 | 200 |       534.3µs |             ::1 | GET     | /api/health
[shibosi] 2026/07/30 21:41:18 logger.go:87: 2026-07-30 21:41:18.628 | 200 |            0s |             ::1 | GET     | /api/health
[shibosi] 2026/07/30 21:41:30 logger.go:87: 2026-07-30 21:41:30.978 | 200 |    467.8091ms |             ::1 | POST    | /api/v1/auth/login
[shibosi] 2026/07/30 21:41:33 logger.go:87: 2026-07-30 21:41:33.627 | 200 |            0s |             ::1 | GET     | /api/health
[shibosi] 2026/07/30 21:41:48 logger.go:87: 2026-07-30 21:41:48.627 | 200 |            0s |             ::1 | GET     | /api/health
[shibosi] 2026/07/30 21:42:03 logger.go:87: 2026-07-30 21:42:03.811 | 200 |            0s |             ::1 | GET     | /api/health
[shibosi] 2026/07/30 21:42:18 logger.go:87: 2026-07-30 21:42:18.622 | 200 |       537.5µs |             ::1 | GET     | /api/health
[shibosi] 2026/07/30 21:42:33 logger.go:87: 2026-07-30 21:42:33.628 | 200 |            0s |             ::1 | GET     | /api/health
[shibosi] 2026/07/30 21:42:48 logger.go:87: 2026-07-30 21:42:48.627 | 200 |            0s |             ::1 | GET     | /api/health
[shibosi] 2026/07/30 21:43:03 logger.go:87: 2026-07-30 21:43:03.625 | 200 |            0s |             ::1 | GET     | /api/health
[shibosi] 2026/07/30 21:43:18 logger.go:87: 2026-07-30 21:43:18.626 | 200 |            0s |             ::1 | GET     | /api/health
[shibosi] 2026/07/30 21:43:33 logger.go:87: 2026-07-30 21:43:33.674 | 200 |            0s |             ::1 | GET     | /api/health
[shibosi] 2026/07/30 21:43:48 logger.go:87: 2026-07-30 21:43:48.627 | 200 |            0s |             ::1 | GET     | /api/health
[shibosi] 2026/07/30 21:44:03 logger.go:87: 2026-07-30 21:44:03.630 | 200 |            0s |             ::1 | GET     | /api/health
[shibosi] 2026/07/30 21:44:18 logger.go:87: 2026-07-30 21:44:18.626 | 200 |            0s |             ::1 | GET     | /api/health
[shibosi] 2026/07/30 21:44:33 logger.go:87: 2026-07-30 21:44:33.625 | 200 |            0s |             ::1 | GET     | /api/health
[shibosi] 2026/07/30 21:44:48 logger.go:87: 2026-07-30 21:44:48.627 | 200 |            0s |             ::1 | GET     | /api/health
[shibosi] 2026/07/30 21:45:00 logger.go:55: [INFO] 定时任务: Redis黑名单同步
[shibosi] 2026/07/30 21:45:03 logger.go:87: 2026-07-30 21:45:03.629 | 200 |            0s |             ::1 | GET     | /api/health
[shibosi] 2026/07/30 21:45:18 logger.go:87: 2026-07-30 21:45:18.626 | 200 |            0s |             ::1 | GET     | /api/health
[shibosi] 2026/07/30 21:45:33 logger.go:87: 2026-07-30 21:45:33.622 | 200 |            0s |             ::1 | GET     | /api/health
[shibosi] 2026/07/30 21:45:48 logger.go:87: 2026-07-30 21:45:48.622 | 200 |      1.9703ms |             ::1 | GET     | /api/health
[shibosi] 2026/07/30 21:46:03 logger.go:87: 2026-07-30 21:46:03.626 | 200 |            0s |             ::1 | GET     | /api/health
[shibosi] 2026/07/30 21:46:18 logger.go:87: 2026-07-30 21:46:18.627 | 200 |            0s |             ::1 | GET     | /api/health
[shibosi] 2026/07/30 21:46:21 logger.go:87: 2026-07-30 21:46:21.891 | 200 |      1.0011ms |             ::1 | GET     | /admin/
[shibosi] 2026/07/30 21:46:21 logger.go:87: 2026-07-30 21:46:21.909 | 200 |      1.2485ms |             ::1 | GET     | /admin/app.js?v=20260730
[shibosi] 2026/07/30 21:46:22 logger.go:87: 2026-07-30 21:46:22.243 | 200 |       995.6µs |             ::1 | GET     | /admin/
[shibosi] 2026/07/30 21:46:22 logger.go:87: 2026-07-30 21:46:22.295 | 200 |      1.0002ms |             ::1 | GET     | /admin/app.js?v=20260730
[shibosi] 2026/07/30 21:46:33 logger.go:87: 2026-07-30 21:46:33.628 | 200 |            0s |             ::1 | GET     | /api/health
[shibosi] 2026/07/30 21:46:48 logger.go:87: 2026-07-30 21:46:48.625 | 200 |            0s |             ::1 | GET     | /api/health
[shibosi] 2026/07/30 21:47:03 logger.go:87: 2026-07-30 21:47:03.621 | 200 |            0s |             ::1 | GET     | /api/health
[shibosi] 2026/07/30 21:47:18 logger.go:87: 2026-07-30 21:47:18.628 | 200 |            0s |             ::1 | GET     | /api/health
[shibosi] 2026/07/30 21:47:33 logger.go:87: 2026-07-30 21:47:33.623 | 200 |            0s |             ::1 | GET     | /api/health
[shibosi] 2026/07/30 21:47:48 logger.go:87: 2026-07-30 21:47:48.627 | 200 |            0s |             ::1 | GET     | /api/health
[shibosi] 2026/07/30 21:48:03 logger.go:87: 2026-07-30 21:48:03.626 | 200 |            0s |             ::1 | GET     | /api/health
[shibosi] 2026/07/30 21:48:18 logger.go:87: 2026-07-30 21:48:18.630 | 200 |            0s |             ::1 | GET     | /api/health
[shibosi] 2026/07/30 21:48:33 logger.go:87: 2026-07-30 21:48:33.628 | 200 |            0s |             ::1 | GET     | /api/health
[shibosi] 2026/07/30 21:48:48 logger.go:87: 2026-07-30 21:48:48.631 | 200 |            0s |             ::1 | GET     | /api/health
[shibosi] 2026/07/30 21:49:03 logger.go:87: 2026-07-30 21:49:03.625 | 200 |            0s |             ::1 | GET     | /api/health
[shibosi] 2026/07/30 21:49:18 logger.go:87: 2026-07-30 21:49:18.627 | 200 |            0s |             ::1 | GET     | /api/health
[shibosi] 2026/07/30 21:49:33 logger.go:87: 2026-07-30 21:49:33.630 | 200 |            0s |             ::1 | GET     | /api/health
[shibosi] 2026/07/30 21:49:48 logger.go:87: 2026-07-30 21:49:48.640 | 200 |            0s |             ::1 | GET     | /api/health
[shibosi] 2026/07/30 21:50:00 logger.go:55: [INFO] 定时任务: Redis黑名单同步
[shibosi] 2026/07/30 21:50:00 logger.go:87: 2026-07-30 21:50:00.278 | 200 |    461.3552ms |             ::1 | POST    | /api/v1/auth/login
[shibosi] 2026/07/30 21:50:03 logger.go:87: 2026-07-30 21:50:03.632 | 200 |            0s |             ::1 | GET     | /api/health
[shibosi] 2026/07/30 21:50:05 logger.go:87: 2026-07-30 21:50:05.041 | 200 |      2.1795ms |             ::1 | GET     | /admin/
[shibosi] 2026/07/30 21:50:05 logger.go:87: 2026-07-30 21:50:05.073 | 200 |       525.5µs |             ::1 | GET     | /admin/app.js?v=20260730b
[shibosi] 2026/07/30 21:50:18 logger.go:87: 2026-07-30 21:50:18.627 | 200 |            0s |             ::1 | GET     | /api/health
[shibosi] 2026/07/30 21:50:22 logger.go:87: 2026-07-30 21:50:22.136 | 200 |    674.7185ms |             ::1 | POST    | /api/v1/auth/login
[shibosi] 2026/07/30 21:50:22 logger.go:87: 2026-07-30 21:50:22.149 | 304 |      1.0064ms |             ::1 | GET     | /admin/
[shibosi] 2026/07/30 21:50:22 logger.go:87: 2026-07-30 21:50:22.166 | 304 |       771.5µs |             ::1 | GET     | /admin/app.js?v=20260730b
[shibosi] 2026/07/30 21:50:22 logger.go:87: 2026-07-30 21:50:22.192 | 200 |            0s |             ::1 | GET     | /api/v1/admin/modules
[shibosi] 2026/07/30 21:50:22 logger.go:87: 2026-07-30 21:50:22.207 | 200 |            0s |             ::1 | GET     | /api/v1/admin/services
[shibosi] 2026/07/30 21:50:33 logger.go:87: 2026-07-30 21:50:33.635 | 200 |            0s |             ::1 | GET     | /api/health
[shibosi] 2026/07/30 21:50:48 logger.go:87: 2026-07-30 21:50:48.636 | 200 |            0s |             ::1 | GET     | /api/health
[shibosi] 2026/07/30 21:51:03 logger.go:87: 2026-07-30 21:51:03.626 | 200 |       145.1µs |             ::1 | GET     | /api/health
[shibosi] 2026/07/30 21:51:18 logger.go:87: 2026-07-30 21:51:18.627 | 200 |            0s |             ::1 | GET     | /api/health
[shibosi] 2026/07/30 21:51:33 logger.go:87: 2026-07-30 21:51:33.621 | 200 |            0s |             ::1 | GET     | /api/health
[shibosi] 2026/07/30 21:51:48 logger.go:87: 2026-07-30 21:51:48.625 | 200 |       522.9µs |             ::1 | GET     | /api/health
[shibosi] 2026/07/30 21:52:03 logger.go:87: 2026-07-30 21:52:03.624 | 200 |            0s |             ::1 | GET     | /api/health
[shibosi] 2026/07/30 21:52:18 logger.go:87: 2026-07-30 21:52:18.624 | 200 |            0s |             ::1 | GET     | /api/health
[shibosi] 2026/07/30 21:52:33 logger.go:87: 2026-07-30 21:52:33.624 | 200 |            0s |             ::1 | GET     | /api/health
[shibosi] 2026/07/30 21:52:48 logger.go:87: 2026-07-30 21:52:48.838 | 200 |            0s |             ::1 | GET     | /api/health
[shibosi] 2026/07/30 21:53:03 logger.go:87: 2026-07-30 21:53:03.627 | 200 |            0s |             ::1 | GET     | /api/health
[shibosi] 2026/07/30 21:53:18 logger.go:87: 2026-07-30 21:53:18.627 | 200 |            0s |             ::1 | GET     | /api/health
[shibosi] 2026/07/30 21:53:33 logger.go:87: 2026-07-30 21:53:33.624 | 200 |            0s |             ::1 | GET     | /api/health
[shibosi] 2026/07/30 21:53:48 logger.go:87: 2026-07-30 21:53:48.622 | 200 |            0s |             ::1 | GET     | /api/health
[shibosi] 2026/07/30 21:54:03 logger.go:87: 2026-07-30 21:54:03.624 | 200 |            0s |             ::1 | GET     | /api/health
[shibosi] 2026/07/30 21:54:18 logger.go:87: 2026-07-30 21:54:18.629 | 200 |            0s |             ::1 | GET     | /api/health
[shibosi] 2026/07/30 21:54:33 logger.go:87: 2026-07-30 21:54:33.627 | 200 |            0s |             ::1 | GET     | /api/health
[shibosi] 2026/07/30 21:54:48 logger.go:87: 2026-07-30 21:54:48.624 | 200 |            0s |             ::1 | GET     | /api/health
[shibosi] 2026/07/30 21:55:00 logger.go:55: [INFO] 定时任务: Redis黑名单同步
[shibosi] 2026/07/30 21:55:03 logger.go:87: 2026-07-30 21:55:03.625 | 200 |            0s |             ::1 | GET     | /api/health
[shibosi] 2026/07/30 21:55:18 logger.go:87: 2026-07-30 21:55:18.622 | 200 |       521.1µs |             ::1 | GET     | /api/health
[shibosi] 2026/07/30 21:55:33 logger.go:87: 2026-07-30 21:55:33.625 | 200 |       519.4µs |             ::1 | GET     | /api/health
[shibosi] 2026/07/30 21:55:48 logger.go:87: 2026-07-30 21:55:48.627 | 200 |            0s |             ::1 | GET     | /api/health
[shibosi] 2026/07/30 21:56:03 logger.go:87: 2026-07-30 21:56:03.625 | 200 |            0s |             ::1 | GET     | /api/health
[shibosi] 2026/07/30 21:56:18 logger.go:87: 2026-07-30 21:56:18.622 | 200 |            0s |             ::1 | GET     | /api/health
[shibosi] 2026/07/30 21:56:33 logger.go:87: 2026-07-30 21:56:33.625 | 200 |            0s |             ::1 | GET     | /api/health
[shibosi] 2026/07/30 21:56:48 logger.go:87: 2026-07-30 21:56:48.628 | 200 |            0s |             ::1 | GET     | /api/health
[shibosi] 2026/07/30 21:57:03 logger.go:87: 2026-07-30 21:57:03.630 | 200 |            0s |             ::1 | GET     | /api/health
[shibosi] 2026/07/30 21:57:04 logger.go:87: 2026-07-30 21:57:04.529 | 200 |         763µs |             ::1 | GET     | /api/v1/admin/services
[shibosi] 2026/07/30 21:57:05 logger.go:87: 2026-07-30 21:57:05.118 | 200 |       571.1µs |             ::1 | GET     | /admin/
[shibosi] 2026/07/30 21:57:05 logger.go:87: 2026-07-30 21:57:05.135 | 200 |      3.6232ms |             ::1 | GET     | /admin/app.js?v=20260730b
[shibosi] 2026/07/30 21:57:05 logger.go:87: 2026-07-30 21:57:05.154 | 200 |       997.1µs |             ::1 | GET     | /api/v1/admin/modules
[shibosi] 2026/07/30 21:57:05 logger.go:87: 2026-07-30 21:57:05.175 | 200 |      1.0278ms |             ::1 | GET     | /api/v1/admin/services
[shibosi] 2026/07/30 21:57:06 logger.go:87: 2026-07-30 21:57:06.058 | 200 |            0s |             ::1 | GET     | /api/v1/admin/services
[shibosi] 2026/07/30 21:57:07 logger.go:87: 2026-07-30 21:57:07.822 | 200 |            0s |             ::1 | POST    | /api/v1/auth/logout
[shibosi] 2026/07/30 21:57:12 logger.go:87: 2026-07-30 21:57:12.683 | 200 |    451.5835ms |             ::1 | POST    | /api/v1/auth/login
[shibosi] 2026/07/30 21:57:12 logger.go:87: 2026-07-30 21:57:12.693 | 304 |      1.0051ms |             ::1 | GET     | /admin/
[shibosi] 2026/07/30 21:57:12 logger.go:87: 2026-07-30 21:57:12.729 | 200 |            0s |             ::1 | GET     | /api/v1/admin/modules
[shibosi] 2026/07/30 21:57:12 logger.go:87: 2026-07-30 21:57:12.762 | 200 |            0s |             ::1 | GET     | /api/v1/admin/services
[shibosi] 2026/07/30 21:57:18 logger.go:87: 2026-07-30 21:57:18.629 | 200 |            0s |             ::1 | GET     | /api/health
[shibosi] 2026/07/30 21:57:22 logger.go:87: 2026-07-30 21:57:22.183 | 200 |            0s |             ::1 | GET     | /api/v1/admin/services
[shibosi] 2026/07/30 21:57:33 logger.go:87: 2026-07-30 21:57:33.632 | 200 |            0s |             ::1 | GET     | /api/health
[shibosi] 2026/07/30 21:57:48 logger.go:87: 2026-07-30 21:57:48.626 | 200 |            0s |             ::1 | GET     | /api/health
[shibosi] 2026/07/30 21:57:58 logger.go:87: 2026-07-30 21:57:58.404 | 404 |            0s |             ::1 | GET     | /api/v1/api/v1/proxy/newspaper/api/admin/overview
[shibosi] 2026/07/30 21:58:01 logger.go:87: 2026-07-30 21:58:01.421 | 404 |            0s |             ::1 | GET     | /api/v1/api/v1/proxy/newspaper/api/admin/analysis
[shibosi] 2026/07/30 21:58:01 logger.go:87: 2026-07-30 21:58:01.858 | 404 |            0s |             ::1 | POST    | /api/v1/api/v1/proxy/newspaper/api/admin/analysis
[shibosi] 2026/07/30 21:58:03 logger.go:87: 2026-07-30 21:58:03.630 | 200 |            0s |             ::1 | GET     | /api/health
[shibosi] 2026/07/30 21:58:05 logger.go:87: 2026-07-30 21:58:05.562 | 404 |            0s |             ::1 | GET     | /api/v1/api/v1/proxy/newspaper/api/admin/sources
[shibosi] 2026/07/30 21:58:06 logger.go:87: 2026-07-30 21:58:06.428 | 404 |            0s |             ::1 | POST    | /api/v1/api/v1/proxy/newspaper/api/admin/fetch
[shibosi] 2026/07/30 21:58:12 logger.go:87: 2026-07-30 21:58:12.181 | 404 |            0s |             ::1 | GET     | /api/v1/api/v1/proxy/newspaper/api/admin/logs
[shibosi] 2026/07/30 21:58:16 logger.go:87: 2026-07-30 21:58:16.530 | 404 |            0s |             ::1 | GET     | /api/v1/api/v1/admin/dashboard
[shibosi] 2026/07/30 21:58:18 logger.go:87: 2026-07-30 21:58:18.484 | 200 |            0s |             ::1 | GET     | /api/v1/admin/services
[shibosi] 2026/07/30 21:58:18 logger.go:87: 2026-07-30 21:58:18.628 | 200 |            0s |             ::1 | GET     | /api/health
[shibosi] 2026/07/30 21:58:33 logger.go:87: 2026-07-30 21:58:33.632 | 200 |            0s |             ::1 | GET     | /api/health
[shibosi] 2026/07/30 21:58:34 logger.go:87: 2026-07-30 21:58:34.408 | 404 |            0s |             ::1 | GET     | /api/v1/api/v1/admin/configs
[shibosi] 2026/07/30 21:58:38 logger.go:87: 2026-07-30 21:58:38.529 | 404 |            0s |             ::1 | GET     | /api/v1/api/v1/admin/configs
[shibosi] 2026/07/30 21:58:48 logger.go:87: 2026-07-30 21:58:48.631 | 200 |            0s |             ::1 | GET     | /api/health
[shibosi] 2026/07/30 21:59:03 logger.go:87: 2026-07-30 21:59:03.622 | 200 |            0s |             ::1 | GET     | /api/health
[shibosi] 2026/07/30 21:59:18 logger.go:87: 2026-07-30 21:59:18.628 | 200 |            0s |             ::1 | GET     | /api/health
[shibosi] 2026/07/30 21:59:33 logger.go:87: 2026-07-30 21:59:33.632 | 200 |            0s |             ::1 | GET     | /api/health
[shibosi] 2026/07/30 21:59:48 logger.go:87: 2026-07-30 21:59:48.629 | 200 |            0s |             ::1 | GET     | /api/health
[shibosi] 2026/07/30 22:00:00 logger.go:55: [INFO] 定时任务: Redis黑名单同步
[shibosi] 2026/07/30 22:00:03 logger.go:87: 2026-07-30 22:00:03.625 | 200 |            0s |             ::1 | GET     | /api/health
[shibosi] 2026/07/30 22:00:18 logger.go:87: 2026-07-30 22:00:18.630 | 200 |            0s |             ::1 | GET     | /api/health
[shibosi] 2026/07/30 22:00:33 logger.go:87: 2026-07-30 22:00:33.627 | 200 |            0s |             ::1 | GET     | /api/health
[shibosi] 2026/07/30 22:00:48 logger.go:87: 2026-07-30 22:00:48.624 | 200 |            0s |             ::1 | GET     | /api/health
[shibosi] 2026/07/30 22:01:03 logger.go:87: 2026-07-30 22:01:03.624 | 200 |       522.8µs |             ::1 | GET     | /api/health
[shibosi] 2026/07/30 22:01:18 logger.go:87: 2026-07-30 22:01:18.624 | 200 |       513.4µs |             ::1 | GET     | /api/health
[shibosi] 2026/07/30 22:01:33 logger.go:87: 2026-07-30 22:01:33.627 | 200 |        36.7µs |             ::1 | GET     | /api/health
[shibosi] 2026/07/30 22:01:48 logger.go:87: 2026-07-30 22:01:48.623 | 200 |            0s |             ::1 | GET     | /api/health
[shibosi] 2026/07/30 22:02:03 logger.go:87: 2026-07-30 22:02:03.628 | 200 |            0s |             ::1 | GET     | /api/health
[shibosi] 2026/07/30 22:02:18 logger.go:87: 2026-07-30 22:02:18.630 | 200 |            0s |             ::1 | GET     | /api/health
[shibosi] 2026/07/30 22:02:33 logger.go:87: 2026-07-30 22:02:33.626 | 200 |       523.9µs |             ::1 | GET     | /api/health
[shibosi] 2026/07/30 22:02:48 logger.go:87: 2026-07-30 22:02:48.628 | 200 |            0s |             ::1 | GET     | /api/health
[shibosi] 2026/07/30 22:03:03 logger.go:87: 2026-07-30 22:03:03.627 | 200 |            0s |             ::1 | GET     | /api/health
[shibosi] 2026/07/30 22:03:18 logger.go:87: 2026-07-30 22:03:18.626 | 200 |            0s |             ::1 | GET     | /api/health
[shibosi] 2026/07/30 22:03:33 logger.go:87: 2026-07-30 22:03:33.626 | 200 |            0s |             ::1 | GET     | /api/health
[shibosi] 2026/07/30 22:03:48 logger.go:87: 2026-07-30 22:03:48.627 | 200 |            0s |             ::1 | GET     | /api/health
[shibosi] 2026/07/30 22:04:03 logger.go:87: 2026-07-30 22:04:03.628 | 200 |            0s |             ::1 | GET     | /api/health
[shibosi] 2026/07/30 22:04:18 logger.go:55: [INFO] 定时任务已注册
[shibosi] 2026/07/30 22:04:18 logger.go:55: [INFO] ========================================
[shibosi] 2026/07/30 22:04:18 logger.go:55: [INFO]   市舶司 - 统一管理后台 v2.0
[shibosi] 2026/07/30 22:04:18 logger.go:55: [INFO] ========================================
[shibosi] 2026/07/30 22:04:18 logger.go:55: [INFO] 监听地址: http://localhost:8084
[shibosi] 2026/07/30 22:04:18 logger.go:55: [INFO] 管理面板: http://localhost:8084/admin
[shibosi] 2026/07/30 22:04:18 logger.go:55: [INFO] API文档:  http://localhost:8084/api/v1
[shibosi] 2026/07/30 22:04:18 logger.go:55: [INFO] ========================================
[shibosi] 2026/07/30 22:04:33 logger.go:87: 2026-07-30 22:04:33.419 | 200 |            0s |             ::1 | GET     | /api/health
[shibosi] 2026/07/30 22:04:34 logger.go:87: 2026-07-30 22:04:34.185 | 200 |    478.2965ms |             ::1 | POST    | /api/v1/auth/login
[shibosi] 2026/07/30 22:04:34 logger.go:87: 2026-07-30 22:04:34.193 | 200 |            0s |             ::1 | GET     | /api/v1/admin/bots/stats
[shibosi] 2026/07/30 22:04:34 logger.go:87: 2026-07-30 22:04:34.670 | 200 |     471.492ms |             ::1 | POST    | /api/v1/auth/login
[shibosi] 2026/07/30 22:04:34 logger.go:87: 2026-07-30 22:04:34.677 | 200 |       549.1µs |             ::1 | POST    | /api/v1/admin/bots/auto-config
[shibosi] 2026/07/30 22:04:48 logger.go:87: 2026-07-30 22:04:48.410 | 200 |            0s |             ::1 | GET     | /api/health
[shibosi] 2026/07/30 22:05:00 logger.go:55: [INFO] 定时任务: Redis黑名单同步
[shibosi] 2026/07/30 22:05:03 logger.go:87: 2026-07-30 22:05:03.402 | 200 |            0s |             ::1 | GET     | /api/health
[shibosi] 2026/07/30 22:05:18 logger.go:87: 2026-07-30 22:05:18.402 | 200 |            0s |             ::1 | GET     | /api/health
[shibosi] 2026/07/30 22:05:33 logger.go:87: 2026-07-30 22:05:33.408 | 200 |            0s |             ::1 | GET     | /api/health
[shibosi] 2026/07/30 22:05:48 logger.go:87: 2026-07-30 22:05:48.401 | 200 |            0s |             ::1 | GET     | /api/health
[shibosi] 2026/07/30 22:06:03 logger.go:87: 2026-07-30 22:06:03.411 | 200 |            0s |             ::1 | GET     | /api/health
[shibosi] 2026/07/30 22:06:18 logger.go:87: 2026-07-30 22:06:18.407 | 200 |            0s |             ::1 | GET     | /api/health
[shibosi] 2026/07/30 22:06:33 logger.go:87: 2026-07-30 22:06:33.407 | 200 |            0s |             ::1 | GET     | /api/health
[shibosi] 2026/07/30 22:06:48 logger.go:87: 2026-07-30 22:06:48.407 | 200 |            0s |             ::1 | GET     | /api/health
[shibosi] 2026/07/30 22:07:03 logger.go:87: 2026-07-30 22:07:03.406 | 200 |            0s |             ::1 | GET     | /api/health
[shibosi] 2026/07/30 22:07:18 logger.go:87: 2026-07-30 22:07:18.408 | 200 |            0s |             ::1 | GET     | /api/health
[shibosi] 2026/07/30 22:07:33 logger.go:87: 2026-07-30 22:07:33.409 | 200 |            0s |             ::1 | GET     | /api/health
[shibosi] 2026/07/30 22:07:48 logger.go:87: 2026-07-30 22:07:48.409 | 200 |            0s |             ::1 | GET     | /api/health
[shibosi] 2026/07/30 22:08:03 logger.go:87: 2026-07-30 22:08:03.405 | 200 |            0s |             ::1 | GET     | /api/health
[shibosi] 2026/07/30 22:08:18 logger.go:87: 2026-07-30 22:08:18.409 | 200 |            0s |             ::1 | GET     | /api/health
[shibosi] 2026/07/30 22:08:33 logger.go:87: 2026-07-30 22:08:33.408 | 200 |            0s |             ::1 | GET     | /api/health
[shibosi] 2026/07/30 22:08:48 logger.go:87: 2026-07-30 22:08:48.410 | 200 |            0s |             ::1 | GET     | /api/health
[shibosi] 2026/07/30 22:09:03 logger.go:87: 2026-07-30 22:09:03.405 | 200 |            0s |             ::1 | GET     | /api/health
[shibosi] 2026/07/30 22:09:18 logger.go:87: 2026-07-30 22:09:18.403 | 200 |            0s |             ::1 | GET     | /api/health
[shibosi] 2026/07/30 22:09:33 logger.go:87: 2026-07-30 22:09:33.410 | 200 |            0s |             ::1 | GET     | /api/health
[shibosi] 2026/07/30 22:09:48 logger.go:87: 2026-07-30 22:09:48.401 | 200 |            0s |             ::1 | GET     | /api/health
[shibosi] 2026/07/30 22:10:00 logger.go:55: [INFO] 定时任务: Redis黑名单同步
[shibosi] 2026/07/30 22:10:03 logger.go:87: 2026-07-30 22:10:03.405 | 200 |            0s |             ::1 | GET     | /api/health
[shibosi] 2026/07/30 22:10:18 logger.go:87: 2026-07-30 22:10:18.406 | 200 |            0s |             ::1 | GET     | /api/health
[shibosi] 2026/07/30 22:10:33 logger.go:87: 2026-07-30 22:10:33.402 | 200 |            0s |             ::1 | GET     | /api/health
[shibosi] 2026/07/30 22:10:48 logger.go:87: 2026-07-30 22:10:48.410 | 200 |            0s |             ::1 | GET     | /api/health
[shibosi] 2026/07/30 22:11:03 logger.go:87: 2026-07-30 22:11:03.407 | 200 |            0s |             ::1 | GET     | /api/health
[shibosi] 2026/07/30 22:11:18 logger.go:87: 2026-07-30 22:11:18.407 | 200 |            0s |             ::1 | GET     | /api/health
[shibosi] 2026/07/30 22:11:33 logger.go:87: 2026-07-30 22:11:33.402 | 200 |            0s |             ::1 | GET     | /api/health
[shibosi] 2026/07/30 22:11:48 logger.go:87: 2026-07-30 22:11:48.403 | 200 |            0s |             ::1 | GET     | /api/health
[shibosi] 2026/07/30 22:12:03 logger.go:87: 2026-07-30 22:12:03.406 | 200 |            0s |             ::1 | GET     | /api/health
[shibosi] 2026/07/30 22:12:18 logger.go:87: 2026-07-30 22:12:18.403 | 200 |            0s |             ::1 | GET     | /api/health
[shibosi] 2026/07/30 22:12:33 logger.go:87: 2026-07-30 22:12:33.411 | 200 |            0s |             ::1 | GET     | /api/health
[shibosi] 2026/07/30 22:12:48 logger.go:87: 2026-07-30 22:12:48.408 | 200 |            0s |             ::1 | GET     | /api/health
[shibosi] 2026/07/30 22:13:03 logger.go:87: 2026-07-30 22:13:03.408 | 200 |            0s |             ::1 | GET     | /api/health
[shibosi] 2026/07/30 22:13:18 logger.go:87: 2026-07-30 22:13:18.409 | 200 |            0s |             ::1 | GET     | /api/health
[shibosi] 2026/07/30 22:13:33 logger.go:87: 2026-07-30 22:13:33.403 | 200 |            0s |             ::1 | GET     | /api/health
[shibosi] 2026/07/30 22:13:48 logger.go:87: 2026-07-30 22:13:48.408 | 200 |       510.2µs |             ::1 | GET     | /api/health
[shibosi] 2026/07/30 22:14:03 logger.go:87: 2026-07-30 22:14:03.409 | 200 |            0s |             ::1 | GET     | /api/health
[shibosi] 2026/07/30 22:14:18 logger.go:87: 2026-07-30 22:14:18.405 | 200 |            0s |             ::1 | GET     | /api/health
[shibosi] 2026/07/30 22:14:33 logger.go:87: 2026-07-30 22:14:33.402 | 200 |            0s |             ::1 | GET     | /api/health
[shibosi] 2026/07/30 22:14:48 logger.go:87: 2026-07-30 22:14:48.410 | 200 |            0s |             ::1 | GET     | /api/health
[shibosi] 2026/07/30 22:15:00 logger.go:55: [INFO] 定时任务: Redis黑名单同步
[shibosi] 2026/07/30 22:15:03 logger.go:87: 2026-07-30 22:15:03.404 | 200 |            0s |             ::1 | GET     | /api/health
[shibosi] 2026/07/30 22:15:18 logger.go:87: 2026-07-30 22:15:18.407 | 200 |            0s |             ::1 | GET     | /api/health
[shibosi] 2026/07/30 22:15:33 logger.go:87: 2026-07-30 22:15:33.408 | 200 |            0s |             ::1 | GET     | /api/health
[shibosi] 2026/07/30 22:15:48 logger.go:87: 2026-07-30 22:15:48.404 | 200 |            0s |             ::1 | GET     | /api/health
[shibosi] 2026/07/30 22:16:03 logger.go:87: 2026-07-30 22:16:03.404 | 200 |            0s |             ::1 | GET     | /api/health
[shibosi] 2026/07/30 22:16:18 logger.go:87: 2026-07-30 22:16:18.409 | 200 |            0s |             ::1 | GET     | /api/health
[shibosi] 2026/07/30 22:16:33 logger.go:87: 2026-07-30 22:16:33.408 | 200 |            0s |             ::1 | GET     | /api/health
[shibosi] 2026/07/30 22:16:48 logger.go:87: 2026-07-30 22:16:48.407 | 200 |            0s |             ::1 | GET     | /api/health
[shibosi] 2026/07/30 22:17:03 logger.go:87: 2026-07-30 22:17:03.407 | 200 |            0s |             ::1 | GET     | /api/health
[shibosi] 2026/07/30 22:17:18 logger.go:87: 2026-07-30 22:17:18.408 | 200 |            0s |             ::1 | GET     | /api/health
[shibosi] 2026/07/30 22:17:33 logger.go:87: 2026-07-30 22:17:33.403 | 200 |            0s |             ::1 | GET     | /api/health
[shibosi] 2026/07/30 22:17:48 logger.go:87: 2026-07-30 22:17:48.405 | 200 |            0s |             ::1 | GET     | /api/health
[shibosi] 2026/07/30 22:18:03 logger.go:87: 2026-07-30 22:18:03.408 | 200 |            0s |             ::1 | GET     | /api/health
[shibosi] 2026/07/30 22:18:18 logger.go:87: 2026-07-30 22:18:18.410 | 200 |            0s |             ::1 | GET     | /api/health
[shibosi] 2026/07/30 22:18:33 logger.go:87: 2026-07-30 22:18:33.408 | 200 |            0s |             ::1 | GET     | /api/health
[shibosi] 2026/07/30 22:18:48 logger.go:87: 2026-07-30 22:18:48.409 | 200 |            0s |             ::1 | GET     | /api/health
[shibosi] 2026/07/30 22:19:03 logger.go:87: 2026-07-30 22:19:03.410 | 200 |      1.0182ms |             ::1 | GET     | /api/health
[shibosi] 2026/07/30 22:19:18 logger.go:87: 2026-07-30 22:19:18.404 | 200 |            0s |             ::1 | GET     | /api/health
[shibosi] 2026/07/30 22:19:33 logger.go:87: 2026-07-30 22:19:33.406 | 200 |            0s |             ::1 | GET     | /api/health
[shibosi] 2026/07/30 22:19:48 logger.go:87: 2026-07-30 22:19:48.406 | 200 |            0s |             ::1 | GET     | /api/health
[shibosi] 2026/07/30 22:20:00 logger.go:55: [INFO] 定时任务: Redis黑名单同步
[shibosi] 2026/07/30 22:20:03 logger.go:87: 2026-07-30 22:20:03.414 | 200 |            0s |             ::1 | GET     | /api/health
[shibosi] 2026/07/30 22:20:18 logger.go:87: 2026-07-30 22:20:18.407 | 200 |            0s |             ::1 | GET     | /api/health
[shibosi] 2026/07/30 22:20:33 logger.go:87: 2026-07-30 22:20:33.407 | 200 |            0s |             ::1 | GET     | /api/health
[shibosi] 2026/07/30 22:20:48 logger.go:87: 2026-07-30 22:20:48.408 | 200 |            0s |             ::1 | GET     | /api/health
[shibosi] 2026/07/30 22:21:03 logger.go:87: 2026-07-30 22:21:03.403 | 200 |        21.3µs |             ::1 | GET     | /api/health
[shibosi] 2026/07/30 22:21:18 logger.go:87: 2026-07-30 22:21:18.406 | 200 |       540.2µs |             ::1 | GET     | /api/health
[shibosi] 2026/07/30 22:21:33 logger.go:87: 2026-07-30 22:21:33.407 | 200 |            0s |             ::1 | GET     | /api/health
[shibosi] 2026/07/30 22:21:48 logger.go:87: 2026-07-30 22:21:48.407 | 200 |            0s |             ::1 | GET     | /api/health
[shibosi] 2026/07/30 22:22:03 logger.go:87: 2026-07-30 22:22:03.405 | 200 |            0s |             ::1 | GET     | /api/health
[shibosi] 2026/07/30 22:22:18 logger.go:87: 2026-07-30 22:22:18.407 | 200 |            0s |             ::1 | GET     | /api/health
[shibosi] 2026/07/30 22:22:33 logger.go:87: 2026-07-30 22:22:33.407 | 200 |            0s |             ::1 | GET     | /api/health
[shibosi] 2026/07/30 22:22:48 logger.go:87: 2026-07-30 22:22:48.410 | 200 |            0s |             ::1 | GET     | /api/health
[shibosi] 2026/07/30 22:23:03 logger.go:87: 2026-07-30 22:23:03.410 | 200 |        25.8µs |             ::1 | GET     | /api/health
[shibosi] 2026/07/30 22:23:14 logger.go:87: 2026-07-30 22:23:14.697 | 404 |            0s |             ::1 | GET     | /api/v1/api/v1/proxy/newspaper/api/admin/analysis
[shibosi] 2026/07/30 22:23:17 logger.go:87: 2026-07-30 22:23:17.169 | 200 |            0s |             ::1 | GET     | /api/v1/admin/services
[shibosi] 2026/07/30 22:23:18 logger.go:87: 2026-07-30 22:23:18.408 | 200 |            0s |             ::1 | GET     | /api/health
[shibosi] 2026/07/30 22:23:19 logger.go:87: 2026-07-30 22:23:19.722 | 404 |            0s |             ::1 | GET     | /api/v1/api/v1/proxy/newspaper/api/admin/overview
[shibosi] 2026/07/30 22:23:22 logger.go:87: 2026-07-30 22:23:22.716 | 404 |            0s |             ::1 | GET     | /api/v1/api/v1/proxy/newspaper/api/admin/analysis
[shibosi] 2026/07/30 22:23:24 logger.go:87: 2026-07-30 22:23:24.871 | 404 |            0s |             ::1 | GET     | /api/v1/api/v1/proxy/newspaper/api/admin/sources
[shibosi] 2026/07/30 22:23:26 logger.go:87: 2026-07-30 22:23:26.441 | 404 |            0s |             ::1 | GET     | /api/v1/api/v1/proxy/newspaper/api/admin/logs
[shibosi] 2026/07/30 22:23:28 logger.go:87: 2026-07-30 22:23:28.385 | 200 |            0s |             ::1 | GET     | /api/v1/admin/services
[shibosi] 2026/07/30 22:23:33 logger.go:87: 2026-07-30 22:23:33.404 | 200 |            0s |             ::1 | GET     | /api/health
[shibosi] 2026/07/30 22:23:48 logger.go:87: 2026-07-30 22:23:48.405 | 200 |            0s |             ::1 | GET     | /api/health
[shibosi] 2026/07/30 22:24:03 logger.go:87: 2026-07-30 22:24:03.405 | 200 |            0s |             ::1 | GET     | /api/health
[shibosi] 2026/07/30 22:24:18 logger.go:87: 2026-07-30 22:24:18.438 | 200 |            0s |             ::1 | GET     | /api/health
[shibosi] 2026/07/30 22:24:33 logger.go:87: 2026-07-30 22:24:33.409 | 200 |            0s |             ::1 | GET     | /api/health
[shibosi] 2026/07/30 22:24:48 logger.go:87: 2026-07-30 22:24:48.411 | 200 |            0s |             ::1 | GET     | /api/health
[shibosi] 2026/07/30 22:25:00 logger.go:55: [INFO] 定时任务: Redis黑名单同步
[shibosi] 2026/07/30 22:25:03 logger.go:87: 2026-07-30 22:25:03.407 | 200 |            0s |             ::1 | GET     | /api/health
[shibosi] 2026/07/30 22:25:18 logger.go:87: 2026-07-30 22:25:18.403 | 200 |            0s |             ::1 | GET     | /api/health
[shibosi] 2026/07/30 22:25:33 logger.go:87: 2026-07-30 22:25:33.405 | 200 |            0s |             ::1 | GET     | /api/health
[shibosi] 2026/07/30 22:25:48 logger.go:87: 2026-07-30 22:25:48.407 | 200 |            0s |             ::1 | GET     | /api/health
[shibosi] 2026/07/30 22:26:03 logger.go:87: 2026-07-30 22:26:03.426 | 200 |       361.9µs |             ::1 | GET     | /api/health
[shibosi] 2026/07/30 22:26:18 logger.go:87: 2026-07-30 22:26:18.404 | 200 |            0s |             ::1 | GET     | /api/health
[shibosi] 2026/07/30 22:26:33 logger.go:87: 2026-07-30 22:26:33.413 | 200 |            0s |             ::1 | GET     | /api/health
[shibosi] 2026/07/30 22:26:48 logger.go:87: 2026-07-30 22:26:48.411 | 200 |            0s |             ::1 | GET     | /api/health
[shibosi] 2026/07/30 22:27:03 logger.go:87: 2026-07-30 22:27:03.407 | 200 |            0s |             ::1 | GET     | /api/health
[shibosi] 2026/07/30 22:27:18 logger.go:87: 2026-07-30 22:27:18.405 | 200 |            0s |             ::1 | GET     | /api/health
[shibosi] 2026/07/30 22:27:33 logger.go:87: 2026-07-30 22:27:33.404 | 200 |        94.1µs |             ::1 | GET     | /api/health
[shibosi] 2026/07/30 22:27:48 logger.go:87: 2026-07-30 22:27:48.411 | 200 |       553.3µs |             ::1 | GET     | /api/health
[shibosi] 2026/07/30 22:28:03 logger.go:87: 2026-07-30 22:28:03.454 | 200 |            0s |             ::1 | GET     | /api/health
[shibosi] 2026/07/30 22:28:18 logger.go:87: 2026-07-30 22:28:18.404 | 200 |            0s |             ::1 | GET     | /api/health
[shibosi] 2026/07/30 22:28:33 logger.go:87: 2026-07-30 22:28:33.406 | 200 |            0s |             ::1 | GET     | /api/health
[shibosi] 2026/07/30 22:28:48 logger.go:87: 2026-07-30 22:28:48.407 | 200 |            0s |             ::1 | GET     | /api/health
[shibosi] 2026/07/30 22:29:03 logger.go:87: 2026-07-30 22:29:03.408 | 200 |            0s |             ::1 | GET     | /api/health
[shibosi] 2026/07/30 22:29:18 logger.go:87: 2026-07-30 22:29:18.409 | 200 |            0s |             ::1 | GET     | /api/health
[shibosi] 2026/07/30 22:29:33 logger.go:87: 2026-07-30 22:29:33.504 | 200 |            0s |             ::1 | GET     | /api/health
[shibosi] 2026/07/30 22:29:48 logger.go:87: 2026-07-30 22:29:48.406 | 200 |            0s |             ::1 | GET     | /api/health
[shibosi] 2026/07/30 22:30:00 logger.go:55: [INFO] 定时任务: Redis黑名单同步
[shibosi] 2026/07/30 22:30:03 logger.go:87: 2026-07-30 22:30:03.405 | 200 |            0s |             ::1 | GET     | /api/health
[shibosi] 2026/07/30 22:30:18 logger.go:87: 2026-07-30 22:30:18.402 | 200 |            0s |             ::1 | GET     | /api/health
[shibosi] 2026/07/30 22:30:33 logger.go:87: 2026-07-30 22:30:33.410 | 200 |            0s |             ::1 | GET     | /api/health
[shibosi] 2026/07/30 22:30:48 logger.go:87: 2026-07-30 22:30:48.407 | 200 |            0s |             ::1 | GET     | /api/health
[shibosi] 2026/07/30 22:31:03 logger.go:87: 2026-07-30 22:31:03.404 | 200 |            0s |             ::1 | GET     | /api/health
[shibosi] 2026/07/30 22:31:18 logger.go:87: 2026-07-30 22:31:18.408 | 200 |            0s |             ::1 | GET     | /api/health
[shibosi] 2026/07/30 22:31:33 logger.go:87: 2026-07-30 22:31:33.405 | 200 |            0s |             ::1 | GET     | /api/health
[shibosi] 2026/07/30 22:31:48 logger.go:87: 2026-07-30 22:31:48.406 | 200 |            0s |             ::1 | GET     | /api/health
[shibosi] 2026/07/30 22:32:03 logger.go:87: 2026-07-30 22:32:03.410 | 200 |        48.7µs |             ::1 | GET     | /api/health
[shibosi] 2026/07/30 22:32:18 logger.go:87: 2026-07-30 22:32:18.410 | 200 |            0s |             ::1 | GET     | /api/health
[shibosi] 2026/07/30 22:32:33 logger.go:87: 2026-07-30 22:32:33.406 | 200 |            0s |             ::1 | GET     | /api/health
[shibosi] 2026/07/30 22:32:48 logger.go:87: 2026-07-30 22:32:48.410 | 200 |            0s |             ::1 | GET     | /api/health
[shibosi] 2026/07/30 22:33:03 logger.go:87: 2026-07-30 22:33:03.466 | 200 |            0s |             ::1 | GET     | /api/health
[shibosi] 2026/07/30 22:33:18 logger.go:87: 2026-07-30 22:33:18.411 | 200 |            0s |             ::1 | GET     | /api/health
[shibosi] 2026/07/30 22:33:33 logger.go:87: 2026-07-30 22:33:33.406 | 200 |            0s |             ::1 | GET     | /api/health
[shibosi] 2026/07/30 22:33:48 logger.go:87: 2026-07-30 22:33:48.417 | 200 |            0s |             ::1 | GET     | /api/health
[shibosi] 2026/07/30 22:34:03 logger.go:87: 2026-07-30 22:34:03.408 | 200 |            0s |             ::1 | GET     | /api/health
[shibosi] 2026/07/30 22:34:18 logger.go:87: 2026-07-30 22:34:18.408 | 200 |            0s |             ::1 | GET     | /api/health
[shibosi] 2026/07/30 22:34:33 logger.go:87: 2026-07-30 22:34:33.404 | 200 |            0s |             ::1 | GET     | /api/health
[shibosi] 2026/07/30 22:34:48 logger.go:87: 2026-07-30 22:34:48.405 | 200 |            0s |             ::1 | GET     | /api/health
[shibosi] 2026/07/30 22:35:00 logger.go:55: [INFO] 定时任务: Redis黑名单同步
[shibosi] 2026/07/30 22:35:03 logger.go:87: 2026-07-30 22:35:03.408 | 200 |            0s |             ::1 | GET     | /api/health
[shibosi] 2026/07/30 22:35:18 logger.go:87: 2026-07-30 22:35:18.407 | 200 |            0s |             ::1 | GET     | /api/health
[shibosi] 2026/07/30 22:35:33 logger.go:87: 2026-07-30 22:35:33.407 | 200 |            0s |             ::1 | GET     | /api/health
[shibosi] 2026/07/30 22:35:44 logger.go:87: 2026-07-30 22:35:44.304 | 200 |     134.042ms |             ::1 | GET     | /admin/
[shibosi] 2026/07/30 22:35:44 logger.go:87: 2026-07-30 22:35:44.320 | 200 |      3.8857ms |             ::1 | GET     | /admin/app.js?v=20260730c
[shibosi] 2026/07/30 22:35:44 logger.go:87: 2026-07-30 22:35:44.333 | 401 |            0s |             ::1 | GET     | /api/v1/admin/modules
[shibosi] 2026/07/30 22:35:45 logger.go:87: 2026-07-30 22:35:45.236 | 200 |      4.0039ms |             ::1 | GET     | /admin/
[shibosi] 2026/07/30 22:35:45 logger.go:87: 2026-07-30 22:35:45.284 | 200 |      4.0174ms |             ::1 | GET     | /admin/app.js?v=20260730c
[shibosi] 2026/07/30 22:35:45 logger.go:87: 2026-07-30 22:35:45.329 | 401 |            0s |             ::1 | GET     | /api/v1/admin/modules
[shibosi] 2026/07/30 22:35:45 logger.go:87: 2026-07-30 22:35:45.508 | 200 |        2.15ms |             ::1 | GET     | /admin/
[shibosi] 2026/07/30 22:35:45 logger.go:87: 2026-07-30 22:35:45.525 | 200 |      3.6622ms |             ::1 | GET     | /admin/app.js?v=20260730c
[shibosi] 2026/07/30 22:35:45 logger.go:87: 2026-07-30 22:35:45.540 | 401 |            0s |             ::1 | GET     | /api/v1/admin/modules
[shibosi] 2026/07/30 22:35:46 logger.go:87: 2026-07-30 22:35:46.228 | 200 |       4.108ms |             ::1 | GET     | /admin/
[shibosi] 2026/07/30 22:35:46 logger.go:87: 2026-07-30 22:35:46.247 | 200 |      10.132ms |             ::1 | GET     | /admin/app.js?v=20260730c
[shibosi] 2026/07/30 22:35:46 logger.go:87: 2026-07-30 22:35:46.266 | 401 |            0s |             ::1 | GET     | /api/v1/admin/modules
[shibosi] 2026/07/30 22:35:46 logger.go:87: 2026-07-30 22:35:46.481 | 200 |      4.4555ms |             ::1 | GET     | /admin/
[shibosi] 2026/07/30 22:35:46 logger.go:87: 2026-07-30 22:35:46.505 | 200 |      6.5659ms |             ::1 | GET     | /admin/app.js?v=20260730c
[shibosi] 2026/07/30 22:35:46 logger.go:87: 2026-07-30 22:35:46.537 | 401 |            0s |             ::1 | GET     | /api/v1/admin/modules
[shibosi] 2026/07/30 22:35:48 logger.go:87: 2026-07-30 22:35:48.073 | 304 |      4.1552ms |             ::1 | GET     | /admin/
[shibosi] 2026/07/30 22:35:48 logger.go:87: 2026-07-30 22:35:48.100 | 401 |      1.0003ms |             ::1 | GET     | /api/v1/admin/modules
[shibosi] 2026/07/30 22:35:48 logger.go:87: 2026-07-30 22:35:48.413 | 200 |            0s |             ::1 | GET     | /api/health
[shibosi] 2026/07/30 22:35:48 logger.go:87: 2026-07-30 22:35:48.588 | 401 |            0s |             ::1 | POST    | /api/v1/auth/logout
[shibosi] 2026/07/30 22:35:49 logger.go:87: 2026-07-30 22:35:49.618 | 304 |      3.5404ms |             ::1 | GET     | /admin/
[shibosi] 2026/07/30 22:35:53 logger.go:87: 2026-07-30 22:35:53.466 | 200 |    473.5793ms |             ::1 | POST    | /api/v1/auth/login
[shibosi] 2026/07/30 22:35:53 logger.go:87: 2026-07-30 22:35:53.485 | 304 |      4.1758ms |             ::1 | GET     | /admin/
[shibosi] 2026/07/30 22:35:53 logger.go:87: 2026-07-30 22:35:53.519 | 200 |       833.7µs |             ::1 | GET     | /api/v1/admin/modules
[shibosi] 2026/07/30 22:35:53 logger.go:87: 2026-07-30 22:35:53.531 | 200 |            0s |             ::1 | GET     | /api/v1/admin/services
[shibosi] 2026/07/30 22:36:03 logger.go:87: 2026-07-30 22:36:03.407 | 200 |            0s |             ::1 | GET     | /api/health
[shibosi] 2026/07/30 22:36:09 logger.go:87: 2026-07-30 22:36:09.282 | 404 |            0s |             ::1 | GET     | /api/v1/api/v1/proxy/newspaper/api/admin/overview
[shibosi] 2026/07/30 22:36:11 logger.go:87: 2026-07-30 22:36:11.805 | 404 |            0s |             ::1 | GET     | /api/v1/api/v1/proxy/newspaper/api/admin/sources
[shibosi] 2026/07/30 22:36:18 logger.go:87: 2026-07-30 22:36:18.410 | 200 |            0s |             ::1 | GET     | /api/health
[shibosi] 2026/07/30 22:36:33 logger.go:87: 2026-07-30 22:36:33.420 | 200 |            0s |             ::1 | GET     | /api/health
[shibosi] 2026/07/30 22:36:48 logger.go:87: 2026-07-30 22:36:48.402 | 200 |            0s |             ::1 | GET     | /api/health
[shibosi] 2026/07/30 22:37:03 logger.go:87: 2026-07-30 22:37:03.410 | 200 |       510.2µs |             ::1 | GET     | /api/health
[shibosi] 2026/07/30 22:37:18 logger.go:87: 2026-07-30 22:37:18.407 | 200 |            0s |             ::1 | GET     | /api/health
[shibosi] 2026/07/30 22:37:33 logger.go:87: 2026-07-30 22:37:33.408 | 200 |            0s |             ::1 | GET     | /api/health
[shibosi] 2026/07/30 22:37:48 logger.go:87: 2026-07-30 22:37:48.405 | 200 |            0s |             ::1 | GET     | /api/health
[shibosi] 2026/07/30 22:38:03 logger.go:87: 2026-07-30 22:38:03.410 | 200 |            0s |             ::1 | GET     | /api/health
[shibosi] 2026/07/30 22:38:18 logger.go:87: 2026-07-30 22:38:18.405 | 200 |            0s |             ::1 | GET     | /api/health
[shibosi] 2026/07/30 22:38:33 logger.go:87: 2026-07-30 22:38:33.428 | 200 |     10.9968ms |             ::1 | GET     | /api/health
[shibosi] 2026/07/30 22:38:48 logger.go:87: 2026-07-30 22:38:48.405 | 200 |            0s |             ::1 | GET     | /api/health
[shibosi] 2026/07/30 22:39:03 logger.go:87: 2026-07-30 22:39:03.408 | 200 |            0s |             ::1 | GET     | /api/health
[shibosi] 2026/07/30 22:39:18 logger.go:87: 2026-07-30 22:39:18.408 | 200 |            0s |             ::1 | GET     | /api/health
[shibosi] 2026/07/30 22:39:33 logger.go:87: 2026-07-30 22:39:33.408 | 200 |            0s |             ::1 | GET     | /api/health
[shibosi] 2026/07/30 22:39:48 logger.go:87: 2026-07-30 22:39:48.414 | 200 |            0s |             ::1 | GET     | /api/health
[shibosi] 2026/07/30 22:40:00 logger.go:55: [INFO] 定时任务: Redis黑名单同步
[shibosi] 2026/07/30 22:40:03 logger.go:87: 2026-07-30 22:40:03.404 | 200 |            0s |             ::1 | GET     | /api/health
[shibosi] 2026/07/30 22:40:18 logger.go:87: 2026-07-30 22:40:18.403 | 200 |            0s |             ::1 | GET     | /api/health
[shibosi] 2026/07/30 22:40:33 logger.go:87: 2026-07-30 22:40:33.407 | 200 |            0s |             ::1 | GET     | /api/health
[shibosi] 2026/07/30 22:40:48 logger.go:87: 2026-07-30 22:40:48.405 | 200 |            0s |             ::1 | GET     | /api/health
[shibosi] 2026/07/30 22:41:03 logger.go:87: 2026-07-30 22:41:03.407 | 200 |            0s |             ::1 | GET     | /api/health
[shibosi] 2026/07/30 22:41:18 logger.go:87: 2026-07-30 22:41:18.406 | 200 |            0s |             ::1 | GET     | /api/health
[shibosi] 2026/07/30 22:41:33 logger.go:87: 2026-07-30 22:41:33.408 | 200 |            0s |             ::1 | GET     | /api/health
[shibosi] 2026/07/30 22:41:48 logger.go:87: 2026-07-30 22:41:48.436 | 200 |            0s |             ::1 | GET     | /api/health
[shibosi] 2026/07/30 22:42:03 logger.go:87: 2026-07-30 22:42:03.450 | 200 |            0s |             ::1 | GET     | /api/health
[shibosi] 2026/07/30 22:42:18 logger.go:87: 2026-07-30 22:42:18.403 | 200 |            0s |             ::1 | GET     | /api/health
[shibosi] 2026/07/30 22:42:33 logger.go:87: 2026-07-30 22:42:33.404 | 200 |            0s |             ::1 | GET     | /api/health
[shibosi] 2026/07/30 22:42:48 logger.go:87: 2026-07-30 22:42:48.408 | 200 |            0s |             ::1 | GET     | /api/health
[shibosi] 2026/07/30 22:43:03 logger.go:87: 2026-07-30 22:43:03.405 | 200 |            0s |             ::1 | GET     | /api/health
[shibosi] 2026/07/30 22:43:18 logger.go:87: 2026-07-30 22:43:18.407 | 200 |            0s |             ::1 | GET     | /api/health
[shibosi] 2026/07/30 22:43:33 logger.go:87: 2026-07-30 22:43:33.406 | 200 |            0s |             ::1 | GET     | /api/health
[shibosi] 2026/07/30 22:43:48 logger.go:87: 2026-07-30 22:43:48.545 | 200 |      1.0008ms |             ::1 | GET     | /api/health
[shibosi] 2026/07/30 22:44:03 logger.go:87: 2026-07-30 22:44:03.404 | 200 |            0s |             ::1 | GET     | /api/health
[shibosi] 2026/07/30 22:44:18 logger.go:87: 2026-07-30 22:44:18.410 | 200 |            0s |             ::1 | GET     | /api/health
[shibosi] 2026/07/30 22:44:33 logger.go:87: 2026-07-30 22:44:33.404 | 200 |            0s |             ::1 | GET     | /api/health
[shibosi] 2026/07/30 22:44:48 logger.go:87: 2026-07-30 22:44:48.794 | 200 |            0s |             ::1 | GET     | /api/health
[shibosi] 2026/07/30 22:45:00 logger.go:55: [INFO] 定时任务: Redis黑名单同步
[shibosi] 2026/07/30 22:45:03 logger.go:87: 2026-07-30 22:45:03.411 | 200 |            0s |             ::1 | GET     | /api/health
[shibosi] 2026/07/30 22:45:18 logger.go:87: 2026-07-30 22:45:18.407 | 200 |            0s |             ::1 | GET     | /api/health
[shibosi] 2026/07/30 22:45:33 logger.go:87: 2026-07-30 22:45:33.480 | 200 |        34.6µs |             ::1 | GET     | /api/health
[shibosi] 2026/07/30 22:45:48 logger.go:87: 2026-07-30 22:45:48.401 | 200 |            0s |             ::1 | GET     | /api/health
[shibosi] 2026/07/30 22:46:03 logger.go:87: 2026-07-30 22:46:03.407 | 200 |            0s |             ::1 | GET     | /api/health
[shibosi] 2026/07/30 22:46:18 logger.go:87: 2026-07-30 22:46:18.613 | 200 |            0s |             ::1 | GET     | /api/health
[shibosi] 2026/07/30 22:46:33 logger.go:87: 2026-07-30 22:46:33.449 | 200 |            0s |             ::1 | GET     | /api/health
[shibosi] 2026/07/30 22:46:48 logger.go:87: 2026-07-30 22:46:48.405 | 200 |            0s |             ::1 | GET     | /api/health
[shibosi] 2026/07/30 22:47:03 logger.go:87: 2026-07-30 22:47:03.410 | 200 |            0s |             ::1 | GET     | /api/health
[shibosi] 2026/07/30 22:47:18 logger.go:87: 2026-07-30 22:47:18.416 | 200 |            0s |             ::1 | GET     | /api/health
[shibosi] 2026/07/30 22:47:33 logger.go:87: 2026-07-30 22:47:33.408 | 200 |            0s |             ::1 | GET     | /api/health
[shibosi] 2026/07/30 22:47:48 logger.go:87: 2026-07-30 22:47:48.407 | 200 |            0s |             ::1 | GET     | /api/health
[shibosi] 2026/07/30 22:48:03 logger.go:87: 2026-07-30 22:48:03.405 | 200 |            0s |             ::1 | GET     | /api/health
[shibosi] 2026/07/30 22:48:18 logger.go:87: 2026-07-30 22:48:18.424 | 200 |       531.7µs |             ::1 | GET     | /api/health
[shibosi] 2026/07/30 22:48:33 logger.go:87: 2026-07-30 22:48:33.408 | 200 |            0s |             ::1 | GET     | /api/health
[shibosi] 2026/07/30 22:48:48 logger.go:87: 2026-07-30 22:48:48.404 | 200 |            0s |             ::1 | GET     | /api/health
[shibosi] 2026/07/30 22:49:03 logger.go:87: 2026-07-30 22:49:03.410 | 200 |            0s |             ::1 | GET     | /api/health
[shibosi] 2026/07/30 22:49:18 logger.go:87: 2026-07-30 22:49:18.407 | 200 |            0s |             ::1 | GET     | /api/health
[shibosi] 2026/07/30 22:49:33 logger.go:87: 2026-07-30 22:49:33.414 | 200 |            0s |             ::1 | GET     | /api/health
[shibosi] 2026/07/30 22:49:48 logger.go:87: 2026-07-30 22:49:48.534 | 200 |            0s |             ::1 | GET     | /api/health
[shibosi] 2026/07/30 22:50:00 logger.go:55: [INFO] 定时任务: Redis黑名单同步
[shibosi] 2026/07/30 22:50:03 logger.go:87: 2026-07-30 22:50:03.408 | 200 |            0s |             ::1 | GET     | /api/health
[shibosi] 2026/07/30 22:50:18 logger.go:87: 2026-07-30 22:50:18.405 | 200 |            0s |             ::1 | GET     | /api/health
[shibosi] 2026/07/30 22:50:33 logger.go:87: 2026-07-30 22:50:33.429 | 200 |            0s |             ::1 | GET     | /api/health
[shibosi] 2026/07/30 22:50:48 logger.go:87: 2026-07-30 22:50:48.404 | 200 |            0s |             ::1 | GET     | /api/health
[shibosi] 2026/07/30 22:51:03 logger.go:87: 2026-07-30 22:51:03.416 | 200 |       156.8µs |             ::1 | GET     | /api/health
[shibosi] 2026/07/30 22:51:18 logger.go:87: 2026-07-30 22:51:18.410 | 200 |            0s |             ::1 | GET     | /api/health
[shibosi] 2026/07/30 22:51:33 logger.go:87: 2026-07-30 22:51:33.405 | 200 |            0s |             ::1 | GET     | /api/health
[shibosi] 2026/07/30 22:51:48 logger.go:87: 2026-07-30 22:51:48.409 | 200 |            0s |             ::1 | GET     | /api/health
[shibosi] 2026/07/30 22:52:03 logger.go:87: 2026-07-30 22:52:03.405 | 200 |            0s |             ::1 | GET     | /api/health
[shibosi] 2026/07/30 22:52:18 logger.go:87: 2026-07-30 22:52:18.411 | 200 |            0s |             ::1 | GET     | /api/health
[shibosi] 2026/07/30 22:52:33 logger.go:87: 2026-07-30 22:52:33.402 | 200 |            0s |             ::1 | GET     | /api/health
[shibosi] 2026/07/30 22:52:48 logger.go:87: 2026-07-30 22:52:48.405 | 200 |            0s |             ::1 | GET     | /api/health
[shibosi] 2026/07/30 22:53:03 logger.go:87: 2026-07-30 22:53:03.408 | 200 |            0s |             ::1 | GET     | /api/health
[shibosi] 2026/07/30 22:53:18 logger.go:87: 2026-07-30 22:53:18.408 | 200 |            0s |             ::1 | GET     | /api/health
[shibosi] 2026/07/30 22:53:33 logger.go:87: 2026-07-30 22:53:33.542 | 200 |            0s |             ::1 | GET     | /api/health
[shibosi] 2026/07/30 22:53:48 logger.go:87: 2026-07-30 22:53:48.411 | 200 |            0s |             ::1 | GET     | /api/health
[shibosi] 2026/07/30 22:54:03 logger.go:87: 2026-07-30 22:54:03.401 | 200 |            0s |             ::1 | GET     | /api/health
[shibosi] 2026/07/30 22:54:18 logger.go:87: 2026-07-30 22:54:18.403 | 200 |            0s |             ::1 | GET     | /api/health
[shibosi] 2026/07/30 22:54:33 logger.go:87: 2026-07-30 22:54:33.402 | 200 |            0s |             ::1 | GET     | /api/health
[shibosi] 2026/07/30 22:54:48 logger.go:87: 2026-07-30 22:54:48.401 | 200 |            0s |             ::1 | GET     | /api/health
[shibosi] 2026/07/30 22:55:00 logger.go:55: [INFO] 定时任务: Redis黑名单同步
[shibosi] 2026/07/30 22:55:03 logger.go:87: 2026-07-30 22:55:03.415 | 200 |            0s |             ::1 | GET     | /api/health
[shibosi] 2026/07/30 22:55:18 logger.go:87: 2026-07-30 22:55:18.405 | 200 |            0s |             ::1 | GET     | /api/health
[shibosi] 2026/07/30 22:55:33 logger.go:87: 2026-07-30 22:55:33.555 | 200 |            0s |             ::1 | GET     | /api/health
[shibosi] 2026/07/30 22:55:48 logger.go:87: 2026-07-30 22:55:48.401 | 200 |            0s |             ::1 | GET     | /api/health
[shibosi] 2026/07/30 22:56:03 logger.go:87: 2026-07-30 22:56:03.407 | 200 |            0s |             ::1 | GET     | /api/health
[shibosi] 2026/07/30 22:56:18 logger.go:87: 2026-07-30 22:56:18.410 | 200 |            0s |             ::1 | GET     | /api/health
[shibosi] 2026/07/30 22:56:33 logger.go:87: 2026-07-30 22:56:33.409 | 200 |            0s |             ::1 | GET     | /api/health
[shibosi] 2026/07/30 22:56:48 logger.go:87: 2026-07-30 22:56:48.407 | 200 |            0s |             ::1 | GET     | /api/health
[shibosi] 2026/07/30 22:57:03 logger.go:87: 2026-07-30 22:57:03.405 | 200 |            0s |             ::1 | GET     | /api/health
[shibosi] 2026/07/30 22:57:18 logger.go:87: 2026-07-30 22:57:18.406 | 200 |            0s |             ::1 | GET     | /api/health
[shibosi] 2026/07/30 22:57:33 logger.go:87: 2026-07-30 22:57:33.405 | 200 |            0s |             ::1 | GET     | /api/health
[shibosi] 2026/07/30 22:57:48 logger.go:87: 2026-07-30 22:57:48.411 | 200 |            0s |             ::1 | GET     | /api/health
[shibosi] 2026/07/30 22:58:03 logger.go:87: 2026-07-30 22:58:03.405 | 200 |            0s |             ::1 | GET     | /api/health
[shibosi] 2026/07/30 22:58:18 logger.go:87: 2026-07-30 22:58:18.402 | 200 |            0s |             ::1 | GET     | /api/health
[shibosi] 2026/07/30 22:58:33 logger.go:87: 2026-07-30 22:58:33.406 | 200 |            0s |             ::1 | GET     | /api/health
[shibosi] 2026/07/30 22:58:48 logger.go:87: 2026-07-30 22:58:48.433 | 200 |       526.4µs |             ::1 | GET     | /api/health
[shibosi] 2026/07/30 22:59:03 logger.go:87: 2026-07-30 22:59:03.403 | 200 |            0s |             ::1 | GET     | /api/health
[shibosi] 2026/07/30 22:59:18 logger.go:87: 2026-07-30 22:59:18.402 | 200 |            0s |             ::1 | GET     | /api/health
[shibosi] 2026/07/30 22:59:33 logger.go:87: 2026-07-30 22:59:33.407 | 200 |            0s |             ::1 | GET     | /api/health
[shibosi] 2026/07/30 22:59:48 logger.go:87: 2026-07-30 22:59:48.409 | 200 |            0s |             ::1 | GET     | /api/health
[shibosi] 2026/07/30 23:00:00 logger.go:55: [INFO] 定时任务: Redis黑名单同步
[shibosi] 2026/07/30 23:00:03 logger.go:87: 2026-07-30 23:00:03.409 | 200 |            0s |             ::1 | GET     | /api/health
[shibosi] 2026/07/30 23:00:18 logger.go:87: 2026-07-30 23:00:18.407 | 200 |            0s |             ::1 | GET     | /api/health
[shibosi] 2026/07/30 23:00:33 logger.go:87: 2026-07-30 23:00:33.405 | 200 |            0s |             ::1 | GET     | /api/health
[shibosi] 2026/07/30 23:00:48 logger.go:87: 2026-07-30 23:00:48.413 | 200 |            0s |             ::1 | GET     | /api/health
[shibosi] 2026/07/30 23:01:03 logger.go:87: 2026-07-30 23:01:03.534 | 200 |            0s |             ::1 | GET     | /api/health
[shibosi] 2026/07/30 23:01:18 logger.go:87: 2026-07-30 23:01:18.409 | 200 |            0s |             ::1 | GET     | /api/health
[shibosi] 2026/07/30 23:01:33 logger.go:87: 2026-07-30 23:01:33.410 | 200 |            0s |             ::1 | GET     | /api/health
[shibosi] 2026/07/30 23:01:48 logger.go:87: 2026-07-30 23:01:48.430 | 200 |            0s |             ::1 | GET     | /api/health
[shibosi] 2026/07/30 23:02:03 logger.go:87: 2026-07-30 23:02:03.402 | 200 |            0s |             ::1 | GET     | /api/health
[shibosi] 2026/07/30 23:02:18 logger.go:87: 2026-07-30 23:02:18.513 | 200 |            0s |             ::1 | GET     | /api/health
[shibosi] 2026/07/30 23:02:33 logger.go:87: 2026-07-30 23:02:33.418 | 200 |            0s |             ::1 | GET     | /api/health
[shibosi] 2026/07/30 23:02:48 logger.go:87: 2026-07-30 23:02:48.403 | 200 |        12.8µs |             ::1 | GET     | /api/health
[shibosi] 2026/07/30 23:03:03 logger.go:87: 2026-07-30 23:03:03.408 | 200 |            0s |             ::1 | GET     | /api/health
[shibosi] 2026/07/30 23:03:18 logger.go:87: 2026-07-30 23:03:18.453 | 200 |            0s |             ::1 | GET     | /api/health
[shibosi] 2026/07/30 23:03:33 logger.go:87: 2026-07-30 23:03:33.411 | 200 |            0s |             ::1 | GET     | /api/health
[shibosi] 2026/07/30 23:03:48 logger.go:87: 2026-07-30 23:03:48.406 | 200 |            0s |             ::1 | GET     | /api/health
[shibosi] 2026/07/30 23:04:03 logger.go:87: 2026-07-30 23:04:03.409 | 200 |            0s |             ::1 | GET     | /api/health
[shibosi] 2026/07/30 23:04:18 logger.go:87: 2026-07-30 23:04:18.407 | 200 |            0s |             ::1 | GET     | /api/health
[shibosi] 2026/07/30 23:04:33 logger.go:87: 2026-07-30 23:04:33.407 | 200 |            0s |             ::1 | GET     | /api/health
[shibosi] 2026/07/30 23:04:46 logger.go:87: 2026-07-30 23:04:46.557 | 200 |      3.9814ms |             ::1 | GET     | /admin/
[shibosi] 2026/07/30 23:04:46 logger.go:87: 2026-07-30 23:04:46.577 | 200 |      4.1746ms |             ::1 | GET     | /admin/app.js?v=20260730c
[shibosi] 2026/07/30 23:04:46 logger.go:87: 2026-07-30 23:04:46.623 | 200 |      1.0012ms |             ::1 | GET     | /api/v1/admin/modules
[shibosi] 2026/07/30 23:04:46 logger.go:87: 2026-07-30 23:04:46.660 | 200 |            0s |             ::1 | GET     | /api/v1/admin/services
[shibosi] 2026/07/30 23:04:48 logger.go:87: 2026-07-30 23:04:48.407 | 200 |            0s |             ::1 | GET     | /api/health
[shibosi] 2026/07/30 23:04:50 logger.go:87: 2026-07-30 23:04:50.563 | 200 |            0s |             ::1 | POST    | /api/v1/auth/logout
[shibosi] 2026/07/30 23:04:56 logger.go:87: 2026-07-30 23:04:56.613 | 200 |    470.3218ms |             ::1 | POST    | /api/v1/auth/login
[shibosi] 2026/07/30 23:04:56 logger.go:87: 2026-07-30 23:04:56.630 | 304 |      4.8236ms |             ::1 | GET     | /admin/
[shibosi] 2026/07/30 23:04:56 logger.go:87: 2026-07-30 23:04:56.677 | 200 |      1.0007ms |             ::1 | GET     | /api/v1/admin/modules
[shibosi] 2026/07/30 23:04:56 logger.go:87: 2026-07-30 23:04:56.686 | 200 |            0s |             ::1 | GET     | /api/v1/admin/services
[shibosi] 2026/07/30 23:05:00 logger.go:55: [INFO] 定时任务: Redis黑名单同步
[shibosi] 2026/07/30 23:05:03 logger.go:87: 2026-07-30 23:05:03.407 | 200 |            0s |             ::1 | GET     | /api/health
[shibosi] 2026/07/30 23:05:13 logger.go:87: 2026-07-30 23:05:13.045 | 404 |            0s |             ::1 | GET     | /api/v1/api/v1/proxy/newspaper/api/admin/overview
[shibosi] 2026/07/30 23:05:14 logger.go:87: 2026-07-30 23:05:14.861 | 404 |            0s |             ::1 | GET     | /api/v1/api/v1/proxy/newspaper/api/admin/analysis
[shibosi] 2026/07/30 23:05:15 logger.go:87: 2026-07-30 23:05:15.895 | 200 |       2.681ms |             ::1 | GET     | /admin/
[shibosi] 2026/07/30 23:05:15 logger.go:87: 2026-07-30 23:05:15.914 | 200 |       5.806ms |             ::1 | GET     | /admin/app.js?v=20260730c
[shibosi] 2026/07/30 23:05:15 logger.go:87: 2026-07-30 23:05:15.936 | 200 |      1.1651ms |             ::1 | GET     | /api/v1/admin/modules
[shibosi] 2026/07/30 23:05:15 logger.go:87: 2026-07-30 23:05:15.954 | 200 |       275.4µs |             ::1 | GET     | /api/v1/admin/services
[shibosi] 2026/07/30 23:05:16 logger.go:87: 2026-07-30 23:05:16.521 | 200 |      4.0057ms |             ::1 | GET     | /admin/
[shibosi] 2026/07/30 23:05:16 logger.go:87: 2026-07-30 23:05:16.754 | 200 |      2.9665ms |             ::1 | GET     | /admin/app.js?v=20260730c
[shibosi] 2026/07/30 23:05:16 logger.go:87: 2026-07-30 23:05:16.863 | 200 |            0s |             ::1 | GET     | /api/v1/admin/modules
[shibosi] 2026/07/30 23:05:16 logger.go:87: 2026-07-30 23:05:16.875 | 200 |            0s |             ::1 | GET     | /api/v1/admin/services
[shibosi] 2026/07/30 23:05:18 logger.go:87: 2026-07-30 23:05:18.406 | 200 |            0s |             ::1 | GET     | /api/health
[shibosi] 2026/07/30 23:05:21 logger.go:87: 2026-07-30 23:05:21.984 | 200 |      3.6484ms |             ::1 | GET     | /admin/
[shibosi] 2026/07/30 23:05:22 logger.go:87: 2026-07-30 23:05:22.034 | 200 |      3.4308ms |             ::1 | GET     | /admin/app.js?v=20260730c
[shibosi] 2026/07/30 23:05:28 logger.go:87: 2026-07-30 23:05:28.866 | 200 |    424.4539ms |             ::1 | POST    | /api/v1/auth/login
[shibosi] 2026/07/30 23:05:28 logger.go:87: 2026-07-30 23:05:28.894 | 304 |      3.7975ms |             ::1 | GET     | /admin/
[shibosi] 2026/07/30 23:05:28 logger.go:87: 2026-07-30 23:05:28.967 | 200 |       982.8µs |             ::1 | GET     | /api/v1/admin/modules
[shibosi] 2026/07/30 23:05:28 logger.go:87: 2026-07-30 23:05:28.993 | 200 |       521.9µs |             ::1 | GET     | /api/v1/admin/services
[shibosi] 2026/07/30 23:05:33 logger.go:87: 2026-07-30 23:05:33.417 | 200 |            0s |             ::1 | GET     | /api/health
[shibosi] 2026/07/30 23:05:34 logger.go:87: 2026-07-30 23:05:34.268 | 404 |            0s |             ::1 | GET     | /api/v1/api/v1/proxy/newspaper/api/admin/overview
[shibosi] 2026/07/30 23:05:48 logger.go:87: 2026-07-30 23:05:48.408 | 200 |         529µs |             ::1 | GET     | /api/health
[shibosi] 2026/07/30 23:06:03 logger.go:87: 2026-07-30 23:06:03.407 | 200 |            0s |             ::1 | GET     | /api/health
[shibosi] 2026/07/30 23:06:18 logger.go:87: 2026-07-30 23:06:18.405 | 200 |            0s |             ::1 | GET     | /api/health
[shibosi] 2026/07/30 23:06:25 logger.go:87: 2026-07-30 23:06:25.116 | 200 |            0s |             ::1 | GET     | /api/v1/admin/services
[shibosi] 2026/07/30 23:06:33 logger.go:87: 2026-07-30 23:06:33.404 | 200 |            0s |             ::1 | GET     | /api/health
[shibosi] 2026/07/30 23:06:48 logger.go:87: 2026-07-30 23:06:48.409 | 200 |            0s |             ::1 | GET     | /api/health
[shibosi] 2026/07/30 23:07:03 logger.go:87: 2026-07-30 23:07:03.406 | 200 |            0s |             ::1 | GET     | /api/health
[shibosi] 2026/07/30 23:07:18 logger.go:87: 2026-07-30 23:07:18.408 | 200 |            0s |             ::1 | GET     | /api/health
[shibosi] 2026/07/30 23:07:24 logger.go:55: [INFO] 定时任务已注册
[shibosi] 2026/07/30 23:07:25 logger.go:55: [INFO] 市舶司 v2 后台已就绪 - 6 大模块全部启用
[shibosi] 2026/07/30 23:07:25 logger.go:55: [INFO] 访问: http://localhost:8084/admin  (v1)
[shibosi] 2026/07/30 23:07:25 logger.go:55: [INFO] 访问: http://localhost:8084/admin-v2  (v2 新系统)
[shibosi] 2026/07/30 23:07:25 logger.go:55: [INFO] ========================================
[shibosi] 2026/07/30 23:07:25 logger.go:55: [INFO]   市舶司 - 统一管理后台 v2.0
[shibosi] 2026/07/30 23:07:25 logger.go:55: [INFO] ========================================
[shibosi] 2026/07/30 23:07:25 logger.go:55: [INFO] 监听地址: http://localhost:8084
[shibosi] 2026/07/30 23:07:25 logger.go:55: [INFO] 管理面板: http://localhost:8084/admin
[shibosi] 2026/07/30 23:07:25 logger.go:55: [INFO] API文档:  http://localhost:8084/api/v1
[shibosi] 2026/07/30 23:07:25 logger.go:55: [INFO] ========================================
[shibosi] 2026/07/30 23:07:25 logger.go:65: [ERROR] 服务启动失败: listen tcp :8084: bind: Only one usage of each socket address (protocol/network address/port) is normally permitted.
[shibosi] 2026/07/30 23:07:33 logger.go:87: 2026-07-30 23:07:33.414 | 200 |            0s |             ::1 | GET     | /api/health
[shibosi] 2026/07/30 23:07:48 logger.go:55: [INFO] 定时任务已注册
[shibosi] 2026/07/30 23:07:49 logger.go:55: [INFO] 市舶司 v2 后台已就绪 - 6 大模块全部启用
[shibosi] 2026/07/30 23:07:49 logger.go:55: [INFO] 访问: http://localhost:8084/admin  (v1)
[shibosi] 2026/07/30 23:07:49 logger.go:55: [INFO] 访问: http://localhost:8084/admin-v2  (v2 新系统)
[shibosi] 2026/07/30 23:07:49 logger.go:55: [INFO] ========================================
[shibosi] 2026/07/30 23:07:49 logger.go:55: [INFO]   市舶司 - 统一管理后台 v2.0
[shibosi] 2026/07/30 23:07:49 logger.go:55: [INFO] ========================================
[shibosi] 2026/07/30 23:07:49 logger.go:55: [INFO] 监听地址: http://localhost:8084
[shibosi] 2026/07/30 23:07:49 logger.go:55: [INFO] 管理面板: http://localhost:8084/admin
[shibosi] 2026/07/30 23:07:49 logger.go:55: [INFO] API文档:  http://localhost:8084/api/v1
[shibosi] 2026/07/30 23:07:49 logger.go:55: [INFO] ========================================
[shibosi] 2026/07/30 23:07:56 logger.go:87: 2026-07-30 23:07:56.932 | 200 |    128.6594ms |             ::1 | GET     | /admin-v2/
[shibosi] 2026/07/30 23:08:03 logger.go:87: 2026-07-30 23:08:03.984 | 200 |            0s |             ::1 | GET     | /api/health
[shibosi] 2026/07/30 23:08:04 logger.go:87: 2026-07-30 23:08:04.371 | 200 |       558.7µs |             ::1 | POST    | /api/v1/auth/login
[shibosi] 2026/07/30 23:08:10 logger.go:87: 2026-07-30 23:08:10.817 | 200 |    468.8767ms |             ::1 | POST    | /api/v1/auth/login
[shibosi] 2026/07/30 23:08:18 logger.go:87: 2026-07-30 23:08:18.969 | 200 |            0s |             ::1 | GET     | /api/health
[shibosi] 2026/07/30 23:08:20 logger.go:87: 2026-07-30 23:08:20.482 | 200 |            0s |             ::1 | GET     | /api/v2/dashboard/system-stat
[shibosi] 2026/07/30 23:08:29 logger.go:87: 2026-07-30 23:08:29.938 | 200 |      1.6698ms |             ::1 | GET     | /api/v2/firewall/rules
[shibosi] 2026/07/30 23:08:29 logger.go:87: 2026-07-30 23:08:29.968 | 200 |       580.6µs |             ::1 | GET     | /api/v2/software
[shibosi] 2026/07/30 23:08:29 logger.go:87: 2026-07-30 23:08:29.999 | 200 |       575.9µs |             ::1 | GET     | /api/v2/crontabs
[shibosi] 2026/07/30 23:08:30 logger.go:87: 2026-07-30 23:08:30.032 | 200 |      4.7985ms |             ::1 | GET     | /api/v2/files/tree?path=/&depth=1
[shibosi] 2026/07/30 23:08:30 logger.go:87: 2026-07-30 23:08:30.061 | 200 |            0s |             ::1 | GET     | /api/v2/terminal/sessions
[shibosi] 2026/07/30 23:08:30 logger.go:87: 2026-07-30 23:08:30.089 | 200 |       537.3µs |             ::1 | GET     | /api/v2/logs
[shibosi] 2026/07/30 23:08:33 logger.go:87: 2026-07-30 23:08:33.967 | 200 |            0s |             ::1 | GET     | /api/health
[shibosi] 2026/07/30 23:08:37 logger.go:87: 2026-07-30 23:08:37.093 | 200 |            0s |             ::1 | GET     | /admin-v2/
[shibosi] 2026/07/30 23:08:37 logger.go:87: 2026-07-30 23:08:37.123 | 200 |            0s |             ::1 | GET     | /admin-v2/css/theme.css?v=20260730
[shibosi] 2026/07/30 23:08:37 logger.go:87: 2026-07-30 23:08:37.128 | 200 |         529µs |             ::1 | GET     | /admin-v2/js/api.js?v=20260730
[shibosi] 2026/07/30 23:08:37 logger.go:87: 2026-07-30 23:08:37.134 | 200 |      1.0625ms |             ::1 | GET     | /admin-v2/js/modules/dashboard.js?v=20260730
[shibosi] 2026/07/30 23:08:37 logger.go:87: 2026-07-30 23:08:37.137 | 200 |      2.5584ms |             ::1 | GET     | /admin-v2/js/modules/firewall.js?v=20260730
[shibosi] 2026/07/30 23:08:37 logger.go:87: 2026-07-30 23:08:37.139 | 200 |      9.2305ms |             ::1 | GET     | /admin-v2/js/ws.js?v=20260730
[shibosi] 2026/07/30 23:08:37 logger.go:87: 2026-07-30 23:08:37.140 | 200 |       544.4µs |             ::1 | GET     | /admin-v2/js/modules/software.js?v=20260730
[shibosi] 2026/07/30 23:08:37 logger.go:87: 2026-07-30 23:08:37.141 | 200 |      1.6077ms |             ::1 | GET     | /admin-v2/js/modules/files.js?v=20260730
[shibosi] 2026/07/30 23:08:37 logger.go:87: 2026-07-30 23:08:37.141 | 200 |     12.3685ms |             ::1 | GET     | /admin-v2/js/ui.js?v=20260730
[shibosi] 2026/07/30 23:08:37 logger.go:87: 2026-07-30 23:08:37.145 | 200 |      1.0592ms |             ::1 | GET     | /admin-v2/js/modules/crontab.js?v=20260730
[shibosi] 2026/07/30 23:08:37 logger.go:87: 2026-07-30 23:08:37.156 | 200 |      2.8288ms |             ::1 | GET     | /admin-v2/js/app.js?v=20260730
[shibosi] 2026/07/30 23:08:37 logger.go:87: 2026-07-30 23:08:37.158 | 200 |      2.1676ms |             ::1 | GET     | /admin-v2/js/modules/terminal.js?v=20260730
[shibosi] 2026/07/30 23:08:37 logger.go:87: 2026-07-30 23:08:37.329 | 404 |            0s |             ::1 | GET     | /api/v2/auth/profile
[shibosi] 2026/07/30 23:08:48 logger.go:87: 2026-07-30 23:08:48.968 | 200 |            0s |             ::1 | GET     | /api/health
[shibosi] 2026/07/30 23:09:03 logger.go:87: 2026-07-30 23:09:03.981 | 200 |            0s |             ::1 | GET     | /api/health
[shibosi] 2026/07/30 23:09:07 logger.go:87: 2026-07-30 23:09:07.802 | 200 |            0s |             ::1 | POST    | /api/v1/auth/login
[shibosi] 2026/07/30 23:09:17 logger.go:87: 2026-07-30 23:09:17.291 | 200 |    869.8246ms |             ::1 | POST    | /api/v1/auth/login
[shibosi] 2026/07/30 23:09:18 logger.go:87: 2026-07-30 23:09:18.992 | 200 |            0s |             ::1 | GET     | /api/health
[shibosi] 2026/07/30 23:09:21 logger.go:87: 2026-07-30 23:09:21.504 | 304 |       528.6µs |             ::1 | GET     | /admin/
[shibosi] 2026/07/30 23:09:21 logger.go:87: 2026-07-30 23:09:21.556 | 304 |      1.0105ms |             ::1 | GET     | /admin/app.js?v=20260730c
[shibosi] 2026/07/30 23:09:21 logger.go:87: 2026-07-30 23:09:21.573 | 200 |            0s |             ::1 | GET     | /api/v1/admin/modules
[shibosi] 2026/07/30 23:09:21 logger.go:87: 2026-07-30 23:09:21.590 | 200 |       577.7µs |             ::1 | GET     | /api/v1/admin/services
[shibosi] 2026/07/30 23:09:22 logger.go:87: 2026-07-30 23:09:22.262 | 304 |       1.002ms |             ::1 | GET     | /admin/
[shibosi] 2026/07/30 23:09:22 logger.go:87: 2026-07-30 23:09:22.315 | 200 |      1.0039ms |             ::1 | GET     | /api/v1/admin/modules
[shibosi] 2026/07/30 23:09:22 logger.go:87: 2026-07-30 23:09:22.321 | 200 |            0s |             ::1 | GET     | /api/v1/admin/services
[shibosi] 2026/07/30 23:09:22 logger.go:87: 2026-07-30 23:09:22.525 | 304 |      1.0004ms |             ::1 | GET     | /admin/
[shibosi] 2026/07/30 23:09:22 logger.go:87: 2026-07-30 23:09:22.585 | 200 |            0s |             ::1 | GET     | /api/v1/admin/modules
[shibosi] 2026/07/30 23:09:22 logger.go:87: 2026-07-30 23:09:22.593 | 200 |       995.9µs |             ::1 | GET     | /api/v1/admin/services
[shibosi] 2026/07/30 23:09:23 logger.go:87: 2026-07-30 23:09:23.406 | 200 |            0s |             ::1 | POST    | /api/v1/auth/logout
[shibosi] 2026/07/30 23:09:28 logger.go:87: 2026-07-30 23:09:28.222 | 200 |    477.1487ms |             ::1 | POST    | /api/v1/auth/login
[shibosi] 2026/07/30 23:09:28 logger.go:87: 2026-07-30 23:09:28.245 | 304 |       558.8µs |             ::1 | GET     | /admin/
[shibosi] 2026/07/30 23:09:28 logger.go:87: 2026-07-30 23:09:28.314 | 200 |      1.0011ms |             ::1 | GET     | /api/v1/admin/modules
[shibosi] 2026/07/30 23:09:28 logger.go:87: 2026-07-30 23:09:28.335 | 200 |       438.3µs |             ::1 | GET     | /api/v1/admin/services
[shibosi] 2026/07/30 23:09:33 logger.go:87: 2026-07-30 23:09:33.966 | 200 |            0s |             ::1 | GET     | /api/health
[shibosi] 2026/07/30 23:09:39 logger.go:87: 2026-07-30 23:09:39.908 | 200 |      1.2119ms |             ::1 | GET     | /api/v2/firewall/rules
[shibosi] 2026/07/30 23:09:39 logger.go:87: 2026-07-30 23:09:39.909 | 200 |            0s |             ::1 | GET     | /api/v2/firewall/blocked
[shibosi] 2026/07/30 23:09:40 logger.go:87: 2026-07-30 23:09:40.463 | 200 |      4.8352ms |             ::1 | GET     | /api/v2/files/tree?path=%2F&depth=2
[shibosi] 2026/07/30 23:09:40 logger.go:87: 2026-07-30 23:09:40.824 | 200 |      3.6542ms |             ::1 | GET     | /api/v2/software
[shibosi] 2026/07/30 23:09:41 logger.go:87: 2026-07-30 23:09:41.365 | 200 |      6.9011ms |             ::1 | GET     | /api/v2/files/tree?path=%2F&depth=2
[shibosi] 2026/07/30 23:09:45 logger.go:87: 2026-07-30 23:09:45.965 | 200 |       521.7µs |             ::1 | GET     | /api/v2/software
[shibosi] 2026/07/30 23:09:46 logger.go:87: 2026-07-30 23:09:46.827 | 200 |      1.7319ms |             ::1 | GET     | /api/v2/crontabs
[shibosi] 2026/07/30 23:09:47 logger.go:87: 2026-07-30 23:09:47.721 | 200 |            0s |             ::1 | GET     | /api/v2/terminal/sessions
[shibosi] 2026/07/30 23:09:47 logger.go:87: 2026-07-30 23:09:47.722 | 200 |       217.4µs |             ::1 | GET     | /api/v2/logs
[shibosi] 2026/07/30 23:09:48 logger.go:87: 2026-07-30 23:09:48.969 | 200 |            0s |             ::1 | GET     | /api/health
[shibosi] 2026/07/30 23:09:53 logger.go:87: 2026-07-30 23:09:53.633 | 204 |            0s |             ::1 | OPTIONS | /api/v1/user/data
[shibosi] 2026/07/30 23:09:53 logger.go:87: 2026-07-30 23:09:53.634 | 204 |            0s |             ::1 | OPTIONS | /api/v1/user/data
[shibosi] 2026/07/30 23:09:53 logger.go:87: 2026-07-30 23:09:53.636 | 401 |            0s |             ::1 | GET     | /api/v1/user/data
[shibosi] 2026/07/30 23:09:53 logger.go:87: 2026-07-30 23:09:53.637 | 401 |            0s |             ::1 | GET     | /api/v1/user/data
[shibosi] 2026/07/30 23:10:00 logger.go:55: [INFO] 定时任务: Redis黑名单同步
[shibosi] 2026/07/30 23:10:00 logger.go:87: 2026-07-30 23:10:00.232 | 200 |       1.113ms |             ::1 | GET     | /admin/
[shibosi] 2026/07/30 23:10:00 logger.go:87: 2026-07-30 23:10:00.245 | 200 |      1.0031ms |             ::1 | GET     | /admin/app.js?v=20260730c
[shibosi] 2026/07/30 23:10:00 logger.go:87: 2026-07-30 23:10:00.302 | 404 |            0s |             ::1 | GET     | /favicon.ico
[shibosi] 2026/07/30 23:10:02 logger.go:87: 2026-07-30 23:10:02.490 | 304 |         556µs |             ::1 | GET     | /admin/
[shibosi] 2026/07/30 23:10:02 logger.go:87: 2026-07-30 23:10:02.747 | 304 |      1.2457ms |             ::1 | GET     | /admin/
[shibosi] 2026/07/30 23:10:02 logger.go:87: 2026-07-30 23:10:02.949 | 304 |       581.7µs |             ::1 | GET     | /admin/
[shibosi] 2026/07/30 23:10:03 logger.go:87: 2026-07-30 23:10:03.109 | 304 |       583.2µs |             ::1 | GET     | /admin/
[shibosi] 2026/07/30 23:10:03 logger.go:87: 2026-07-30 23:10:03.251 | 304 |       615.9µs |             ::1 | GET     | /admin/
[shibosi] 2026/07/30 23:10:03 logger.go:87: 2026-07-30 23:10:03.975 | 200 |            0s |             ::1 | GET     | /api/health
[shibosi] 2026/07/30 23:10:07 logger.go:87: 2026-07-30 23:10:07.442 | 304 |       4.803ms |             ::1 | GET     | /admin-v2/
[shibosi] 2026/07/30 23:10:07 logger.go:87: 2026-07-30 23:10:07.451 | 200 |   49.8091338s |             ::1 | GET     | /ws/subscribe
[shibosi] 2026/07/30 23:10:07 logger.go:87: 2026-07-30 23:10:07.609 | 304 |      1.6384ms |             ::1 | GET     | /admin-v2/js/api.js?v=20260730
[shibosi] 2026/07/30 23:10:07 logger.go:87: 2026-07-30 23:10:07.626 | 304 |       459.3µs |             ::1 | GET     | /admin-v2/js/modules/crontab.js?v=20260730
[shibosi] 2026/07/30 23:10:07 logger.go:87: 2026-07-30 23:10:07.632 | 304 |      6.5123ms |             ::1 | GET     | /admin-v2/js/modules/software.js?v=20260730
[shibosi] 2026/07/30 23:10:07 logger.go:87: 2026-07-30 23:10:07.640 | 304 |       1.002ms |             ::1 | GET     | /admin-v2/js/modules/terminal.js?v=20260730
[shibosi] 2026/07/30 23:10:07 logger.go:87: 2026-07-30 23:10:07.640 | 304 |      3.9982ms |             ::1 | GET     | /admin-v2/js/app.js?v=20260730
[shibosi] 2026/07/30 23:10:14 logger.go:87: 2026-07-30 23:10:14.960 | 200 |      1.6622ms |             ::1 | GET     | /admin-v2/
[shibosi] 2026/07/30 23:10:15 logger.go:87: 2026-07-30 23:10:15.013 | 200 |       553.3µs |             ::1 | GET     | /admin-v2/css/theme.css?v=20260730
[shibosi] 2026/07/30 23:10:15 logger.go:87: 2026-07-30 23:10:15.014 | 200 |       1.024ms |             ::1 | GET     | /admin-v2/js/api.js?v=20260730
[shibosi] 2026/07/30 23:10:15 logger.go:87: 2026-07-30 23:10:15.015 | 200 |       526.8µs |             ::1 | GET     | /admin-v2/js/ui.js?v=20260730
[shibosi] 2026/07/30 23:10:15 logger.go:87: 2026-07-30 23:10:15.017 | 200 |       528.2µs |             ::1 | GET     | /admin-v2/js/ws.js?v=20260730
[shibosi] 2026/07/30 23:10:15 logger.go:87: 2026-07-30 23:10:15.024 | 200 |      7.0289ms |             ::1 | GET     | /admin-v2/js/modules/dashboard.js?v=20260730
[shibosi] 2026/07/30 23:10:15 logger.go:87: 2026-07-30 23:10:15.030 | 200 |      1.0028ms |             ::1 | GET     | /admin-v2/js/modules/files.js?v=20260730
[shibosi] 2026/07/30 23:10:15 logger.go:87: 2026-07-30 23:10:15.031 | 200 |      1.0024ms |             ::1 | GET     | /admin-v2/js/modules/firewall.js?v=20260730
[shibosi] 2026/07/30 23:10:15 logger.go:87: 2026-07-30 23:10:15.037 | 200 |      5.9973ms |             ::1 | GET     | /admin-v2/js/modules/software.js?v=20260730
[shibosi] 2026/07/30 23:10:15 logger.go:87: 2026-07-30 23:10:15.039 | 200 |      1.0003ms |             ::1 | GET     | /admin-v2/js/modules/terminal.js?v=20260730
[shibosi] 2026/07/30 23:10:15 logger.go:87: 2026-07-30 23:10:15.045 | 200 |       7.996ms |             ::1 | GET     | /admin-v2/js/app.js?v=20260730
[shibosi] 2026/07/30 23:10:15 logger.go:87: 2026-07-30 23:10:15.057 | 200 |     16.8416ms |             ::1 | GET     | /admin-v2/js/modules/crontab.js?v=20260730
[shibosi] 2026/07/30 23:10:15 logger.go:87: 2026-07-30 23:10:15.088 | 404 |            0s |             ::1 | GET     | /api/v2/auth/profile
[shibosi] 2026/07/30 23:10:18 logger.go:87: 2026-07-30 23:10:18.974 | 200 |            0s |             ::1 | GET     | /api/health
[shibosi] 2026/07/30 23:10:19 logger.go:87: 2026-07-30 23:10:19.772 | 200 |    469.6627ms |             ::1 | POST    | /api/v1/auth/login
[shibosi] 2026/07/30 23:10:22 logger.go:87: 2026-07-30 23:10:22.436 | 200 |            0s |             ::1 | GET     | /api/v2/firewall/blocked
[shibosi] 2026/07/30 23:10:22 logger.go:87: 2026-07-30 23:10:22.437 | 200 |      2.0026ms |             ::1 | GET     | /api/v2/firewall/rules
[shibosi] 2026/07/30 23:10:23 logger.go:87: 2026-07-30 23:10:23.292 | 200 |            0s |             ::1 | GET     | /api/v2/firewall/blocked
[shibosi] 2026/07/30 23:10:23 logger.go:87: 2026-07-30 23:10:23.292 | 200 |       657.8µs |             ::1 | GET     | /api/v2/firewall/rules
[shibosi] 2026/07/30 23:10:23 logger.go:87: 2026-07-30 23:10:23.572 | 200 |      2.9984ms |             ::1 | GET     | /api/v2/files/tree?path=%2F&depth=2
[shibosi] 2026/07/30 23:10:24 logger.go:87: 2026-07-30 23:10:24.129 | 200 |     85.8044ms |             ::1 | GET     | /api/v2/software
[shibosi] 2026/07/30 23:10:24 logger.go:87: 2026-07-30 23:10:24.285 | 200 |         718µs |             ::1 | GET     | /api/v2/crontabs
[shibosi] 2026/07/30 23:10:24 logger.go:87: 2026-07-30 23:10:24.894 | 200 |      1.7702ms |             ::1 | GET     | /api/v2/files/tree?path=%2F&depth=2
[shibosi] 2026/07/30 23:10:25 logger.go:87: 2026-07-30 23:10:25.220 | 200 |        1.03ms |             ::1 | GET     | /api/v2/software
[shibosi] 2026/07/30 23:10:25 logger.go:87: 2026-07-30 23:10:25.505 | 200 |       525.1µs |             ::1 | GET     | /api/v2/crontabs
[shibosi] 2026/07/30 23:10:25 logger.go:87: 2026-07-30 23:10:25.800 | 200 |            0s |             ::1 | GET     | /api/v2/terminal/sessions
[shibosi] 2026/07/30 23:10:25 logger.go:87: 2026-07-30 23:10:25.801 | 200 |            0s |             ::1 | GET     | /api/v2/logs
[shibosi] 2026/07/30 23:10:26 logger.go:87: 2026-07-30 23:10:26.165 | 200 |        38.5µs |             ::1 | GET     | /api/v2/terminal/sessions
[shibosi] 2026/07/30 23:10:26 logger.go:87: 2026-07-30 23:10:26.166 | 200 |      1.1392ms |             ::1 | GET     | /api/v2/logs
[shibosi] 2026/07/30 23:10:26 logger.go:87: 2026-07-30 23:10:26.414 | 200 |       554.9µs |             ::1 | GET     | /api/v2/crontabs
[shibosi] 2026/07/30 23:10:26 logger.go:87: 2026-07-30 23:10:26.752 | 200 |         522µs |             ::1 | GET     | /api/v2/software
[shibosi] 2026/07/30 23:10:27 logger.go:87: 2026-07-30 23:10:27.278 | 200 |      4.1953ms |             ::1 | GET     | /api/v2/files/tree?path=%2F&depth=2
[shibosi] 2026/07/30 23:10:27 logger.go:87: 2026-07-30 23:10:27.793 | 200 |            0s |             ::1 | GET     | /api/v2/firewall/blocked
[shibosi] 2026/07/30 23:10:27 logger.go:87: 2026-07-30 23:10:27.794 | 200 |      1.0018ms |             ::1 | GET     | /api/v2/firewall/rules
[shibosi] 2026/07/30 23:10:28 logger.go:87: 2026-07-30 23:10:28.934 | 200 |      2.9978ms |             ::1 | GET     | /api/v2/files/tree?path=%2F&depth=2
[shibosi] 2026/07/30 23:10:33 logger.go:87: 2026-07-30 23:10:33.970 | 200 |            0s |             ::1 | GET     | /api/health
[shibosi] 2026/07/30 23:10:35 logger.go:87: 2026-07-30 23:10:35.019 | 200 |            0s |             ::1 | GET     | /api/v2/firewall/blocked
[shibosi] 2026/07/30 23:10:35 logger.go:87: 2026-07-30 23:10:35.019 | 200 |       599.7µs |             ::1 | GET     | /api/v2/firewall/rules
[shibosi] 2026/07/30 23:10:35 logger.go:87: 2026-07-30 23:10:35.375 | 200 |      3.2321ms |             ::1 | GET     | /api/v2/files/tree?path=%2F&depth=2
[shibosi] 2026/07/30 23:10:35 logger.go:87: 2026-07-30 23:10:35.661 | 200 |      1.0292ms |             ::1 | GET     | /api/v2/software
[shibosi] 2026/07/30 23:10:35 logger.go:87: 2026-07-30 23:10:35.923 | 200 |      1.6915ms |             ::1 | GET     | /api/v2/crontabs
[shibosi] 2026/07/30 23:10:36 logger.go:87: 2026-07-30 23:10:36.161 | 200 |            0s |             ::1 | GET     | /api/v2/terminal/sessions
[shibosi] 2026/07/30 23:10:36 logger.go:87: 2026-07-30 23:10:36.163 | 200 |        24.8µs |             ::1 | GET     | /api/v2/logs
[shibosi] 2026/07/30 23:10:36 logger.go:87: 2026-07-30 23:10:36.408 | 200 |            0s |             ::1 | GET     | /api/v2/terminal/sessions
[shibosi] 2026/07/30 23:10:36 logger.go:87: 2026-07-30 23:10:36.410 | 200 |            0s |             ::1 | GET     | /api/v2/logs
[shibosi] 2026/07/30 23:10:36 logger.go:87: 2026-07-30 23:10:36.646 | 200 |         734µs |             ::1 | GET     | /api/v2/software
[shibosi] 2026/07/30 23:10:36 logger.go:87: 2026-07-30 23:10:36.907 | 200 |      2.0803ms |             ::1 | GET     | /api/v2/files/tree?path=%2F&depth=2
[shibosi] 2026/07/30 23:10:37 logger.go:87: 2026-07-30 23:10:37.095 | 200 |            0s |             ::1 | GET     | /api/v2/firewall/blocked
[shibosi] 2026/07/30 23:10:37 logger.go:87: 2026-07-30 23:10:37.096 | 200 |       996.9µs |             ::1 | GET     | /api/v2/firewall/rules
[shibosi] 2026/07/30 23:10:37 logger.go:87: 2026-07-30 23:10:37.687 | 200 |            0s |             ::1 | GET     | /api/v2/software
[shibosi] 2026/07/30 23:10:48 logger.go:87: 2026-07-30 23:10:48.972 | 200 |            0s |             ::1 | GET     | /api/health
[shibosi] 2026/07/30 23:16:58 logger.go:55: [INFO] 定时任务已注册
[shibosi] 2026/07/30 23:16:58 logger.go:55: [INFO] 市舶司 v2 后台已就绪 - 6 大模块全部启用
[shibosi] 2026/07/30 23:16:58 logger.go:55: [INFO] 访问: http://localhost:8084/admin
[shibosi] 2026/07/30 23:16:58 logger.go:55: [INFO] ========================================
[shibosi] 2026/07/30 23:16:58 logger.go:55: [INFO]   市舶司 - 统一管理后台 v2.0
[shibosi] 2026/07/30 23:16:58 logger.go:55: [INFO] ========================================
[shibosi] 2026/07/30 23:16:58 logger.go:55: [INFO] 监听地址: http://localhost:8084
[shibosi] 2026/07/30 23:16:58 logger.go:55: [INFO] 管理面板: http://localhost:8084/admin
[shibosi] 2026/07/30 23:16:58 logger.go:55: [INFO] API文档:  http://localhost:8084/api/v1
[shibosi] 2026/07/30 23:16:58 logger.go:55: [INFO] ========================================
[shibosi] 2026/07/30 23:17:07 logger.go:87: 2026-07-30 23:17:07.464 | 200 |    490.7927ms |             ::1 | POST    | /api/v1/auth/login
[shibosi] 2026/07/30 23:17:07 logger.go:87: 2026-07-30 23:17:07.536 | 200 |      1.1181ms |             ::1 | GET     | /api/v1/admin/modules
[shibosi] 2026/07/30 23:17:13 logger.go:87: 2026-07-30 23:17:13.281 | 200 |            0s |             ::1 | GET     | /api/health
[shibosi] 2026/07/30 23:17:16 logger.go:87: 2026-07-30 23:17:16.715 | 200 |    582.4984ms |             ::1 | POST    | /api/v1/auth/login
[shibosi] 2026/07/30 23:17:16 logger.go:87: 2026-07-30 23:17:16.813 | 200 |       566.1µs |             ::1 | GET     | /api/v2/firewall/rules
[shibosi] 2026/07/30 23:17:17 logger.go:87: 2026-07-30 23:17:17.093 | 200 |            0s |             ::1 | GET     | /api/v2/software
[shibosi] 2026/07/30 23:17:17 logger.go:87: 2026-07-30 23:17:17.254 | 200 |      3.4455ms |             ::1 | GET     | /api/v2/files/tree?path=/&depth=1
[shibosi] 2026/07/30 23:17:21 logger.go:87: 2026-07-30 23:17:21.942 | 200 |    109.9481ms |             ::1 | GET     | /admin/
[shibosi] 2026/07/30 23:17:21 logger.go:87: 2026-07-30 23:17:21.956 | 200 |      1.5262ms |             ::1 | GET     | /admin/app.js?v=20260730d
[shibosi] 2026/07/30 23:17:28 logger.go:87: 2026-07-30 23:17:28.275 | 200 |            0s |             ::1 | GET     | /api/health
[shibosi] 2026/07/30 23:17:43 logger.go:87: 2026-07-30 23:17:43.280 | 200 |            0s |             ::1 | GET     | /api/health
[shibosi] 2026/07/30 23:17:58 logger.go:87: 2026-07-30 23:17:58.281 | 200 |            0s |             ::1 | GET     | /api/health
[shibosi] 2026/07/30 23:18:13 logger.go:87: 2026-07-30 23:18:13.274 | 200 |            0s |             ::1 | GET     | /api/health
[shibosi] 2026/07/30 23:18:28 logger.go:87: 2026-07-30 23:18:28.277 | 200 |            0s |             ::1 | GET     | /api/health
[shibosi] 2026/07/30 23:18:43 logger.go:87: 2026-07-30 23:18:43.277 | 200 |            0s |             ::1 | GET     | /api/health
[shibosi] 2026/07/30 23:18:58 logger.go:87: 2026-07-30 23:18:58.280 | 200 |       219.9µs |             ::1 | GET     | /api/health
[shibosi] 2026/07/30 23:19:13 logger.go:87: 2026-07-30 23:19:13.278 | 200 |            0s |             ::1 | GET     | /api/health
[shibosi] 2026/07/30 23:19:28 logger.go:87: 2026-07-30 23:19:28.278 | 200 |            0s |             ::1 | GET     | /api/health
[shibosi] 2026/07/30 23:19:43 logger.go:87: 2026-07-30 23:19:43.276 | 200 |       142.6µs |             ::1 | GET     | /api/health
[shibosi] 2026/07/30 23:19:58 logger.go:87: 2026-07-30 23:19:58.277 | 200 |            0s |             ::1 | GET     | /api/health
[shibosi] 2026/07/30 23:20:00 logger.go:55: [INFO] 定时任务: Redis黑名单同步
[shibosi] 2026/07/30 23:20:13 logger.go:87: 2026-07-30 23:20:13.276 | 200 |            0s |             ::1 | GET     | /api/health
[shibosi] 2026/07/30 23:20:28 logger.go:87: 2026-07-30 23:20:28.281 | 200 |            0s |             ::1 | GET     | /api/health
[shibosi] 2026/07/30 23:20:43 logger.go:87: 2026-07-30 23:20:43.276 | 200 |            0s |             ::1 | GET     | /api/health
[shibosi] 2026/07/30 23:20:58 logger.go:87: 2026-07-30 23:20:58.277 | 200 |            0s |             ::1 | GET     | /api/health
[shibosi] 2026/07/30 23:21:13 logger.go:87: 2026-07-30 23:21:13.272 | 200 |            0s |             ::1 | GET     | /api/health
[shibosi] 2026/07/30 23:21:28 logger.go:87: 2026-07-30 23:21:28.280 | 200 |          48µs |             ::1 | GET     | /api/health
[shibosi] 2026/07/30 23:21:43 logger.go:87: 2026-07-30 23:21:43.274 | 200 |            0s |             ::1 | GET     | /api/health
[shibosi] 2026/07/30 23:21:58 logger.go:87: 2026-07-30 23:21:58.275 | 200 |            0s |             ::1 | GET     | /api/health
[shibosi] 2026/07/30 23:22:13 logger.go:87: 2026-07-30 23:22:13.276 | 200 |            0s |             ::1 | GET     | /api/health
[shibosi] 2026/07/30 23:22:28 logger.go:87: 2026-07-30 23:22:28.276 | 200 |            0s |             ::1 | GET     | /api/health
[shibosi] 2026/07/30 23:22:43 logger.go:87: 2026-07-30 23:22:43.276 | 200 |            0s |             ::1 | GET     | /api/health
[shibosi] 2026/07/30 23:22:58 logger.go:87: 2026-07-30 23:22:58.274 | 200 |            0s |             ::1 | GET     | /api/health
[shibosi] 2026/07/30 23:23:13 logger.go:87: 2026-07-30 23:23:13.280 | 200 |            0s |             ::1 | GET     | /api/health
[shibosi] 2026/07/30 23:23:28 logger.go:87: 2026-07-30 23:23:28.279 | 200 |            0s |             ::1 | GET     | /api/health
[shibosi] 2026/07/30 23:23:43 logger.go:87: 2026-07-30 23:23:43.276 | 200 |            0s |             ::1 | GET     | /api/health
[shibosi] 2026/07/30 23:23:58 logger.go:87: 2026-07-30 23:23:58.277 | 200 |            0s |             ::1 | GET     | /api/health
[shibosi] 2026/07/30 23:24:13 logger.go:87: 2026-07-30 23:24:13.271 | 200 |            0s |             ::1 | GET     | /api/health
[shibosi] 2026/07/30 23:24:28 logger.go:87: 2026-07-30 23:24:28.280 | 200 |       296.3µs |             ::1 | GET     | /api/health
[shibosi] 2026/07/30 23:24:43 logger.go:87: 2026-07-30 23:24:43.279 | 200 |            0s |             ::1 | GET     | /api/health
[shibosi] 2026/07/30 23:24:58 logger.go:87: 2026-07-30 23:24:58.279 | 200 |            0s |             ::1 | GET     | /api/health
[shibosi] 2026/07/30 23:25:00 logger.go:55: [INFO] 定时任务: Redis黑名单同步
[shibosi] 2026/07/30 23:25:13 logger.go:87: 2026-07-30 23:25:13.278 | 200 |            0s |             ::1 | GET     | /api/health
[shibosi] 2026/07/30 23:25:28 logger.go:87: 2026-07-30 23:25:28.277 | 200 |            0s |             ::1 | GET     | /api/health
[shibosi] 2026/07/30 23:25:43 logger.go:87: 2026-07-30 23:25:43.273 | 200 |            0s |             ::1 | GET     | /api/health
[shibosi] 2026/07/30 23:25:58 logger.go:87: 2026-07-30 23:25:58.276 | 200 |       135.2µs |             ::1 | GET     | /api/health
[shibosi] 2026/07/30 23:26:13 logger.go:87: 2026-07-30 23:26:13.281 | 200 |            0s |             ::1 | GET     | /api/health
[shibosi] 2026/07/30 23:26:28 logger.go:87: 2026-07-30 23:26:28.275 | 200 |            0s |             ::1 | GET     | /api/health
[shibosi] 2026/07/30 23:26:43 logger.go:87: 2026-07-30 23:26:43.274 | 200 |            0s |             ::1 | GET     | /api/health
[shibosi] 2026/07/30 23:26:58 logger.go:87: 2026-07-30 23:26:58.270 | 200 |       582.7µs |             ::1 | GET     | /api/health
[shibosi] 2026/07/30 23:27:13 logger.go:87: 2026-07-30 23:27:13.279 | 200 |            0s |             ::1 | GET     | /api/health
[shibosi] 2026/07/30 23:27:28 logger.go:87: 2026-07-30 23:27:28.277 | 200 |            0s |             ::1 | GET     | /api/health
[shibosi] 2026/07/30 23:27:43 logger.go:87: 2026-07-30 23:27:43.277 | 200 |            0s |             ::1 | GET     | /api/health
[shibosi] 2026/07/30 23:27:58 logger.go:87: 2026-07-30 23:27:58.275 | 200 |            0s |             ::1 | GET     | /api/health
[shibosi] 2026/07/30 23:28:13 logger.go:87: 2026-07-30 23:28:13.279 | 200 |            0s |             ::1 | GET     | /api/health
[shibosi] 2026/07/30 23:28:28 logger.go:87: 2026-07-30 23:28:28.276 | 200 |       138.6µs |             ::1 | GET     | /api/health
[shibosi] 2026/07/30 23:28:43 logger.go:87: 2026-07-30 23:28:43.271 | 200 |            0s |             ::1 | GET     | /api/health
[shibosi] 2026/07/30 23:28:58 logger.go:87: 2026-07-30 23:28:58.274 | 200 |        74.1µs |             ::1 | GET     | /api/health
[shibosi] 2026/07/30 23:29:13 logger.go:87: 2026-07-30 23:29:13.275 | 200 |        60.4µs |             ::1 | GET     | /api/health
[shibosi] 2026/07/30 23:29:28 logger.go:87: 2026-07-30 23:29:28.278 | 200 |            0s |             ::1 | GET     | /api/health
[shibosi] 2026/07/30 23:29:43 logger.go:87: 2026-07-30 23:29:43.277 | 200 |            0s |             ::1 | GET     | /api/health
[shibosi] 2026/07/30 23:29:58 logger.go:87: 2026-07-30 23:29:58.279 | 200 |            0s |             ::1 | GET     | /api/health
[shibosi] 2026/07/30 23:30:00 logger.go:55: [INFO] 定时任务: Redis黑名单同步
[shibosi] 2026/07/30 23:30:13 logger.go:87: 2026-07-30 23:30:13.276 | 200 |            0s |             ::1 | GET     | /api/health
[shibosi] 2026/07/30 23:30:28 logger.go:87: 2026-07-30 23:30:28.280 | 200 |            0s |             ::1 | GET     | /api/health
[shibosi] 2026/07/30 23:30:43 logger.go:87: 2026-07-30 23:30:43.272 | 200 |        95.3µs |             ::1 | GET     | /api/health
[shibosi] 2026/07/30 23:30:58 logger.go:87: 2026-07-30 23:30:58.279 | 200 |       527.5µs |             ::1 | GET     | /api/health
[shibosi] 2026/07/30 23:31:13 logger.go:87: 2026-07-30 23:31:13.275 | 200 |            0s |             ::1 | GET     | /api/health
[shibosi] 2026/07/30 23:31:28 logger.go:87: 2026-07-30 23:31:28.281 | 200 |            0s |             ::1 | GET     | /api/health
[shibosi] 2026/07/30 23:31:43 logger.go:87: 2026-07-30 23:31:43.276 | 200 |            0s |             ::1 | GET     | /api/health
[shibosi] 2026/07/30 23:31:58 logger.go:87: 2026-07-30 23:31:58.280 | 200 |            0s |             ::1 | GET     | /api/health
[shibosi] 2026/07/30 23:32:13 logger.go:87: 2026-07-30 23:32:13.278 | 200 |            0s |             ::1 | GET     | /api/health
[shibosi] 2026/07/30 23:32:28 logger.go:87: 2026-07-30 23:32:28.281 | 200 |            0s |             ::1 | GET     | /api/health
[shibosi] 2026/07/30 23:32:43 logger.go:87: 2026-07-30 23:32:43.275 | 200 |            0s |             ::1 | GET     | /api/health
[shibosi] 2026/07/30 23:32:58 logger.go:87: 2026-07-30 23:32:58.280 | 200 |            0s |             ::1 | GET     | /api/health
[shibosi] 2026/07/30 23:33:13 logger.go:87: 2026-07-30 23:33:13.276 | 200 |            0s |             ::1 | GET     | /api/health
[shibosi] 2026/07/30 23:33:28 logger.go:87: 2026-07-30 23:33:28.277 | 200 |            0s |             ::1 | GET     | /api/health
[shibosi] 2026/07/30 23:33:43 logger.go:87: 2026-07-30 23:33:43.277 | 200 |            0s |             ::1 | GET     | /api/health
[shibosi] 2026/07/30 23:33:58 logger.go:87: 2026-07-30 23:33:58.278 | 200 |            0s |             ::1 | GET     | /api/health
[shibosi] 2026/07/30 23:34:13 logger.go:87: 2026-07-30 23:34:13.273 | 200 |            0s |             ::1 | GET     | /api/health
[shibosi] 2026/07/30 23:34:28 logger.go:87: 2026-07-30 23:34:28.278 | 200 |       521.1µs |             ::1 | GET     | /api/health
[shibosi] 2026/07/30 23:34:43 logger.go:87: 2026-07-30 23:34:43.278 | 200 |            0s |             ::1 | GET     | /api/health
[shibosi] 2026/07/30 23:34:58 logger.go:87: 2026-07-30 23:34:58.272 | 200 |            0s |             ::1 | GET     | /api/health
[shibosi] 2026/07/30 23:35:00 logger.go:55: [INFO] 定时任务: Redis黑名单同步
[shibosi] 2026/07/30 23:35:13 logger.go:87: 2026-07-30 23:35:13.277 | 200 |            0s |             ::1 | GET     | /api/health
[shibosi] 2026/07/30 23:35:28 logger.go:87: 2026-07-30 23:35:28.279 | 200 |        22.1µs |             ::1 | GET     | /api/health
[shibosi] 2026/07/30 23:35:43 logger.go:87: 2026-07-30 23:35:43.279 | 200 |            0s |             ::1 | GET     | /api/health
[shibosi] 2026/07/30 23:35:58 logger.go:87: 2026-07-30 23:35:58.273 | 200 |            0s |             ::1 | GET     | /api/health
[shibosi] 2026/07/30 23:36:13 logger.go:87: 2026-07-30 23:36:13.275 | 200 |            0s |             ::1 | GET     | /api/health
[shibosi] 2026/07/30 23:36:28 logger.go:87: 2026-07-30 23:36:28.279 | 200 |            0s |             ::1 | GET     | /api/health
[shibosi] 2026/07/30 23:36:43 logger.go:87: 2026-07-30 23:36:43.280 | 200 |            0s |             ::1 | GET     | /api/health
[shibosi] 2026/07/30 23:36:58 logger.go:87: 2026-07-30 23:36:58.275 | 200 |            0s |             ::1 | GET     | /api/health
[shibosi] 2026/07/30 23:37:13 logger.go:87: 2026-07-30 23:37:13.272 | 200 |            0s |             ::1 | GET     | /api/health
[shibosi] 2026/07/30 23:37:28 logger.go:87: 2026-07-30 23:37:28.278 | 200 |            0s |             ::1 | GET     | /api/health
[shibosi] 2026/07/30 23:37:43 logger.go:87: 2026-07-30 23:37:43.277 | 200 |            0s |             ::1 | GET     | /api/health
[shibosi] 2026/07/30 23:37:58 logger.go:87: 2026-07-30 23:37:58.278 | 200 |            0s |             ::1 | GET     | /api/health
[shibosi] 2026/07/30 23:38:13 logger.go:87: 2026-07-30 23:38:13.280 | 200 |            0s |             ::1 | GET     | /api/health
[shibosi] 2026/07/30 23:38:28 logger.go:87: 2026-07-30 23:38:28.276 | 200 |            0s |             ::1 | GET     | /api/health
[shibosi] 2026/07/30 23:38:43 logger.go:87: 2026-07-30 23:38:43.281 | 200 |            0s |             ::1 | GET     | /api/health
[shibosi] 2026/07/30 23:38:58 logger.go:87: 2026-07-30 23:38:58.275 | 200 |            0s |             ::1 | GET     | /api/health
[shibosi] 2026/07/30 23:39:13 logger.go:87: 2026-07-30 23:39:13.277 | 200 |            0s |             ::1 | GET     | /api/health
[shibosi] 2026/07/30 23:39:28 logger.go:87: 2026-07-30 23:39:28.276 | 200 |            0s |             ::1 | GET     | /api/health
[shibosi] 2026/07/30 23:39:43 logger.go:87: 2026-07-30 23:39:43.282 | 200 |            0s |             ::1 | GET     | /api/health
[shibosi] 2026/07/30 23:39:58 logger.go:87: 2026-07-30 23:39:58.279 | 200 |            0s |             ::1 | GET     | /api/health
[shibosi] 2026/07/30 23:40:00 logger.go:55: [INFO] 定时任务: Redis黑名单同步
[shibosi] 2026/07/30 23:40:13 logger.go:87: 2026-07-30 23:40:13.279 | 200 |            0s |             ::1 | GET     | /api/health
[shibosi] 2026/07/30 23:40:28 logger.go:87: 2026-07-30 23:40:28.279 | 200 |            0s |             ::1 | GET     | /api/health
[shibosi] 2026/07/30 23:40:43 logger.go:87: 2026-07-30 23:40:43.277 | 200 |            0s |             ::1 | GET     | /api/health
[shibosi] 2026/07/30 23:40:58 logger.go:87: 2026-07-30 23:40:58.279 | 200 |       527.6µs |             ::1 | GET     | /api/health
[shibosi] 2026/07/30 23:41:13 logger.go:87: 2026-07-30 23:41:13.278 | 200 |            0s |             ::1 | GET     | /api/health
[shibosi] 2026/07/30 23:41:28 logger.go:87: 2026-07-30 23:41:28.283 | 200 |            0s |             ::1 | GET     | /api/health
[shibosi] 2026/07/30 23:41:43 logger.go:87: 2026-07-30 23:41:43.278 | 200 |            0s |             ::1 | GET     | /api/health
[shibosi] 2026/07/30 23:41:58 logger.go:87: 2026-07-30 23:41:58.278 | 200 |            0s |             ::1 | GET     | /api/health
[shibosi] 2026/07/30 23:42:13 logger.go:87: 2026-07-30 23:42:13.277 | 200 |            0s |             ::1 | GET     | /api/health
[shibosi] 2026/07/30 23:42:28 logger.go:87: 2026-07-30 23:42:28.274 | 200 |            0s |             ::1 | GET     | /api/health
[shibosi] 2026/07/30 23:42:43 logger.go:87: 2026-07-30 23:42:43.275 | 200 |            0s |             ::1 | GET     | /api/health
[shibosi] 2026/07/30 23:42:58 logger.go:87: 2026-07-30 23:42:58.281 | 200 |       527.3µs |             ::1 | GET     | /api/health
[shibosi] 2026/07/30 23:43:13 logger.go:87: 2026-07-30 23:43:13.278 | 200 |            0s |             ::1 | GET     | /api/health
[shibosi] 2026/07/30 23:43:28 logger.go:87: 2026-07-30 23:43:28.272 | 200 |            0s |             ::1 | GET     | /api/health
[shibosi] 2026/07/30 23:43:40 logger.go:87: 2026-07-30 23:43:40.000 | 304 |      1.1302ms |             ::1 | GET     | /admin/
[shibosi] 2026/07/30 23:43:40 logger.go:87: 2026-07-30 23:43:40.016 | 304 |      3.4353ms |             ::1 | GET     | /admin/app.js?v=20260730d
[shibosi] 2026/07/30 23:43:43 logger.go:87: 2026-07-30 23:43:43.278 | 200 |            0s |             ::1 | GET     | /api/health
[shibosi] 2026/07/30 23:43:46 logger.go:87: 2026-07-30 23:43:46.103 | 200 |    491.7017ms |             ::1 | POST    | /api/v1/auth/login
[shibosi] 2026/07/30 23:43:46 logger.go:87: 2026-07-30 23:43:46.117 | 304 |      1.0841ms |             ::1 | GET     | /admin/
[shibosi] 2026/07/30 23:43:46 logger.go:87: 2026-07-30 23:43:46.154 | 200 |            0s |             ::1 | GET     | /api/v1/admin/modules
[shibosi] 2026/07/30 23:43:46 logger.go:87: 2026-07-30 23:43:46.207 | 200 |      1.0003ms |             ::1 | GET     | /api/v1/admin/services
[shibosi] 2026/07/30 23:43:55 logger.go:87: 2026-07-30 23:43:55.575 | 200 |            0s |             ::1 | GET     | /api/v1/admin/services
[shibosi] 2026/07/30 23:43:58 logger.go:87: 2026-07-30 23:43:58.375 | 200 |            0s |             ::1 | GET     | /api/health
[shibosi] 2026/07/30 23:44:13 logger.go:87: 2026-07-30 23:44:13.280 | 200 |            0s |             ::1 | GET     | /api/health
[shibosi] 2026/07/30 23:44:28 logger.go:87: 2026-07-30 23:44:28.276 | 200 |            0s |             ::1 | GET     | /api/health
[shibosi] 2026/07/30 23:44:43 logger.go:87: 2026-07-30 23:44:43.272 | 200 |            0s |             ::1 | GET     | /api/health
[shibosi] 2026/07/30 23:44:58 logger.go:87: 2026-07-30 23:44:58.276 | 200 |            0s |             ::1 | GET     | /api/health
[shibosi] 2026/07/30 23:45:00 logger.go:55: [INFO] 定时任务: Redis黑名单同步
[shibosi] 2026/07/30 23:45:13 logger.go:87: 2026-07-30 23:45:13.277 | 200 |      3.5246ms |             ::1 | GET     | /api/health
[shibosi] 2026/07/30 23:45:28 logger.go:87: 2026-07-30 23:45:28.291 | 200 |            0s |             ::1 | GET     | /api/health
[shibosi] 2026/07/30 23:45:43 logger.go:87: 2026-07-30 23:45:43.279 | 200 |            0s |             ::1 | GET     | /api/health
[shibosi] 2026/07/30 23:45:58 logger.go:87: 2026-07-30 23:45:58.277 | 200 |            0s |             ::1 | GET     | /api/health
[shibosi] 2026/07/30 23:46:13 logger.go:87: 2026-07-30 23:46:13.292 | 200 |            0s |             ::1 | GET     | /api/health
[shibosi] 2026/07/30 23:46:28 logger.go:87: 2026-07-30 23:46:28.271 | 200 |       509.2µs |             ::1 | GET     | /api/health
[shibosi] 2026/07/30 23:46:43 logger.go:87: 2026-07-30 23:46:43.275 | 200 |            0s |             ::1 | GET     | /api/health
[shibosi] 2026/07/30 23:46:58 logger.go:87: 2026-07-30 23:46:58.274 | 200 |            0s |             ::1 | GET     | /api/health
[shibosi] 2026/07/30 23:47:13 logger.go:87: 2026-07-30 23:47:13.421 | 200 |            0s |             ::1 | GET     | /api/health
[shibosi] 2026/07/30 23:47:28 logger.go:87: 2026-07-30 23:47:28.272 | 200 |            0s |             ::1 | GET     | /api/health
[shibosi] 2026/07/30 23:47:40 logger.go:87: 2026-07-30 23:47:40.592 | 404 |            0s |             ::1 | GET     | /api/api/v2/terminal/sessions
[shibosi] 2026/07/30 23:47:43 logger.go:87: 2026-07-30 23:47:43.275 | 200 |            0s |             ::1 | GET     | /api/health
[shibosi] 2026/07/30 23:47:47 logger.go:87: 2026-07-30 23:47:47.743 | 404 |            0s |             ::1 | GET     | /api/api/v2/logs
[shibosi] 2026/07/30 23:47:50 logger.go:87: 2026-07-30 23:47:50.665 | 404 |            0s |             ::1 | GET     | /api/api/v2/crontabs
[shibosi] 2026/07/30 23:47:54 logger.go:87: 2026-07-30 23:47:54.677 | 404 |            0s |             ::1 | GET     | /api/api/v2/software
[shibosi] 2026/07/30 23:47:56 logger.go:87: 2026-07-30 23:47:56.409 | 404 |            0s |             ::1 | GET     | /api/api/v2/files/tree?path=%2F&depth=1
[shibosi] 2026/07/30 23:47:58 logger.go:87: 2026-07-30 23:47:58.276 | 200 |            0s |             ::1 | GET     | /api/health
[shibosi] 2026/07/30 23:48:01 logger.go:87: 2026-07-30 23:48:01.960 | 200 |            0s |             ::1 | GET     | /api/v1/admin/services
[shibosi] 2026/07/30 23:48:11 logger.go:87: 2026-07-30 23:48:11.614 | 200 |       575.3µs |             ::1 | GET     | /admin/
[shibosi] 2026/07/30 23:48:11 logger.go:87: 2026-07-30 23:48:11.628 | 200 |      1.3214ms |             ::1 | GET     | /admin/app.js?v=20260730e
[shibosi] 2026/07/30 23:48:11 logger.go:87: 2026-07-30 23:48:11.645 | 200 |      2.0024ms |             ::1 | GET     | /api/v1/admin/modules
[shibosi] 2026/07/30 23:48:11 logger.go:87: 2026-07-30 23:48:11.654 | 200 |       695.6µs |             ::1 | GET     | /api/v1/admin/services
[shibosi] 2026/07/30 23:48:13 logger.go:87: 2026-07-30 23:48:13.278 | 200 |            0s |             ::1 | GET     | /api/health
[shibosi] 2026/07/30 23:48:22 logger.go:87: 2026-07-30 23:48:22.668 | 304 |       3.953ms |             ::1 | GET     | /admin/
[shibosi] 2026/07/30 23:48:22 logger.go:87: 2026-07-30 23:48:22.881 | 304 |      1.0036ms |             ::1 | GET     | /admin/app.js?v=20260730e
[shibosi] 2026/07/30 23:48:22 logger.go:87: 2026-07-30 23:48:22.932 | 200 |            0s |             ::1 | GET     | /api/v1/admin/modules
[shibosi] 2026/07/30 23:48:23 logger.go:87: 2026-07-30 23:48:23.034 | 200 |      1.0012ms |             ::1 | GET     | /api/v1/admin/services
[shibosi] 2026/07/30 23:48:28 logger.go:87: 2026-07-30 23:48:28.273 | 200 |            0s |             ::1 | GET     | /api/health
[shibosi] 2026/07/30 23:48:43 logger.go:87: 2026-07-30 23:48:43.277 | 200 |            0s |             ::1 | GET     | /api/health
[shibosi] 2026/07/30 23:48:58 logger.go:87: 2026-07-30 23:48:58.280 | 200 |            0s |             ::1 | GET     | /api/health
[shibosi] 2026/07/30 23:49:13 logger.go:87: 2026-07-30 23:49:13.275 | 200 |            0s |             ::1 | GET     | /api/health
[shibosi] 2026/07/30 23:49:26 logger.go:87: 2026-07-30 23:49:26.930 | 200 |       573.5µs |             ::1 | GET     | /api/v1/admin/services
[shibosi] 2026/07/30 23:49:28 logger.go:87: 2026-07-30 23:49:28.273 | 200 |            0s |             ::1 | GET     | /api/health
[shibosi] 2026/07/30 23:49:43 logger.go:87: 2026-07-30 23:49:43.276 | 200 |            0s |             ::1 | GET     | /api/health
[shibosi] 2026/07/30 23:49:58 logger.go:87: 2026-07-30 23:49:58.277 | 200 |            0s |             ::1 | GET     | /api/health
[shibosi] 2026/07/30 23:50:00 logger.go:55: [INFO] 定时任务: Redis黑名单同步
[shibosi] 2026/07/30 23:50:13 logger.go:87: 2026-07-30 23:50:13.270 | 200 |            0s |             ::1 | GET     | /api/health
[shibosi] 2026/07/30 23:50:28 logger.go:87: 2026-07-30 23:50:28.443 | 200 |            0s |             ::1 | GET     | /api/health
[shibosi] 2026/07/30 23:50:43 logger.go:87: 2026-07-30 23:50:43.275 | 200 |            0s |             ::1 | GET     | /api/health
[shibosi] 2026/07/30 23:50:58 logger.go:87: 2026-07-30 23:50:58.275 | 200 |            0s |             ::1 | GET     | /api/health
[shibosi] 2026/07/30 23:51:13 logger.go:87: 2026-07-30 23:51:13.281 | 200 |            0s |             ::1 | GET     | /api/health
[shibosi] 2026/07/30 23:51:28 logger.go:87: 2026-07-30 23:51:28.276 | 200 |            0s |             ::1 | GET     | /api/health
[shibosi] 2026/07/30 23:51:43 logger.go:87: 2026-07-30 23:51:43.275 | 200 |            0s |             ::1 | GET     | /api/health
[shibosi] 2026/07/30 23:51:58 logger.go:87: 2026-07-30 23:51:58.277 | 200 |            0s |             ::1 | GET     | /api/health
[shibosi] 2026/07/30 23:52:13 logger.go:87: 2026-07-30 23:52:13.279 | 200 |            0s |             ::1 | GET     | /api/health
[shibosi] 2026/07/30 23:52:28 logger.go:87: 2026-07-30 23:52:28.278 | 200 |       538.8µs |             ::1 | GET     | /api/health
[shibosi] 2026/07/30 23:52:43 logger.go:87: 2026-07-30 23:52:43.278 | 200 |            0s |             ::1 | GET     | /api/health
[shibosi] 2026/07/30 23:52:58 logger.go:87: 2026-07-30 23:52:58.277 | 200 |            0s |             ::1 | GET     | /api/health
[shibosi] 2026/07/30 23:53:13 logger.go:87: 2026-07-30 23:53:13.280 | 200 |            0s |             ::1 | GET     | /api/health
[shibosi] 2026/07/30 23:53:28 logger.go:87: 2026-07-30 23:53:28.273 | 200 |            0s |             ::1 | GET     | /api/health
[shibosi] 2026/07/30 23:53:43 logger.go:87: 2026-07-30 23:53:43.279 | 200 |            0s |             ::1 | GET     | /api/health
[shibosi] 2026/07/30 23:53:58 logger.go:87: 2026-07-30 23:53:58.280 | 200 |            0s |             ::1 | GET     | /api/health
[shibosi] 2026/07/30 23:54:13 logger.go:87: 2026-07-30 23:54:13.271 | 200 |            0s |             ::1 | GET     | /api/health
[shibosi] 2026/07/30 23:54:28 logger.go:55: [INFO] 定时任务已注册
[shibosi] 2026/07/30 23:54:28 logger.go:55: [INFO] 市舶司 v2 后台已就绪 - 6 大模块全部启用
[shibosi] 2026/07/30 23:54:28 logger.go:55: [INFO] 访问: http://localhost:8084/admin
[shibosi] 2026/07/30 23:54:28 logger.go:55: [INFO] ========================================
[shibosi] 2026/07/30 23:54:28 logger.go:55: [INFO]   市舶司 - 统一管理后台 v2.0
[shibosi] 2026/07/30 23:54:28 logger.go:55: [INFO] ========================================
[shibosi] 2026/07/30 23:54:28 logger.go:55: [INFO] 监听地址: http://localhost:8084
[shibosi] 2026/07/30 23:54:28 logger.go:55: [INFO] 管理面板: http://localhost:8084/admin
[shibosi] 2026/07/30 23:54:28 logger.go:55: [INFO] API文档:  http://localhost:8084/api/v1
[shibosi] 2026/07/30 23:54:28 logger.go:55: [INFO] ========================================
[shibosi] 2026/07/30 23:54:37 logger.go:87: 2026-07-30 23:54:37.891 | 200 |    449.7894ms |             ::1 | POST    | /api/v1/auth/login
[shibosi] 2026/07/30 23:54:37 logger.go:87: 2026-07-30 23:54:37.992 | 200 |       587.7µs |             ::1 | GET     | /api/v1/admin/modules
[shibosi] 2026/07/30 23:54:38 logger.go:87: 2026-07-30 23:54:38.789 | 200 |    679.1953ms |             ::1 | POST    | /api/v1/admin/users
[shibosi] 2026/07/30 23:54:38 logger.go:87: 2026-07-30 23:54:38.892 | 200 |       548.2µs |             ::1 | GET     | /api/v1/admin/roles
[shibosi] 2026/07/30 23:54:43 logger.go:87: 2026-07-30 23:54:43.608 | 200 |            0s |             ::1 | GET     | /api/health
[shibosi] 2026/07/30 23:54:44 logger.go:87: 2026-07-30 23:54:44.713 | 200 |     127.148ms |             ::1 | GET     | /admin/
[shibosi] 2026/07/30 23:54:44 logger.go:87: 2026-07-30 23:54:44.730 | 200 |       3.936ms |             ::1 | GET     | /admin/app.js?v=20260730f
[shibosi] 2026/07/30 23:54:44 logger.go:87: 2026-07-30 23:54:44.766 | 200 |            0s |             ::1 | GET     | /api/v1/admin/modules
[shibosi] 2026/07/30 23:54:44 logger.go:87: 2026-07-30 23:54:44.787 | 200 |       2.408ms |             ::1 | GET     | /api/v1/admin/services
[shibosi] 2026/07/30 23:54:58 logger.go:87: 2026-07-30 23:54:58.584 | 200 |            0s |             ::1 | GET     | /api/health
[shibosi] 2026/07/30 23:55:00 logger.go:55: [INFO] 定时任务: Redis黑名单同步
[shibosi] 2026/07/30 23:55:13 logger.go:87: 2026-07-30 23:55:13.591 | 200 |            0s |             ::1 | GET     | /api/health
[shibosi] 2026/07/30 23:55:28 logger.go:87: 2026-07-30 23:55:28.583 | 200 |            0s |             ::1 | GET     | /api/health
[shibosi] 2026/07/30 23:55:43 logger.go:87: 2026-07-30 23:55:43.591 | 200 |            0s |             ::1 | GET     | /api/health
[shibosi] 2026/07/30 23:55:58 logger.go:87: 2026-07-30 23:55:58.594 | 200 |        19.6µs |             ::1 | GET     | /api/health
[shibosi] 2026/07/30 23:56:13 logger.go:87: 2026-07-30 23:56:13.589 | 200 |            0s |             ::1 | GET     | /api/health
[shibosi] 2026/07/30 23:56:28 logger.go:87: 2026-07-30 23:56:28.589 | 200 |            0s |             ::1 | GET     | /api/health
[shibosi] 2026/07/30 23:56:43 logger.go:87: 2026-07-30 23:56:43.585 | 200 |            0s |             ::1 | GET     | /api/health
[shibosi] 2026/07/30 23:56:58 logger.go:87: 2026-07-30 23:56:58.593 | 200 |       510.1µs |             ::1 | GET     | /api/health
[shibosi] 2026/07/30 23:57:13 logger.go:87: 2026-07-30 23:57:13.590 | 200 |            0s |             ::1 | GET     | /api/health
[shibosi] 2026/07/30 23:57:28 logger.go:87: 2026-07-30 23:57:28.588 | 200 |            0s |             ::1 | GET     | /api/health
[shibosi] 2026/07/30 23:57:43 logger.go:87: 2026-07-30 23:57:43.589 | 200 |            0s |             ::1 | GET     | /api/health
[shibosi] 2026/07/30 23:57:58 logger.go:87: 2026-07-30 23:57:58.581 | 200 |            0s |             ::1 | GET     | /api/health
[shibosi] 2026/07/30 23:58:13 logger.go:87: 2026-07-30 23:58:13.588 | 200 |            0s |             ::1 | GET     | /api/health
[shibosi] 2026/07/30 23:58:28 logger.go:87: 2026-07-30 23:58:28.590 | 200 |            0s |             ::1 | GET     | /api/health
[shibosi] 2026/07/30 23:58:43 logger.go:87: 2026-07-30 23:58:43.584 | 200 |            0s |             ::1 | GET     | /api/health
[shibosi] 2026/07/30 23:58:58 logger.go:87: 2026-07-30 23:58:58.597 | 200 |       915.5µs |             ::1 | GET     | /api/health
[shibosi] 2026/07/30 23:59:13 logger.go:87: 2026-07-30 23:59:13.589 | 200 |            0s |             ::1 | GET     | /api/health
[shibosi] 2026/07/30 23:59:28 logger.go:87: 2026-07-30 23:59:28.585 | 200 |            0s |             ::1 | GET     | /api/health
[shibosi] 2026/07/30 23:59:43 logger.go:87: 2026-07-30 23:59:43.584 | 200 |            0s |             ::1 | GET     | /api/health
[shibosi] 2026/07/30 23:59:58 logger.go:87: 2026-07-30 23:59:58.587 | 200 |            0s |             ::1 | GET     | /api/health
[shibosi] 2026/07/31 00:00:00 logger.go:55: [INFO] 定时任务: Redis黑名单同步
[shibosi] 2026/07/31 00:00:13 logger.go:87: 2026-07-31 00:00:13.589 | 200 |            0s |             ::1 | GET     | /api/health
[shibosi] 2026/07/31 00:00:28 logger.go:87: 2026-07-31 00:00:28.588 | 200 |            0s |             ::1 | GET     | /api/health
[shibosi] 2026/07/31 00:00:43 logger.go:87: 2026-07-31 00:00:43.590 | 200 |            0s |             ::1 | GET     | /api/health
[shibosi] 2026/07/31 00:00:58 logger.go:87: 2026-07-31 00:00:58.584 | 200 |            0s |             ::1 | GET     | /api/health
[shibosi] 2026/07/31 00:01:13 logger.go:87: 2026-07-31 00:01:13.589 | 200 |            0s |             ::1 | GET     | /api/health
[shibosi] 2026/07/31 00:01:28 logger.go:87: 2026-07-31 00:01:28.586 | 200 |            0s |             ::1 | GET     | /api/health
[shibosi] 2026/07/31 00:01:43 logger.go:87: 2026-07-31 00:01:43.584 | 200 |            0s |             ::1 | GET     | /api/health
[shibosi] 2026/07/31 00:01:58 logger.go:87: 2026-07-31 00:01:58.584 | 200 |            0s |             ::1 | GET     | /api/health
[shibosi] 2026/07/31 00:02:13 logger.go:87: 2026-07-31 00:02:13.584 | 200 |            0s |             ::1 | GET     | /api/health
[shibosi] 2026/07/31 00:02:28 logger.go:87: 2026-07-31 00:02:28.584 | 200 |            0s |             ::1 | GET     | /api/health
[shibosi] 2026/07/31 00:02:43 logger.go:87: 2026-07-31 00:02:43.586 | 200 |            0s |             ::1 | GET     | /api/health
[shibosi] 2026/07/31 00:02:58 logger.go:87: 2026-07-31 00:02:58.584 | 200 |            0s |             ::1 | GET     | /api/health
[shibosi] 2026/07/31 00:03:13 logger.go:87: 2026-07-31 00:03:13.590 | 200 |            0s |             ::1 | GET     | /api/health
[shibosi] 2026/07/31 00:03:28 logger.go:87: 2026-07-31 00:03:28.585 | 200 |            0s |             ::1 | GET     | /api/health
[shibosi] 2026/07/31 00:03:43 logger.go:87: 2026-07-31 00:03:43.589 | 200 |            0s |             ::1 | GET     | /api/health
[shibosi] 2026/07/31 00:03:58 logger.go:87: 2026-07-31 00:03:58.593 | 200 |            0s |             ::1 | GET     | /api/health
[shibosi] 2026/07/31 00:04:13 logger.go:87: 2026-07-31 00:04:13.589 | 200 |            0s |             ::1 | GET     | /api/health
[shibosi] 2026/07/31 00:04:28 logger.go:87: 2026-07-31 00:04:28.589 | 200 |            0s |             ::1 | GET     | /api/health
[shibosi] 2026/07/31 00:04:43 logger.go:87: 2026-07-31 00:04:43.583 | 200 |        27.8µs |             ::1 | GET     | /api/health
[shibosi] 2026/07/31 00:04:58 logger.go:87: 2026-07-31 00:04:58.590 | 200 |            0s |             ::1 | GET     | /api/health
[shibosi] 2026/07/31 00:05:00 logger.go:55: [INFO] 定时任务: Redis黑名单同步
[shibosi] 2026/07/31 00:05:13 logger.go:87: 2026-07-31 00:05:13.589 | 200 |            0s |             ::1 | GET     | /api/health
[shibosi] 2026/07/31 00:05:28 logger.go:87: 2026-07-31 00:05:28.586 | 200 |       521.2µs |             ::1 | GET     | /api/health
[shibosi] 2026/07/31 00:05:43 logger.go:87: 2026-07-31 00:05:43.585 | 200 |            0s |             ::1 | GET     | /api/health
[shibosi] 2026/07/31 00:05:58 logger.go:87: 2026-07-31 00:05:58.590 | 200 |            0s |             ::1 | GET     | /api/health
[shibosi] 2026/07/31 00:06:13 logger.go:87: 2026-07-31 00:06:13.589 | 200 |            0s |             ::1 | GET     | /api/health
[shibosi] 2026/07/31 00:06:28 logger.go:87: 2026-07-31 00:06:28.585 | 200 |            0s |             ::1 | GET     | /api/health
[shibosi] 2026/07/31 00:06:43 logger.go:87: 2026-07-31 00:06:43.588 | 200 |            0s |             ::1 | GET     | /api/health
[shibosi] 2026/07/31 00:06:58 logger.go:87: 2026-07-31 00:06:58.592 | 200 |            0s |             ::1 | GET     | /api/health
[shibosi] 2026/07/31 00:07:13 logger.go:87: 2026-07-31 00:07:13.591 | 200 |            0s |             ::1 | GET     | /api/health
[shibosi] 2026/07/31 00:07:28 logger.go:87: 2026-07-31 00:07:28.589 | 200 |            0s |             ::1 | GET     | /api/health
[shibosi] 2026/07/31 00:07:43 logger.go:87: 2026-07-31 00:07:43.591 | 200 |            0s |             ::1 | GET     | /api/health
[shibosi] 2026/07/31 00:07:58 logger.go:87: 2026-07-31 00:07:58.588 | 200 |            0s |             ::1 | GET     | /api/health
[shibosi] 2026/07/31 00:08:13 logger.go:87: 2026-07-31 00:08:13.590 | 200 |            0s |             ::1 | GET     | /api/health
[shibosi] 2026/07/31 00:08:28 logger.go:87: 2026-07-31 00:08:28.589 | 200 |            0s |             ::1 | GET     | /api/health
[shibosi] 2026/07/31 00:08:43 logger.go:87: 2026-07-31 00:08:43.590 | 200 |            0s |             ::1 | GET     | /api/health
[shibosi] 2026/07/31 00:08:58 logger.go:87: 2026-07-31 00:08:58.588 | 200 |            0s |             ::1 | GET     | /api/health
[shibosi] 2026/07/31 00:09:13 logger.go:87: 2026-07-31 00:09:13.585 | 200 |            0s |             ::1 | GET     | /api/health
[shibosi] 2026/07/31 00:09:28 logger.go:87: 2026-07-31 00:09:28.587 | 200 |            0s |             ::1 | GET     | /api/health
[shibosi] 2026/07/31 00:09:43 logger.go:87: 2026-07-31 00:09:43.591 | 200 |            0s |             ::1 | GET     | /api/health
[shibosi] 2026/07/31 00:09:58 logger.go:87: 2026-07-31 00:09:58.583 | 200 |            0s |             ::1 | GET     | /api/health
[shibosi] 2026/07/31 00:10:00 logger.go:55: [INFO] 定时任务: Redis黑名单同步
[shibosi] 2026/07/31 00:10:13 logger.go:87: 2026-07-31 00:10:13.589 | 200 |            0s |             ::1 | GET     | /api/health
[shibosi] 2026/07/31 00:10:28 logger.go:87: 2026-07-31 00:10:28.585 | 200 |            0s |             ::1 | GET     | /api/health
[shibosi] 2026/07/31 00:10:43 logger.go:87: 2026-07-31 00:10:43.590 | 200 |            0s |             ::1 | GET     | /api/health
[shibosi] 2026/07/31 00:10:58 logger.go:87: 2026-07-31 00:10:58.582 | 200 |            0s |             ::1 | GET     | /api/health
[shibosi] 2026/07/31 00:11:13 logger.go:87: 2026-07-31 00:11:13.581 | 200 |            0s |             ::1 | GET     | /api/health
[shibosi] 2026/07/31 00:11:28 logger.go:87: 2026-07-31 00:11:28.591 | 200 |            0s |             ::1 | GET     | /api/health
[shibosi] 2026/07/31 00:11:35 logger.go:87: 2026-07-31 00:11:35.919 | 200 |      3.8446ms |             ::1 | GET     | /admin/
[shibosi] 2026/07/31 00:11:35 logger.go:87: 2026-07-31 00:11:35.933 | 200 |      1.5011ms |             ::1 | GET     | /admin/app.js?v=20260730f
[shibosi] 2026/07/31 00:11:35 logger.go:87: 2026-07-31 00:11:35.954 | 200 |            0s |             ::1 | GET     | /api/v1/admin/modules
[shibosi] 2026/07/31 00:11:35 logger.go:87: 2026-07-31 00:11:35.964 | 200 |            0s |             ::1 | GET     | /api/v1/admin/services
[shibosi] 2026/07/31 00:11:43 logger.go:87: 2026-07-31 00:11:43.590 | 200 |        88.9µs |             ::1 | GET     | /api/health
[shibosi] 2026/07/31 00:11:48 logger.go:87: 2026-07-31 00:11:48.416 | 200 |      1.9986ms |             ::1 | GET     | /admin/
[shibosi] 2026/07/31 00:11:48 logger.go:87: 2026-07-31 00:11:48.434 | 200 |      2.0183ms |             ::1 | GET     | /admin/app.js?v=20260730f
[shibosi] 2026/07/31 00:11:48 logger.go:87: 2026-07-31 00:11:48.453 | 200 |       307.5µs |             ::1 | GET     | /api/v1/admin/modules
[shibosi] 2026/07/31 00:11:48 logger.go:87: 2026-07-31 00:11:48.461 | 200 |            0s |             ::1 | GET     | /api/v1/admin/services
[shibosi] 2026/07/31 00:11:48 logger.go:87: 2026-07-31 00:11:48.860 | 200 |      1.0511ms |             ::1 | GET     | /admin/
[shibosi] 2026/07/31 00:11:48 logger.go:87: 2026-07-31 00:11:48.874 | 200 |      3.2171ms |             ::1 | GET     | /admin/app.js?v=20260730f
[shibosi] 2026/07/31 00:11:48 logger.go:87: 2026-07-31 00:11:48.895 | 200 |      1.0778ms |             ::1 | GET     | /api/v1/admin/modules
[shibosi] 2026/07/31 00:11:48 logger.go:87: 2026-07-31 00:11:48.921 | 200 |            0s |             ::1 | GET     | /api/v1/admin/services
[shibosi] 2026/07/31 00:11:49 logger.go:87: 2026-07-31 00:11:49.000 | 200 |       999.5µs |             ::1 | GET     | /admin/
[shibosi] 2026/07/31 00:11:49 logger.go:87: 2026-07-31 00:11:49.015 | 200 |      1.0012ms |             ::1 | GET     | /admin/app.js?v=20260730f
[shibosi] 2026/07/31 00:11:49 logger.go:87: 2026-07-31 00:11:49.030 | 200 |       999.1µs |             ::1 | GET     | /api/v1/admin/modules
[shibosi] 2026/07/31 00:11:49 logger.go:87: 2026-07-31 00:11:49.039 | 200 |       3.551ms |             ::1 | GET     | /api/v1/admin/services
[shibosi] 2026/07/31 00:11:49 logger.go:87: 2026-07-31 00:11:49.150 | 200 |      1.0015ms |             ::1 | GET     | /admin/
[shibosi] 2026/07/31 00:11:49 logger.go:87: 2026-07-31 00:11:49.164 | 200 |       999.6µs |             ::1 | GET     | /admin/app.js?v=20260730f
[shibosi] 2026/07/31 00:11:49 logger.go:87: 2026-07-31 00:11:49.181 | 200 |            0s |             ::1 | GET     | /api/v1/admin/modules
[shibosi] 2026/07/31 00:11:49 logger.go:87: 2026-07-31 00:11:49.197 | 200 |            0s |             ::1 | GET     | /api/v1/admin/services
[shibosi] 2026/07/31 00:11:49 logger.go:87: 2026-07-31 00:11:49.299 | 200 |       999.7µs |             ::1 | GET     | /admin/
[shibosi] 2026/07/31 00:11:49 logger.go:87: 2026-07-31 00:11:49.316 | 200 |       998.6µs |             ::1 | GET     | /admin/app.js?v=20260730f
[shibosi] 2026/07/31 00:11:49 logger.go:87: 2026-07-31 00:11:49.332 | 200 |            0s |             ::1 | GET     | /api/v1/admin/modules
[shibosi] 2026/07/31 00:11:49 logger.go:87: 2026-07-31 00:11:49.339 | 200 |            0s |             ::1 | GET     | /api/v1/admin/services
[shibosi] 2026/07/31 00:11:58 logger.go:87: 2026-07-31 00:11:58.582 | 200 |            0s |             ::1 | GET     | /api/health
[shibosi] 2026/07/31 00:12:04 logger.go:87: 2026-07-31 00:12:04.049 | 404 |            0s |             ::1 | GET     | /api/v1/api/v1/admin/users
[shibosi] 2026/07/31 00:12:04 logger.go:87: 2026-07-31 00:12:04.362 | 404 |            0s |             ::1 | GET     | /api/v1/api/v1/admin/dashboard
[shibosi] 2026/07/31 00:12:09 logger.go:87: 2026-07-31 00:12:09.613 | 200 |            0s |             ::1 | GET     | /api/v1/admin/services
[shibosi] 2026/07/31 00:12:13 logger.go:87: 2026-07-31 00:12:13.582 | 200 |        14.7µs |             ::1 | GET     | /api/health
[shibosi] 2026/07/31 00:12:28 logger.go:87: 2026-07-31 00:12:28.740 | 200 |            0s |             ::1 | GET     | /api/health
[shibosi] 2026/07/31 00:12:43 logger.go:87: 2026-07-31 00:12:43.583 | 200 |       519.9µs |             ::1 | GET     | /api/health
[shibosi] 2026/07/31 00:12:58 logger.go:87: 2026-07-31 00:12:58.585 | 200 |            0s |             ::1 | GET     | /api/health
[shibosi] 2026/07/31 00:13:00 logger.go:87: 2026-07-31 00:13:00.843 | 200 |            0s |             ::1 | GET     | /api/v1/admin/modules
[shibosi] 2026/07/31 00:13:00 logger.go:87: 2026-07-31 00:13:00.877 | 200 |      1.2554ms |             ::1 | GET     | /api/v1/admin/services
[shibosi] 2026/07/31 00:13:13 logger.go:87: 2026-07-31 00:13:13.591 | 200 |            0s |             ::1 | GET     | /api/health
[shibosi] 2026/07/31 00:13:28 logger.go:87: 2026-07-31 00:13:28.582 | 200 |            0s |             ::1 | GET     | /api/health
[shibosi] 2026/07/31 00:13:43 logger.go:87: 2026-07-31 00:13:43.592 | 200 |            0s |             ::1 | GET     | /api/health
[shibosi] 2026/07/31 00:13:58 logger.go:87: 2026-07-31 00:13:58.582 | 200 |            0s |             ::1 | GET     | /api/health
[shibosi] 2026/07/31 00:14:13 logger.go:87: 2026-07-31 00:14:13.590 | 200 |            0s |             ::1 | GET     | /api/health
[shibosi] 2026/07/31 00:14:28 logger.go:87: 2026-07-31 00:14:28.583 | 200 |       541.6µs |             ::1 | GET     | /api/health
[shibosi] 2026/07/31 00:14:43 logger.go:87: 2026-07-31 00:14:43.587 | 200 |       344.2µs |             ::1 | GET     | /api/health
[shibosi] 2026/07/31 00:14:58 logger.go:87: 2026-07-31 00:14:58.583 | 200 |            0s |             ::1 | GET     | /api/health
[shibosi] 2026/07/31 00:15:00 logger.go:55: [INFO] 定时任务: Redis黑名单同步
[shibosi] 2026/07/31 00:15:13 logger.go:87: 2026-07-31 00:15:13.592 | 200 |            0s |             ::1 | GET     | /api/health
[shibosi] 2026/07/31 00:15:28 logger.go:87: 2026-07-31 00:15:28.583 | 200 |            0s |             ::1 | GET     | /api/health
[shibosi] 2026/07/31 00:15:43 logger.go:87: 2026-07-31 00:15:43.582 | 200 |            0s |             ::1 | GET     | /api/health
[shibosi] 2026/07/31 00:15:58 logger.go:87: 2026-07-31 00:15:58.613 | 200 |            0s |             ::1 | GET     | /api/health
[shibosi] 2026/07/31 00:16:13 logger.go:87: 2026-07-31 00:16:13.582 | 200 |            0s |             ::1 | GET     | /api/health
[shibosi] 2026/07/31 00:16:28 logger.go:87: 2026-07-31 00:16:28.587 | 200 |        59.1µs |             ::1 | GET     | /api/health
[shibosi] 2026/07/31 00:16:43 logger.go:87: 2026-07-31 00:16:43.583 | 200 |            0s |             ::1 | GET     | /api/health
[shibosi] 2026/07/31 00:16:58 logger.go:87: 2026-07-31 00:16:58.636 | 200 |            0s |             ::1 | GET     | /api/health
[shibosi] 2026/07/31 00:17:13 logger.go:87: 2026-07-31 00:17:13.583 | 200 |            0s |             ::1 | GET     | /api/health
[shibosi] 2026/07/31 00:17:28 logger.go:87: 2026-07-31 00:17:28.588 | 200 |            0s |             ::1 | GET     | /api/health
[shibosi] 2026/07/31 00:17:43 logger.go:87: 2026-07-31 00:17:43.583 | 200 |            0s |             ::1 | GET     | /api/health
[shibosi] 2026/07/31 00:17:58 logger.go:87: 2026-07-31 00:17:58.584 | 200 |            0s |             ::1 | GET     | /api/health
[shibosi] 2026/07/31 00:18:13 logger.go:87: 2026-07-31 00:18:13.582 | 200 |            0s |             ::1 | GET     | /api/health
[shibosi] 2026/07/31 00:18:28 logger.go:87: 2026-07-31 00:18:28.582 | 200 |            0s |             ::1 | GET     | /api/health
[shibosi] 2026/07/31 00:18:43 logger.go:87: 2026-07-31 00:18:43.590 | 200 |            0s |             ::1 | GET     | /api/health
[shibosi] 2026/07/31 00:18:58 logger.go:87: 2026-07-31 00:18:58.584 | 200 |            0s |             ::1 | GET     | /api/health
[shibosi] 2026/07/31 00:19:13 logger.go:87: 2026-07-31 00:19:13.585 | 200 |            0s |             ::1 | GET     | /api/health
[shibosi] 2026/07/31 00:19:28 logger.go:87: 2026-07-31 00:19:28.592 | 200 |        16.4µs |             ::1 | GET     | /api/health
[shibosi] 2026/07/31 00:19:43 logger.go:87: 2026-07-31 00:19:43.585 | 200 |            0s |             ::1 | GET     | /api/health
[shibosi] 2026/07/31 00:19:58 logger.go:87: 2026-07-31 00:19:58.587 | 200 |            0s |             ::1 | GET     | /api/health
[shibosi] 2026/07/31 00:20:00 logger.go:55: [INFO] 定时任务: Redis黑名单同步
[shibosi] 2026/07/31 00:20:13 logger.go:87: 2026-07-31 00:20:13.585 | 200 |            0s |             ::1 | GET     | /api/health
[shibosi] 2026/07/31 00:20:28 logger.go:87: 2026-07-31 00:20:28.587 | 200 |            0s |             ::1 | GET     | /api/health
[shibosi] 2026/07/31 00:20:43 logger.go:87: 2026-07-31 00:20:43.590 | 200 |            0s |             ::1 | GET     | /api/health
[shibosi] 2026/07/31 00:20:58 logger.go:87: 2026-07-31 00:20:58.588 | 200 |            0s |             ::1 | GET     | /api/health
[shibosi] 2026/07/31 00:21:13 logger.go:55: [INFO] 定时任务已注册
[shibosi] 2026/07/31 00:21:13 logger.go:55: [INFO] 市舶司 v2 后台已就绪 - 6 大模块全部启用
[shibosi] 2026/07/31 00:21:13 logger.go:55: [INFO] 访问: http://localhost:8084/admin
[shibosi] 2026/07/31 00:21:13 logger.go:55: [INFO] ========================================
[shibosi] 2026/07/31 00:21:13 logger.go:55: [INFO]   市舶司 - 统一管理后台 v2.0
[shibosi] 2026/07/31 00:21:13 logger.go:55: [INFO] ========================================
[shibosi] 2026/07/31 00:21:13 logger.go:55: [INFO] 监听地址: http://localhost:8084
[shibosi] 2026/07/31 00:21:13 logger.go:55: [INFO] 管理面板: http://localhost:8084/admin
[shibosi] 2026/07/31 00:21:13 logger.go:55: [INFO] API文档:  http://localhost:8084/api/v1
[shibosi] 2026/07/31 00:21:13 logger.go:55: [INFO] ========================================
[shibosi] 2026/07/31 00:21:14 logger.go:87: 2026-07-31 00:21:14.849 | 200 |    493.4156ms |             ::1 | POST    | /api/v1/auth/login
[shibosi] 2026/07/31 00:21:15 logger.go:87: 2026-07-31 00:21:15.029 | 500 |     51.9466ms |             ::1 | POST    | /api/v1/admin/services/newspaper/start
[shibosi] 2026/07/31 00:21:28 logger.go:87: 2026-07-31 00:21:28.465 | 200 |            0s |             ::1 | GET     | /api/health
[shibosi] 2026/07/31 00:21:43 logger.go:87: 2026-07-31 00:21:43.372 | 200 |            0s |             ::1 | GET     | /api/health
[shibosi] 2026/07/31 00:22:06 logger.go:55: [INFO] 定时任务已注册
[shibosi] 2026/07/31 00:22:06 logger.go:55: [INFO] 市舶司 v2 后台已就绪 - 6 大模块全部启用
[shibosi] 2026/07/31 00:22:06 logger.go:55: [INFO] 访问: http://localhost:8084/admin
[shibosi] 2026/07/31 00:22:06 logger.go:55: [INFO] ========================================
[shibosi] 2026/07/31 00:22:06 logger.go:55: [INFO]   市舶司 - 统一管理后台 v2.0
[shibosi] 2026/07/31 00:22:06 logger.go:55: [INFO] ========================================
[shibosi] 2026/07/31 00:22:06 logger.go:55: [INFO] 监听地址: http://localhost:8084
[shibosi] 2026/07/31 00:22:06 logger.go:55: [INFO] 管理面板: http://localhost:8084/admin
[shibosi] 2026/07/31 00:22:06 logger.go:55: [INFO] API文档:  http://localhost:8084/api/v1
[shibosi] 2026/07/31 00:22:06 logger.go:55: [INFO] ========================================
[shibosi] 2026/07/31 00:22:08 logger.go:87: 2026-07-31 00:22:08.575 | 200 |    463.6078ms |             ::1 | POST    | /api/v1/auth/login
[shibosi] 2026/07/31 00:22:09 logger.go:87: 2026-07-31 00:22:09.029 | 200 |    347.6031ms |             ::1 | POST    | /api/v1/admin/services/newspaper/start
[shibosi] 2026/07/31 00:22:12 logger.go:87: 2026-07-31 00:22:12.053 | 200 |            0s |             ::1 | GET     | /api/health
[shibosi] 2026/07/31 00:22:12 logger.go:87: 2026-07-31 00:22:12.151 | 200 |            0s |             ::1 | GET     | /api/v1/admin/services
[shibosi] 2026/07/31 00:22:21 logger.go:87: 2026-07-31 00:22:21.322 | 200 |            0s |             ::1 | GET     | /api/health
[shibosi] 2026/07/31 00:22:36 logger.go:87: 2026-07-31 00:22:36.314 | 200 |            0s |             ::1 | GET     | /api/health
[shibosi] 2026/07/31 00:22:51 logger.go:87: 2026-07-31 00:22:51.323 | 200 |            0s |             ::1 | GET     | /api/health
[shibosi] 2026/07/31 00:23:06 logger.go:87: 2026-07-31 00:23:06.318 | 200 |            0s |             ::1 | GET     | /api/health
[shibosi] 2026/07/31 00:23:21 logger.go:87: 2026-07-31 00:23:21.325 | 200 |            0s |             ::1 | GET     | /api/health
[shibosi] 2026/07/31 00:23:36 logger.go:87: 2026-07-31 00:23:36.322 | 200 |            0s |             ::1 | GET     | /api/health
[shibosi] 2026/07/31 00:23:51 logger.go:87: 2026-07-31 00:23:51.316 | 200 |         528µs |             ::1 | GET     | /api/health
[shibosi] 2026/07/31 00:24:06 logger.go:87: 2026-07-31 00:24:06.316 | 200 |            0s |             ::1 | GET     | /api/health
[shibosi] 2026/07/31 00:24:06 logger.go:87: 2026-07-31 00:24:06.522 | 200 |    135.1749ms |             ::1 | GET     | /admin/
[shibosi] 2026/07/31 00:24:06 logger.go:87: 2026-07-31 00:24:06.538 | 200 |      1.7614ms |             ::1 | GET     | /admin/app.js?v=20260730f
[shibosi] 2026/07/31 00:24:06 logger.go:87: 2026-07-31 00:24:06.554 | 401 |            0s |             ::1 | GET     | /api/v1/admin/modules
[shibosi] 2026/07/31 00:24:06 logger.go:87: 2026-07-31 00:24:06.749 | 200 |      1.0998ms |             ::1 | GET     | /admin/
[shibosi] 2026/07/31 00:24:06 logger.go:87: 2026-07-31 00:24:06.771 | 200 |      2.9307ms |             ::1 | GET     | /admin/app.js?v=20260730f
[shibosi] 2026/07/31 00:24:06 logger.go:87: 2026-07-31 00:24:06.879 | 401 |            0s |             ::1 | GET     | /api/v1/admin/modules
[shibosi] 2026/07/31 00:24:07 logger.go:87: 2026-07-31 00:24:07.797 | 200 |      2.5849ms |             ::1 | GET     | /admin/
[shibosi] 2026/07/31 00:24:07 logger.go:87: 2026-07-31 00:24:07.811 | 200 |         998µs |             ::1 | GET     | /admin/app.js?v=20260730f
[shibosi] 2026/07/31 00:24:07 logger.go:87: 2026-07-31 00:24:07.825 | 401 |            0s |             ::1 | GET     | /api/v1/admin/modules
[shibosi] 2026/07/31 00:24:08 logger.go:87: 2026-07-31 00:24:08.962 | 401 |            0s |             ::1 | POST    | /api/v1/auth/logout
[shibosi] 2026/07/31 00:24:09 logger.go:87: 2026-07-31 00:24:09.342 | 304 |       607.7µs |             ::1 | GET     | /admin/
[shibosi] 2026/07/31 00:24:14 logger.go:87: 2026-07-31 00:24:14.021 | 200 |    469.0397ms |             ::1 | POST    | /api/v1/auth/login
[shibosi] 2026/07/31 00:24:14 logger.go:87: 2026-07-31 00:24:14.034 | 304 |      1.6741ms |             ::1 | GET     | /admin/
[shibosi] 2026/07/31 00:24:14 logger.go:87: 2026-07-31 00:24:14.064 | 200 |      1.0008ms |             ::1 | GET     | /api/v1/admin/modules
[shibosi] 2026/07/31 00:24:14 logger.go:87: 2026-07-31 00:24:14.077 | 200 |      2.7243ms |             ::1 | GET     | /api/v1/admin/services
[shibosi] 2026/07/31 00:24:18 logger.go:87: 2026-07-31 00:24:18.579 | 404 |            0s |             ::1 | GET     | /api/v1/api/v1/proxy/newspaper/api/admin/overview
[shibosi] 2026/07/31 00:24:20 logger.go:87: 2026-07-31 00:24:20.628 | 404 |            0s |             ::1 | GET     | /api/v1/api/v1/proxy/newspaper/api/admin/sources
[shibosi] 2026/07/31 00:24:21 logger.go:87: 2026-07-31 00:24:21.316 | 200 |            0s |             ::1 | GET     | /api/health
[shibosi] 2026/07/31 00:24:26 logger.go:87: 2026-07-31 00:24:26.951 | 404 |            0s |             ::1 | GET     | /api/api/v2/logs
[shibosi] 2026/07/31 00:24:29 logger.go:87: 2026-07-31 00:24:29.697 | 200 |            0s |             ::1 | GET     | /api/v1/admin/services
[shibosi] 2026/07/31 00:24:36 logger.go:87: 2026-07-31 00:24:36.323 | 200 |            0s |             ::1 | GET     | /api/health
[shibosi] 2026/07/31 00:24:51 logger.go:87: 2026-07-31 00:24:51.325 | 200 |            0s |             ::1 | GET     | /api/health
[shibosi] 2026/07/31 00:25:00 logger.go:55: [INFO] 定时任务: Redis黑名单同步
[shibosi] 2026/07/31 00:25:06 logger.go:87: 2026-07-31 00:25:06.313 | 200 |            0s |             ::1 | GET     | /api/health
[shibosi] 2026/07/31 00:25:21 logger.go:87: 2026-07-31 00:25:21.314 | 200 |            0s |             ::1 | GET     | /api/health
[shibosi] 2026/07/31 00:25:36 logger.go:87: 2026-07-31 00:25:36.314 | 200 |      1.1716ms |             ::1 | GET     | /api/health
[shibosi] 2026/07/31 00:25:43 logger.go:87: 2026-07-31 00:25:43.567 | 200 |            0s |             ::1 | GET     | /api/health
[shibosi] 2026/07/31 00:25:48 logger.go:87: 2026-07-31 00:25:48.701 | 200 |            0s |             ::1 | GET     | /api/health
[shibosi] 2026/07/31 00:25:51 logger.go:87: 2026-07-31 00:25:51.314 | 200 |            0s |             ::1 | GET     | /api/health
[shibosi] 2026/07/31 00:26:06 logger.go:87: 2026-07-31 00:26:06.334 | 200 |            0s |             ::1 | GET     | /api/health
[shibosi] 2026/07/31 00:26:06 logger.go:87: 2026-07-31 00:26:06.783 | 200 |      2.7283ms |             ::1 | GET     | /admin/
[shibosi] 2026/07/31 00:26:06 logger.go:87: 2026-07-31 00:26:06.799 | 200 |      2.6746ms |             ::1 | GET     | /admin/app.js?v=20260731a
[shibosi] 2026/07/31 00:26:06 logger.go:87: 2026-07-31 00:26:06.829 | 200 |       637.8µs |             ::1 | GET     | /api/v1/admin/modules
[shibosi] 2026/07/31 00:26:06 logger.go:87: 2026-07-31 00:26:06.859 | 200 |            0s |             ::1 | GET     | /api/v1/admin/services
[shibosi] 2026/07/31 00:26:21 logger.go:87: 2026-07-31 00:26:21.319 | 200 |            0s |             ::1 | GET     | /api/health
[shibosi] 2026/07/31 00:26:31 logger.go:87: 2026-07-31 00:26:31.635 | 404 |            0s |             ::1 | GET     | /api/v1/api/v1/admin/dashboard
[shibosi] 2026/07/31 00:26:36 logger.go:87: 2026-07-31 00:26:36.326 | 200 |            0s |             ::1 | GET     | /api/health
[shibosi] 2026/07/31 00:26:39 logger.go:87: 2026-07-31 00:26:39.410 | 200 |            0s |             ::1 | GET     | /api/v1/admin/services
[shibosi] 2026/07/31 00:26:51 logger.go:87: 2026-07-31 00:26:51.332 | 200 |       526.4µs |             ::1 | GET     | /api/health
[shibosi] 2026/07/31 00:27:00 logger.go:87: 2026-07-31 00:27:00.656 | 404 |            0s |             ::1 | GET     | /api/v1/api/v1/proxy/newspaper/api/admin/overview
[shibosi] 2026/07/31 00:27:06 logger.go:87: 2026-07-31 00:27:06.373 | 200 |            0s |             ::1 | GET     | /api/health
[shibosi] 2026/07/31 00:27:21 logger.go:87: 2026-07-31 00:27:21.313 | 200 |            0s |             ::1 | GET     | /api/health
[shibosi] 2026/07/31 00:27:36 logger.go:87: 2026-07-31 00:27:36.325 | 200 |            0s |             ::1 | GET     | /api/health
[shibosi] 2026/07/31 00:27:51 logger.go:87: 2026-07-31 00:27:51.316 | 200 |            0s |             ::1 | GET     | /api/health
[shibosi] 2026/07/31 00:28:06 logger.go:87: 2026-07-31 00:28:06.315 | 200 |            0s |             ::1 | GET     | /api/health
[shibosi] 2026/07/31 00:28:21 logger.go:87: 2026-07-31 00:28:21.315 | 200 |            0s |             ::1 | GET     | /api/health
[shibosi] 2026/07/31 00:28:36 logger.go:87: 2026-07-31 00:28:36.320 | 200 |            0s |             ::1 | GET     | /api/health
[shibosi] 2026/07/31 00:28:51 logger.go:87: 2026-07-31 00:28:51.315 | 200 |            0s |             ::1 | GET     | /api/health
[shibosi] 2026/07/31 00:29:06 logger.go:87: 2026-07-31 00:29:06.316 | 200 |       524.8µs |             ::1 | GET     | /api/health
[shibosi] 2026/07/31 00:29:21 logger.go:87: 2026-07-31 00:29:21.326 | 200 |            0s |             ::1 | GET     | /api/health
[shibosi] 2026/07/31 00:29:36 logger.go:87: 2026-07-31 00:29:36.317 | 200 |            0s |             ::1 | GET     | /api/health
[shibosi] 2026/07/31 00:29:51 logger.go:87: 2026-07-31 00:29:51.318 | 200 |            0s |             ::1 | GET     | /api/health
[shibosi] 2026/07/31 00:30:00 logger.go:55: [INFO] 定时任务: Redis黑名单同步
[shibosi] 2026/07/31 00:30:06 logger.go:87: 2026-07-31 00:30:06.316 | 200 |        10.9µs |             ::1 | GET     | /api/health
[shibosi] 2026/07/31 00:30:21 logger.go:87: 2026-07-31 00:30:21.323 | 200 |            0s |             ::1 | GET     | /api/health
[shibosi] 2026/07/31 00:30:36 logger.go:87: 2026-07-31 00:30:36.320 | 200 |            0s |             ::1 | GET     | /api/health
[shibosi] 2026/07/31 00:30:51 logger.go:87: 2026-07-31 00:30:51.320 | 200 |            0s |             ::1 | GET     | /api/health
[shibosi] 2026/07/31 00:31:06 logger.go:87: 2026-07-31 00:31:06.319 | 200 |            0s |             ::1 | GET     | /api/health
[shibosi] 2026/07/31 00:31:21 logger.go:87: 2026-07-31 00:31:21.317 | 200 |            0s |             ::1 | GET     | /api/health
[shibosi] 2026/07/31 00:31:36 logger.go:87: 2026-07-31 00:31:36.315 | 200 |            0s |             ::1 | GET     | /api/health
[shibosi] 2026/07/31 00:31:51 logger.go:87: 2026-07-31 00:31:51.316 | 200 |            0s |             ::1 | GET     | /api/health
[shibosi] 2026/07/31 00:32:06 logger.go:87: 2026-07-31 00:32:06.326 | 200 |            0s |             ::1 | GET     | /api/health
[shibosi] 2026/07/31 00:32:21 logger.go:87: 2026-07-31 00:32:21.316 | 200 |            0s |             ::1 | GET     | /api/health
[shibosi] 2026/07/31 00:32:36 logger.go:87: 2026-07-31 00:32:36.319 | 200 |            0s |             ::1 | GET     | /api/health
[shibosi] 2026/07/31 00:32:51 logger.go:87: 2026-07-31 00:32:51.315 | 200 |            0s |             ::1 | GET     | /api/health
[shibosi] 2026/07/31 00:33:06 logger.go:87: 2026-07-31 00:33:06.321 | 200 |            0s |             ::1 | GET     | /api/health
[shibosi] 2026/07/31 00:33:21 logger.go:87: 2026-07-31 00:33:21.316 | 200 |            0s |             ::1 | GET     | /api/health
[shibosi] 2026/07/31 00:33:36 logger.go:87: 2026-07-31 00:33:36.318 | 200 |            0s |             ::1 | GET     | /api/health
[shibosi] 2026/07/31 00:33:51 logger.go:87: 2026-07-31 00:33:51.316 | 200 |            0s |             ::1 | GET     | /api/health
[shibosi] 2026/07/31 00:34:06 logger.go:87: 2026-07-31 00:34:06.322 | 200 |            0s |             ::1 | GET     | /api/health
[shibosi] 2026/07/31 00:34:21 logger.go:87: 2026-07-31 00:34:21.321 | 200 |            0s |             ::1 | GET     | /api/health
[shibosi] 2026/07/31 00:34:36 logger.go:87: 2026-07-31 00:34:36.315 | 200 |            0s |             ::1 | GET     | /api/health
[shibosi] 2026/07/31 00:34:51 logger.go:87: 2026-07-31 00:34:51.316 | 200 |            0s |             ::1 | GET     | /api/health
[shibosi] 2026/07/31 00:35:00 logger.go:55: [INFO] 定时任务: Redis黑名单同步
[shibosi] 2026/07/31 00:35:06 logger.go:87: 2026-07-31 00:35:06.323 | 200 |            0s |             ::1 | GET     | /api/health
[shibosi] 2026/07/31 00:35:21 logger.go:87: 2026-07-31 00:35:21.315 | 200 |            0s |             ::1 | GET     | /api/health
[shibosi] 2026/07/31 00:35:36 logger.go:87: 2026-07-31 00:35:36.318 | 200 |            0s |             ::1 | GET     | /api/health
[shibosi] 2026/07/31 00:35:51 logger.go:87: 2026-07-31 00:35:51.321 | 200 |            0s |             ::1 | GET     | /api/health
[shibosi] 2026/07/31 00:36:06 logger.go:87: 2026-07-31 00:36:06.319 | 200 |            0s |             ::1 | GET     | /api/health
[shibosi] 2026/07/31 00:36:21 logger.go:87: 2026-07-31 00:36:21.321 | 200 |            0s |             ::1 | GET     | /api/health
[shibosi] 2026/07/31 00:36:36 logger.go:87: 2026-07-31 00:36:36.314 | 200 |            0s |             ::1 | GET     | /api/health
[shibosi] 2026/07/31 00:36:51 logger.go:87: 2026-07-31 00:36:51.314 | 200 |            0s |             ::1 | GET     | /api/health
[shibosi] 2026/07/31 00:37:06 logger.go:87: 2026-07-31 00:37:06.321 | 200 |            0s |             ::1 | GET     | /api/health
[shibosi] 2026/07/31 00:37:21 logger.go:87: 2026-07-31 00:37:21.315 | 200 |       221.4µs |             ::1 | GET     | /api/health
[shibosi] 2026/07/31 00:37:36 logger.go:87: 2026-07-31 00:37:36.315 | 200 |            0s |             ::1 | GET     | /api/health
[shibosi] 2026/07/31 00:37:51 logger.go:87: 2026-07-31 00:37:51.316 | 200 |       524.6µs |             ::1 | GET     | /api/health
[shibosi] 2026/07/31 00:38:06 logger.go:87: 2026-07-31 00:38:06.315 | 200 |      1.1192ms |             ::1 | GET     | /api/health
[shibosi] 2026/07/31 00:38:21 logger.go:87: 2026-07-31 00:38:21.319 | 200 |            0s |             ::1 | GET     | /api/health
[shibosi] 2026/07/31 00:38:36 logger.go:87: 2026-07-31 00:38:36.316 | 200 |            0s |             ::1 | GET     | /api/health
[shibosi] 2026/07/31 00:38:51 logger.go:87: 2026-07-31 00:38:51.316 | 200 |            0s |             ::1 | GET     | /api/health
[shibosi] 2026/07/31 00:39:06 logger.go:87: 2026-07-31 00:39:06.322 | 200 |       544.8µs |             ::1 | GET     | /api/health
[shibosi] 2026/07/31 00:39:21 logger.go:87: 2026-07-31 00:39:21.319 | 200 |            0s |             ::1 | GET     | /api/health
[shibosi] 2026/07/31 00:39:36 logger.go:87: 2026-07-31 00:39:36.325 | 200 |        51.4µs |             ::1 | GET     | /api/health
[shibosi] 2026/07/31 00:39:51 logger.go:87: 2026-07-31 00:39:51.319 | 200 |            0s |             ::1 | GET     | /api/health
[shibosi] 2026/07/31 00:40:00 logger.go:55: [INFO] 定时任务: Redis黑名单同步
[shibosi] 2026/07/31 00:40:06 logger.go:87: 2026-07-31 00:40:06.321 | 200 |            0s |             ::1 | GET     | /api/health
[shibosi] 2026/07/31 00:40:21 logger.go:87: 2026-07-31 00:40:21.315 | 200 |            0s |             ::1 | GET     | /api/health
[shibosi] 2026/07/31 00:40:36 logger.go:87: 2026-07-31 00:40:36.316 | 200 |            0s |             ::1 | GET     | /api/health
[shibosi] 2026/07/31 00:40:51 logger.go:87: 2026-07-31 00:40:51.315 | 200 |            0s |             ::1 | GET     | /api/health
[shibosi] 2026/07/31 00:41:06 logger.go:87: 2026-07-31 00:41:06.316 | 200 |            0s |             ::1 | GET     | /api/health
[shibosi] 2026/07/31 00:41:21 logger.go:87: 2026-07-31 00:41:21.314 | 200 |            0s |             ::1 | GET     | /api/health
[shibosi] 2026/07/31 00:41:36 logger.go:87: 2026-07-31 00:41:36.316 | 200 |            0s |             ::1 | GET     | /api/health
[shibosi] 2026/07/31 00:41:51 logger.go:87: 2026-07-31 00:41:51.317 | 200 |       524.4µs |             ::1 | GET     | /api/health
[shibosi] 2026/07/31 00:42:06 logger.go:87: 2026-07-31 00:42:06.314 | 200 |            0s |             ::1 | GET     | /api/health
[shibosi] 2026/07/31 00:42:21 logger.go:87: 2026-07-31 00:42:21.314 | 200 |            0s |             ::1 | GET     | /api/health
[shibosi] 2026/07/31 00:42:36 logger.go:87: 2026-07-31 00:42:36.313 | 200 |            0s |             ::1 | GET     | /api/health
[shibosi] 2026/07/31 00:42:51 logger.go:87: 2026-07-31 00:42:51.324 | 200 |       520.3µs |             ::1 | GET     | /api/health
[shibosi] 2026/07/31 00:43:06 logger.go:87: 2026-07-31 00:43:06.317 | 200 |            0s |             ::1 | GET     | /api/health
[shibosi] 2026/07/31 00:43:21 logger.go:87: 2026-07-31 00:43:21.314 | 200 |            0s |             ::1 | GET     | /api/health
[shibosi] 2026/07/31 00:43:36 logger.go:87: 2026-07-31 00:43:36.320 | 200 |       517.1µs |             ::1 | GET     | /api/health
[shibosi] 2026/07/31 00:43:51 logger.go:87: 2026-07-31 00:43:51.325 | 200 |            0s |             ::1 | GET     | /api/health
[shibosi] 2026/07/31 00:44:06 logger.go:87: 2026-07-31 00:44:06.321 | 200 |            0s |             ::1 | GET     | /api/health
[shibosi] 2026/07/31 00:44:21 logger.go:87: 2026-07-31 00:44:21.314 | 200 |            0s |             ::1 | GET     | /api/health
[shibosi] 2026/07/31 00:44:36 logger.go:87: 2026-07-31 00:44:36.320 | 200 |            0s |             ::1 | GET     | /api/health
[shibosi] 2026/07/31 00:44:51 logger.go:87: 2026-07-31 00:44:51.314 | 200 |            0s |             ::1 | GET     | /api/health
[shibosi] 2026/07/31 00:45:00 logger.go:55: [INFO] 定时任务: Redis黑名单同步
[shibosi] 2026/07/31 00:45:06 logger.go:87: 2026-07-31 00:45:06.322 | 200 |       522.2µs |             ::1 | GET     | /api/health
[shibosi] 2026/07/31 00:45:21 logger.go:87: 2026-07-31 00:45:21.319 | 200 |            0s |             ::1 | GET     | /api/health
[shibosi] 2026/07/31 00:45:36 logger.go:87: 2026-07-31 00:45:36.326 | 200 |            0s |             ::1 | GET     | /api/health
[shibosi] 2026/07/31 00:45:51 logger.go:87: 2026-07-31 00:45:51.323 | 200 |            0s |             ::1 | GET     | /api/health
[shibosi] 2026/07/31 00:46:06 logger.go:87: 2026-07-31 00:46:06.322 | 200 |       521.2µs |             ::1 | GET     | /api/health
[shibosi] 2026/07/31 00:46:21 logger.go:87: 2026-07-31 00:46:21.317 | 200 |            0s |             ::1 | GET     | /api/health
[shibosi] 2026/07/31 00:46:36 logger.go:87: 2026-07-31 00:46:36.317 | 200 |            0s |             ::1 | GET     | /api/health
[shibosi] 2026/07/31 00:46:51 logger.go:87: 2026-07-31 00:46:51.313 | 200 |            0s |             ::1 | GET     | /api/health
[shibosi] 2026/07/31 00:47:06 logger.go:87: 2026-07-31 00:47:06.315 | 200 |            0s |             ::1 | GET     | /api/health
[shibosi] 2026/07/31 00:47:21 logger.go:87: 2026-07-31 00:47:21.319 | 200 |            0s |             ::1 | GET     | /api/health
[shibosi] 2026/07/31 00:47:36 logger.go:87: 2026-07-31 00:47:36.318 | 200 |            0s |             ::1 | GET     | /api/health
[shibosi] 2026/07/31 00:47:51 logger.go:87: 2026-07-31 00:47:51.325 | 200 |            0s |             ::1 | GET     | /api/health
[shibosi] 2026/07/31 00:48:06 logger.go:87: 2026-07-31 00:48:06.315 | 200 |            0s |             ::1 | GET     | /api/health
[shibosi] 2026/07/31 00:48:21 logger.go:87: 2026-07-31 00:48:21.315 | 200 |            0s |             ::1 | GET     | /api/health
[shibosi] 2026/07/31 00:48:36 logger.go:87: 2026-07-31 00:48:36.321 | 200 |            0s |             ::1 | GET     | /api/health
[shibosi] 2026/07/31 00:48:51 logger.go:87: 2026-07-31 00:48:51.316 | 200 |            0s |             ::1 | GET     | /api/health
[shibosi] 2026/07/31 00:49:06 logger.go:87: 2026-07-31 00:49:06.320 | 200 |            0s |             ::1 | GET     | /api/health
[shibosi] 2026/07/31 00:49:21 logger.go:87: 2026-07-31 00:49:21.319 | 200 |            0s |             ::1 | GET     | /api/health
[shibosi] 2026/07/31 00:49:36 logger.go:87: 2026-07-31 00:49:36.318 | 200 |       537.4µs |             ::1 | GET     | /api/health
[shibosi] 2026/07/31 00:49:51 logger.go:87: 2026-07-31 00:49:51.326 | 200 |            0s |             ::1 | GET     | /api/health
[shibosi] 2026/07/31 00:49:52 logger.go:87: 2026-07-31 00:49:52.780 | 404 |            0s |             ::1 | GET     | /api/v1/api/v1/proxy/newspaper/api/admin/analysis
[shibosi] 2026/07/31 00:50:00 logger.go:55: [INFO] 定时任务: Redis黑名单同步
[shibosi] 2026/07/31 00:50:02 logger.go:87: 2026-07-31 00:50:02.407 | 404 |            0s |             ::1 | GET     | /api/v1/api/v1/proxy/newspaper/api/admin/sources
[shibosi] 2026/07/31 00:50:06 logger.go:87: 2026-07-31 00:50:06.352 | 200 |            0s |             ::1 | GET     | /api/health
[shibosi] 2026/07/31 00:50:11 logger.go:87: 2026-07-31 00:50:11.647 | 404 |            0s |             ::1 | GET     | /api/v1/api/v1/proxy/newspaper/api/admin/logs
[shibosi] 2026/07/31 00:50:21 logger.go:87: 2026-07-31 00:50:21.325 | 200 |            0s |             ::1 | GET     | /api/health
[shibosi] 2026/07/31 00:50:30 logger.go:87: 2026-07-31 00:50:30.473 | 404 |            0s |             ::1 | GET     | /api/v1/api/v1/admin/dashboard
[shibosi] 2026/07/31 00:50:36 logger.go:87: 2026-07-31 00:50:36.329 | 200 |            0s |             ::1 | GET     | /api/health
[shibosi] 2026/07/31 00:50:51 logger.go:87: 2026-07-31 00:50:51.316 | 200 |            0s |             ::1 | GET     | /api/health
[shibosi] 2026/07/31 00:51:06 logger.go:87: 2026-07-31 00:51:06.316 | 200 |            0s |             ::1 | GET     | /api/health
[shibosi] 2026/07/31 00:51:21 logger.go:87: 2026-07-31 00:51:21.314 | 200 |            0s |             ::1 | GET     | /api/health
[shibosi] 2026/07/31 00:51:36 logger.go:87: 2026-07-31 00:51:36.325 | 200 |            0s |             ::1 | GET     | /api/health
[shibosi] 2026/07/31 00:51:51 logger.go:87: 2026-07-31 00:51:51.320 | 200 |            0s |             ::1 | GET     | /api/health
[shibosi] 2026/07/31 00:52:06 logger.go:87: 2026-07-31 00:52:06.316 | 200 |            0s |             ::1 | GET     | /api/health
[shibosi] 2026/07/31 00:52:21 logger.go:87: 2026-07-31 00:52:21.316 | 200 |            0s |             ::1 | GET     | /api/health
[shibosi] 2026/07/31 00:52:36 logger.go:87: 2026-07-31 00:52:36.318 | 200 |       551.5µs |             ::1 | GET     | /api/health
[shibosi] 2026/07/31 00:52:51 logger.go:87: 2026-07-31 00:52:51.322 | 200 |            0s |             ::1 | GET     | /api/health
[shibosi] 2026/07/31 00:53:06 logger.go:87: 2026-07-31 00:53:06.332 | 200 |            0s |             ::1 | GET     | /api/health
[shibosi] 2026/07/31 00:53:06 logger.go:87: 2026-07-31 00:53:06.795 | 404 |            0s |             ::1 | GET     | /api/v1/api/v1/admin/dashboard
[shibosi] 2026/07/31 00:53:16 logger.go:87: 2026-07-31 00:53:16.170 | 404 |            0s |             ::1 | GET     | /api/v1/api/v1/admin/users
[shibosi] 2026/07/31 00:53:21 logger.go:87: 2026-07-31 00:53:21.318 | 200 |            0s |             ::1 | GET     | /api/health
[shibosi] 2026/07/31 00:53:29 logger.go:87: 2026-07-31 00:53:29.349 | 404 |            0s |             ::1 | GET     | /api/v1/api/v1/admin/audit-logs
[shibosi] 2026/07/31 00:53:36 logger.go:87: 2026-07-31 00:53:36.323 | 200 |            0s |             ::1 | GET     | /api/health
[shibosi] 2026/07/31 00:53:46 logger.go:87: 2026-07-31 00:53:46.203 | 200 |      1.0021ms |             ::1 | GET     | /admin/
[shibosi] 2026/07/31 00:53:46 logger.go:87: 2026-07-31 00:53:46.231 | 200 |      3.5393ms |             ::1 | GET     | /admin/app.js?v=20260731a
[shibosi] 2026/07/31 00:53:46 logger.go:87: 2026-07-31 00:53:46.254 | 200 |            0s |             ::1 | GET     | /api/v1/admin/modules
[shibosi] 2026/07/31 00:53:46 logger.go:87: 2026-07-31 00:53:46.260 | 200 |            0s |             ::1 | GET     | /api/v1/admin/services
[shibosi] 2026/07/31 00:53:49 logger.go:87: 2026-07-31 00:53:49.663 | 404 |            0s |             ::1 | GET     | /api/v1/api/v1/admin/audit-logs
[shibosi] 2026/07/31 00:53:51 logger.go:87: 2026-07-31 00:53:51.316 | 200 |            0s |             ::1 | GET     | /api/health
[shibosi] 2026/07/31 00:53:53 logger.go:87: 2026-07-31 00:53:53.329 | 404 |            0s |             ::1 | GET     | /api/v1/api/v1/admin/users
[shibosi] 2026/07/31 00:53:59 logger.go:87: 2026-07-31 00:53:59.795 | 204 |            0s |             ::1 | OPTIONS | /api/v1/user/data
[shibosi] 2026/07/31 00:53:59 logger.go:87: 2026-07-31 00:53:59.804 | 204 |            0s |             ::1 | OPTIONS | /api/v1/user/data
[shibosi] 2026/07/31 00:53:59 logger.go:87: 2026-07-31 00:53:59.865 | 401 |            0s |             ::1 | GET     | /api/v1/user/data
[shibosi] 2026/07/31 00:53:59 logger.go:87: 2026-07-31 00:53:59.876 | 401 |            0s |             ::1 | GET     | /api/v1/user/data
[shibosi] 2026/07/31 00:54:06 logger.go:87: 2026-07-31 00:54:06.350 | 200 |            0s |             ::1 | GET     | /api/health
[shibosi] 2026/07/31 00:54:21 logger.go:87: 2026-07-31 00:54:21.327 | 200 |            0s |             ::1 | GET     | /api/health
[shibosi] 2026/07/31 00:54:36 logger.go:87: 2026-07-31 00:54:36.322 | 200 |            0s |             ::1 | GET     | /api/health
[shibosi] 2026/07/31 00:54:51 logger.go:87: 2026-07-31 00:54:51.320 | 200 |            0s |             ::1 | GET     | /api/health
[shibosi] 2026/07/31 00:55:00 logger.go:55: [INFO] 定时任务: Redis黑名单同步
[shibosi] 2026/07/31 00:55:06 logger.go:87: 2026-07-31 00:55:06.316 | 200 |            0s |             ::1 | GET     | /api/health
[shibosi] 2026/07/31 00:55:19 logger.go:87: 2026-07-31 00:55:19.802 | 404 |            0s |             ::1 | GET     | /api/v1/api/v1/admin/configs
[shibosi] 2026/07/31 00:55:21 logger.go:87: 2026-07-31 00:55:21.315 | 200 |            0s |             ::1 | GET     | /api/health
[shibosi] 2026/07/31 00:55:29 logger.go:87: 2026-07-31 00:55:29.270 | 404 |            0s |             ::1 | GET     | /api/v1/api/v1/admin/roles
[shibosi] 2026/07/31 00:55:36 logger.go:87: 2026-07-31 00:55:36.320 | 200 |            0s |             ::1 | GET     | /api/health
[shibosi] 2026/07/31 00:55:51 logger.go:87: 2026-07-31 00:55:51.486 | 200 |       526.1µs |             ::1 | GET     | /api/health
[shibosi] 2026/07/31 00:56:06 logger.go:87: 2026-07-31 00:56:06.336 | 200 |            0s |             ::1 | GET     | /api/health
[shibosi] 2026/07/31 00:56:11 logger.go:87: 2026-07-31 00:56:11.524 | 404 |            0s |             ::1 | GET     | /api/v1/api/v1/admin/roles
[shibosi] 2026/07/31 00:56:19 logger.go:87: 2026-07-31 00:56:19.689 | 404 |            0s |             ::1 | GET     | /api/api/v2/firewall/rules
[shibosi] 2026/07/31 00:56:21 logger.go:87: 2026-07-31 00:56:21.316 | 200 |            0s |             ::1 | GET     | /api/health
[shibosi] 2026/07/31 00:56:28 logger.go:87: 2026-07-31 00:56:28.503 | 404 |            0s |             ::1 | GET     | /api/api/v2/firewall/blocked
[shibosi] 2026/07/31 00:56:36 logger.go:87: 2026-07-31 00:56:36.338 | 200 |            0s |             ::1 | GET     | /api/health
[shibosi] 2026/07/31 00:56:40 logger.go:87: 2026-07-31 00:56:40.325 | 404 |            0s |             ::1 | GET     | /api/api/v2/files/tree?path=%2F&depth=1
[shibosi] 2026/07/31 00:56:51 logger.go:87: 2026-07-31 00:56:51.328 | 200 |            0s |             ::1 | GET     | /api/health
[shibosi] 2026/07/31 00:56:53 logger.go:87: 2026-07-31 00:56:53.662 | 404 |            0s |             ::1 | GET     | /api/api/v2/crontabs
[shibosi] 2026/07/31 00:57:06 logger.go:87: 2026-07-31 00:57:06.319 | 200 |            0s |             ::1 | GET     | /api/health
[shibosi] 2026/07/31 00:57:09 logger.go:87: 2026-07-31 00:57:09.284 | 404 |            0s |             ::1 | GET     | /api/api/v2/terminal/sessions
[shibosi] 2026/07/31 00:57:19 logger.go:87: 2026-07-31 00:57:19.042 | 404 |      1.0054ms |             ::1 | GET     | /api/api/v2/logs
[shibosi] 2026/07/31 00:57:21 logger.go:87: 2026-07-31 00:57:21.323 | 200 |            0s |             ::1 | GET     | /api/health
[shibosi] 2026/07/31 00:57:36 logger.go:87: 2026-07-31 00:57:36.317 | 200 |            0s |             ::1 | GET     | /api/health
[shibosi] 2026/07/31 00:57:51 logger.go:87: 2026-07-31 00:57:51.316 | 200 |            0s |             ::1 | GET     | /api/health
[shibosi] 2026/07/31 00:58:06 logger.go:87: 2026-07-31 00:58:06.341 | 200 |            0s |             ::1 | GET     | /api/health
[shibosi] 2026/07/31 00:58:21 logger.go:87: 2026-07-31 00:58:21.315 | 200 |            0s |             ::1 | GET     | /api/health
[shibosi] 2026/07/31 00:58:36 logger.go:87: 2026-07-31 00:58:36.322 | 200 |            0s |             ::1 | GET     | /api/health
[shibosi] 2026/07/31 00:58:51 logger.go:87: 2026-07-31 00:58:51.315 | 200 |            0s |             ::1 | GET     | /api/health
[shibosi] 2026/07/31 00:59:06 logger.go:87: 2026-07-31 00:59:06.497 | 200 |            0s |             ::1 | GET     | /api/health
[shibosi] 2026/07/31 00:59:21 logger.go:87: 2026-07-31 00:59:21.374 | 200 |            0s |             ::1 | GET     | /api/health
[shibosi] 2026/07/31 00:59:36 logger.go:87: 2026-07-31 00:59:36.315 | 200 |            0s |             ::1 | GET     | /api/health
[shibosi] 2026/07/31 00:59:51 logger.go:87: 2026-07-31 00:59:51.322 | 200 |        53.7µs |             ::1 | GET     | /api/health
[shibosi] 2026/07/31 01:00:00 logger.go:55: [INFO] 定时任务: Redis黑名单同步
[shibosi] 2026/07/31 01:00:06 logger.go:87: 2026-07-31 01:00:06.414 | 200 |        15.8µs |             ::1 | GET     | /api/health
[shibosi] 2026/07/31 01:00:21 logger.go:87: 2026-07-31 01:00:21.344 | 200 |            0s |             ::1 | GET     | /api/health
[shibosi] 2026/07/31 01:00:36 logger.go:87: 2026-07-31 01:00:36.322 | 200 |            0s |             ::1 | GET     | /api/health
[shibosi] 2026/07/31 01:00:51 logger.go:87: 2026-07-31 01:00:51.321 | 200 |            0s |             ::1 | GET     | /api/health
[shibosi] 2026/07/31 01:01:06 logger.go:87: 2026-07-31 01:01:06.321 | 200 |            0s |             ::1 | GET     | /api/health
[shibosi] 2026/07/31 01:01:21 logger.go:87: 2026-07-31 01:01:21.323 | 200 |            0s |             ::1 | GET     | /api/health
[shibosi] 2026/07/31 01:01:36 logger.go:87: 2026-07-31 01:01:36.323 | 200 |            0s |             ::1 | GET     | /api/health
[shibosi] 2026/07/31 01:01:51 logger.go:87: 2026-07-31 01:01:51.324 | 200 |            0s |             ::1 | GET     | /api/health
[shibosi] 2026/07/31 01:02:06 logger.go:87: 2026-07-31 01:02:06.330 | 200 |            0s |             ::1 | GET     | /api/health
[shibosi] 2026/07/31 01:02:21 logger.go:87: 2026-07-31 01:02:21.314 | 200 |            0s |             ::1 | GET     | /api/health
[shibosi] 2026/07/31 01:02:36 logger.go:87: 2026-07-31 01:02:36.326 | 200 |            0s |             ::1 | GET     | /api/health
[shibosi] 2026/07/31 01:02:51 logger.go:87: 2026-07-31 01:02:51.317 | 200 |            0s |             ::1 | GET     | /api/health
[shibosi] 2026/07/31 01:03:06 logger.go:87: 2026-07-31 01:03:06.321 | 200 |            0s |             ::1 | GET     | /api/health
[shibosi] 2026/07/31 01:03:16 logger.go:87: 2026-07-31 01:03:16.741 | 401 |            0s |             ::1 | GET     | /api/v1/admin/services
[shibosi] 2026/07/31 01:03:18 logger.go:87: 2026-07-31 01:03:18.315 | 304 |       788.4µs |             ::1 | GET     | /admin/
[shibosi] 2026/07/31 01:03:18 logger.go:87: 2026-07-31 01:03:18.365 | 200 |      1.5794ms |             ::1 | GET     | /admin/app.js?v=20260731a
[shibosi] 2026/07/31 01:03:18 logger.go:87: 2026-07-31 01:03:18.411 | 401 |            0s |             ::1 | GET     | /api/v1/admin/modules
[shibosi] 2026/07/31 01:03:19 logger.go:87: 2026-07-31 01:03:19.947 | 304 |      1.0052ms |             ::1 | GET     | /admin/
[shibosi] 2026/07/31 01:03:19 logger.go:87: 2026-07-31 01:03:19.983 | 401 |            0s |             ::1 | GET     | /api/v1/admin/modules
[shibosi] 2026/07/31 01:03:20 logger.go:87: 2026-07-31 01:03:20.640 | 401 |            0s |             ::1 | POST    | /api/v1/auth/logout
[shibosi] 2026/07/31 01:03:21 logger.go:87: 2026-07-31 01:03:21.324 | 200 |            0s |             ::1 | GET     | /api/health
[shibosi] 2026/07/31 01:03:21 logger.go:87: 2026-07-31 01:03:21.528 | 304 |            0s |             ::1 | GET     | /admin/
[shibosi] 2026/07/31 01:03:26 logger.go:87: 2026-07-31 01:03:26.284 | 200 |    480.0595ms |             ::1 | POST    | /api/v1/auth/login
[shibosi] 2026/07/31 01:03:26 logger.go:87: 2026-07-31 01:03:26.300 | 304 |       534.4µs |             ::1 | GET     | /admin/
[shibosi] 2026/07/31 01:03:26 logger.go:87: 2026-07-31 01:03:26.351 | 200 |            0s |             ::1 | GET     | /api/v1/admin/modules
[shibosi] 2026/07/31 01:03:26 logger.go:87: 2026-07-31 01:03:26.363 | 200 |            0s |             ::1 | GET     | /api/v1/admin/services
[shibosi] 2026/07/31 01:03:36 logger.go:87: 2026-07-31 01:03:36.319 | 200 |            0s |             ::1 | GET     | /api/health
[shibosi] 2026/07/31 01:03:51 logger.go:87: 2026-07-31 01:03:51.318 | 200 |            0s |             ::1 | GET     | /api/health
[shibosi] 2026/07/31 01:05:42 logger.go:55: [INFO] 定时任务已注册
[shibosi] 2026/07/31 01:05:43 logger.go:55: [INFO] 市舶司 v2 后台已就绪 - 6 大模块全部启用
[shibosi] 2026/07/31 01:05:43 logger.go:55: [INFO] 访问: http://localhost:8084/admin
[shibosi] 2026/07/31 01:05:43 logger.go:55: [INFO] ========================================
[shibosi] 2026/07/31 01:05:43 logger.go:55: [INFO]   市舶司 - 统一管理后台 v2.0
[shibosi] 2026/07/31 01:05:43 logger.go:55: [INFO] ========================================
[shibosi] 2026/07/31 01:05:43 logger.go:55: [INFO] 监听地址: http://localhost:8084
[shibosi] 2026/07/31 01:05:43 logger.go:55: [INFO] 管理面板: http://localhost:8084/admin
[shibosi] 2026/07/31 01:05:43 logger.go:55: [INFO] API文档:  http://localhost:8084/api/v1
[shibosi] 2026/07/31 01:05:43 logger.go:55: [INFO] ========================================
[shibosi] 2026/07/31 01:05:52 logger.go:87: 2026-07-31 01:05:52.438 | 200 |    479.2769ms |             ::1 | POST    | /api/v1/auth/login
[shibosi] 2026/07/31 01:05:52 logger.go:87: 2026-07-31 01:05:52.500 | 200 |     17.5356ms |             ::1 | GET     | /api/v1/native/newspaper/overview
[shibosi] 2026/07/31 01:05:57 logger.go:87: 2026-07-31 01:05:57.951 | 200 |            0s |             ::1 | GET     | /api/health
[shibosi] 2026/07/31 01:06:01 logger.go:87: 2026-07-31 01:06:01.169 | 200 |    549.6971ms |             ::1 | POST    | /api/v1/auth/login
[shibosi] 2026/07/31 01:06:01 logger.go:87: 2026-07-31 01:06:01.192 | 200 |      3.1665ms |             ::1 | GET     | /api/v1/native/newspaper/news?page=1&per_page=5
[shibosi] 2026/07/31 01:06:10 logger.go:87: 2026-07-31 01:06:10.113 | 200 |    467.5729ms |             ::1 | POST    | /api/v1/auth/login
[shibosi] 2026/07/31 01:06:10 logger.go:87: 2026-07-31 01:06:10.214 | 200 |      82.223ms |             ::1 | GET     | /api/v1/native/user/stats
[shibosi] 2026/07/31 01:06:10 logger.go:87: 2026-07-31 01:06:10.418 | 200 |     181.911ms |             ::1 | GET     | /api/v1/native/search/stats
[shibosi] 2026/07/31 01:06:12 logger.go:87: 2026-07-31 01:06:12.938 | 200 |            0s |             ::1 | GET     | /api/health
[shibosi] 2026/07/31 01:06:20 logger.go:87: 2026-07-31 01:06:20.049 | 200 |    398.4769ms |             ::1 | POST    | /api/v1/auth/login
[shibosi] 2026/07/31 01:06:20 logger.go:87: 2026-07-31 01:06:20.068 | 200 |      2.8616ms |             ::1 | GET     | /api/v1/native/newspaper/sources
[shibosi] 2026/07/31 01:06:20 logger.go:87: 2026-07-31 01:06:20.107 | 200 |     14.0598ms |             ::1 | GET     | /api/v1/native/newspaper/analysis
[shibosi] 2026/07/31 01:06:27 logger.go:87: 2026-07-31 01:06:27.934 | 200 |            0s |             ::1 | GET     | /api/health
[shibosi] 2026/07/31 01:06:39 logger.go:87: 2026-07-31 01:06:39.914 | 304 |      2.1009ms |             ::1 | GET     | /admin/app.js?v=20260731a
[shibosi] 2026/07/31 01:06:39 logger.go:87: 2026-07-31 01:06:39.947 | 200 |      2.0109ms |             ::1 | GET     | /api/v1/admin/modules
[shibosi] 2026/07/31 01:06:39 logger.go:87: 2026-07-31 01:06:39.954 | 200 |      1.0023ms |             ::1 | GET     | /api/v1/admin/services
[shibosi] 2026/07/31 01:06:42 logger.go:87: 2026-07-31 01:06:42.969 | 200 |            0s |             ::1 | GET     | /api/health
[shibosi] 2026/07/31 01:06:57 logger.go:87: 2026-07-31 01:06:57.937 | 200 |        17.4µs |             ::1 | GET     | /api/health
[shibosi] 2026/07/31 01:07:12 logger.go:87: 2026-07-31 01:07:12.935 | 200 |            0s |             ::1 | GET     | /api/health
[shibosi] 2026/07/31 01:07:28 logger.go:87: 2026-07-31 01:07:28.036 | 200 |            0s |             ::1 | GET     | /api/health
[shibosi] 2026/07/31 01:07:34 logger.go:87: 2026-07-31 01:07:34.023 | 404 |            0s |             ::1 | GET     | /api/v1/api/v1/native/newspaper/overview
[shibosi] 2026/07/31 01:07:42 logger.go:87: 2026-07-31 01:07:42.939 | 200 |            0s |             ::1 | GET     | /api/health
[shibosi] 2026/07/31 01:07:57 logger.go:87: 2026-07-31 01:07:57.935 | 200 |            0s |             ::1 | GET     | /api/health
[shibosi] 2026/07/31 01:08:12 logger.go:87: 2026-07-31 01:08:12.944 | 200 |            0s |             ::1 | GET     | /api/health
[shibosi] 2026/07/31 01:08:27 logger.go:87: 2026-07-31 01:08:27.933 | 200 |       520.9µs |             ::1 | GET     | /api/health
[shibosi] 2026/07/31 01:08:42 logger.go:87: 2026-07-31 01:08:42.990 | 200 |            0s |             ::1 | GET     | /api/health
[shibosi] 2026/07/31 01:08:57 logger.go:87: 2026-07-31 01:08:57.935 | 200 |            0s |             ::1 | GET     | /api/health
[shibosi] 2026/07/31 01:09:02 logger.go:87: 2026-07-31 01:09:02.663 | 304 |            0s |             ::1 | GET     | /admin/
[shibosi] 2026/07/31 01:09:02 logger.go:87: 2026-07-31 01:09:02.678 | 304 |       529.2µs |             ::1 | GET     | /admin/app.js?v=20260731a
[shibosi] 2026/07/31 01:09:02 logger.go:87: 2026-07-31 01:09:02.693 | 200 |      1.6466ms |             ::1 | GET     | /api/v1/admin/modules
[shibosi] 2026/07/31 01:09:02 logger.go:87: 2026-07-31 01:09:02.702 | 200 |            0s |             ::1 | GET     | /api/v1/admin/services
[shibosi] 2026/07/31 01:09:12 logger.go:87: 2026-07-31 01:09:12.934 | 200 |            0s |             ::1 | GET     | /api/health
[shibosi] 2026/07/31 01:09:19 logger.go:87: 2026-07-31 01:09:19.825 | 404 |            0s |             ::1 | GET     | /api/v1/api/v1/native/newspaper/overview
[shibosi] 2026/07/31 01:09:27 logger.go:87: 2026-07-31 01:09:27.934 | 200 |       516.7µs |             ::1 | GET     | /api/health
[shibosi] 2026/07/31 01:09:42 logger.go:87: 2026-07-31 01:09:42.942 | 200 |            0s |             ::1 | GET     | /api/health
[shibosi] 2026/07/31 01:09:57 logger.go:87: 2026-07-31 01:09:57.943 | 200 |            0s |             ::1 | GET     | /api/health
[shibosi] 2026/07/31 01:10:00 logger.go:55: [INFO] 定时任务: Redis黑名单同步
[shibosi] 2026/07/31 01:10:03 logger.go:87: 2026-07-31 01:10:03.087 | 401 |            0s |             ::1 | GET     | /api/v1/admin/modules
[shibosi] 2026/07/31 01:10:09 logger.go:87: 2026-07-31 01:10:09.224 | 401 |            0s |             ::1 | GET     | /api/v1/admin/modules
[shibosi] 2026/07/31 01:10:12 logger.go:87: 2026-07-31 01:10:12.934 | 200 |            0s |             ::1 | GET     | /api/health
[shibosi] 2026/07/31 01:10:14 logger.go:87: 2026-07-31 01:10:14.299 | 401 |       998.6µs |             ::1 | GET     | /api/v1/admin/modules
[shibosi] 2026/07/31 01:10:18 logger.go:87: 2026-07-31 01:10:18.931 | 401 |            0s |             ::1 | GET     | /api/v1/admin/modules
[shibosi] 2026/07/31 01:10:24 logger.go:87: 2026-07-31 01:10:24.310 | 200 |            0s |             ::1 | GET     | /api/v1/admin/modules
[shibosi] 2026/07/31 01:10:27 logger.go:87: 2026-07-31 01:10:27.935 | 200 |         521µs |             ::1 | GET     | /api/health
[shibosi] 2026/07/31 01:10:30 logger.go:87: 2026-07-31 01:10:30.322 | 200 |            0s |             ::1 | GET     | /api/v1/admin/modules
[shibosi] 2026/07/31 01:10:46 logger.go:55: [INFO] 定时任务已注册
[shibosi] 2026/07/31 01:10:46 logger.go:55: [INFO] 市舶司 v2 后台已就绪 - 6 大模块全部启用
[shibosi] 2026/07/31 01:10:46 logger.go:55: [INFO] 访问: http://localhost:8084/admin
[shibosi] 2026/07/31 01:10:46 logger.go:55: [INFO] ========================================
[shibosi] 2026/07/31 01:10:46 logger.go:55: [INFO]   市舶司 - 统一管理后台 v2.0
[shibosi] 2026/07/31 01:10:46 logger.go:55: [INFO] ========================================
[shibosi] 2026/07/31 01:10:46 logger.go:55: [INFO] 监听地址: http://localhost:8084
[shibosi] 2026/07/31 01:10:46 logger.go:55: [INFO] 管理面板: http://localhost:8084/admin
[shibosi] 2026/07/31 01:10:46 logger.go:55: [INFO] API文档:  http://localhost:8084/api/v1
[shibosi] 2026/07/31 01:10:46 logger.go:55: [INFO] ========================================
[shibosi] 2026/07/31 01:11:01 logger.go:87: 2026-07-31 01:11:01.138 | 200 |            0s |             ::1 | GET     | /api/health
[shibosi] 2026/07/31 01:11:02 logger.go:87: 2026-07-31 01:11:02.514 | 304 |      1.9991ms |             ::1 | GET     | /admin/app.js?v=20260731a
[shibosi] 2026/07/31 01:11:02 logger.go:87: 2026-07-31 01:11:02.534 | 200 |      2.0034ms |             ::1 | GET     | /api/v1/admin/modules
[shibosi] 2026/07/31 01:11:02 logger.go:87: 2026-07-31 01:11:02.551 | 200 |      1.0004ms |             ::1 | GET     | /api/v1/admin/services
[shibosi] 2026/07/31 01:11:08 logger.go:87: 2026-07-31 01:11:08.398 | 200 |            0s |             ::1 | GET     | /api/v1/admin/modules
[shibosi] 2026/07/31 01:11:12 logger.go:87: 2026-07-31 01:11:12.410 | 200 |     22.3838ms |             ::1 | GET     | /api/v1/native/newspaper/overview
[shibosi] 2026/07/31 01:11:16 logger.go:87: 2026-07-31 01:11:16.122 | 200 |            0s |             ::1 | GET     | /api/health
[shibosi] 2026/07/31 01:11:24 logger.go:87: 2026-07-31 01:11:24.387 | 200 |       545.9µs |             ::1 | GET     | /api/v1/admin/users
[shibosi] 2026/07/31 01:11:31 logger.go:87: 2026-07-31 01:11:31.130 | 200 |            0s |             ::1 | GET     | /api/health
[shibosi] 2026/07/31 01:11:37 logger.go:87: 2026-07-31 01:11:37.075 | 200 |            0s |             ::1 | GET     | /api/v1/admin/services
[shibosi] 2026/07/31 01:11:46 logger.go:87: 2026-07-31 01:11:46.132 | 200 |            0s |             ::1 | GET     | /api/health
[shibosi] 2026/07/31 01:12:01 logger.go:87: 2026-07-31 01:12:01.133 | 200 |            0s |             ::1 | GET     | /api/health
[shibosi] 2026/07/31 01:12:02 logger.go:87: 2026-07-31 01:12:02.991 | 200 |      2.0288ms |             ::1 | GET     | /api/v1/admin/dashboard
[shibosi] 2026/07/31 01:12:15 logger.go:87: 2026-07-31 01:12:15.422 | 200 |            0s |             ::1 | GET     | /api/v1/admin/audit-logs
[shibosi] 2026/07/31 01:12:16 logger.go:87: 2026-07-31 01:12:16.124 | 200 |            0s |             ::1 | GET     | /api/health
[shibosi] 2026/07/31 01:12:31 logger.go:87: 2026-07-31 01:12:31.120 | 200 |            0s |             ::1 | GET     | /api/health
[shibosi] 2026/07/31 01:12:46 logger.go:87: 2026-07-31 01:12:46.129 | 200 |            0s |             ::1 | GET     | /api/health
[shibosi] 2026/07/31 01:13:01 logger.go:87: 2026-07-31 01:13:01.119 | 200 |            0s |             ::1 | GET     | /api/health
[shibosi] 2026/07/31 01:13:16 logger.go:87: 2026-07-31 01:13:16.127 | 200 |            0s |             ::1 | GET     | /api/health
[shibosi] 2026/07/31 01:13:31 logger.go:87: 2026-07-31 01:13:31.291 | 200 |       529.3µs |             ::1 | GET     | /api/health
[shibosi] 2026/07/31 01:13:37 logger.go:87: 2026-07-31 01:13:37.892 | 200 |           1ms |             ::1 | GET     | /api/v1/admin/dashboard
[shibosi] 2026/07/31 01:13:37 logger.go:87: 2026-07-31 01:13:37.900 | 200 |            0s |             ::1 | GET     | /api/v1/admin/users
[shibosi] 2026/07/31 01:13:37 logger.go:87: 2026-07-31 01:13:37.911 | 200 |       4.833ms |             ::1 | GET     | /api/v1/admin/audit-logs
[shibosi] 2026/07/31 01:13:38 logger.go:87: 2026-07-31 01:13:38.004 | 200 |     87.0181ms |             ::1 | GET     | /api/v1/admin/configs
[shibosi] 2026/07/31 01:13:38 logger.go:87: 2026-07-31 01:13:38.009 | 200 |      2.0431ms |             ::1 | GET     | /api/v1/admin/roles
[shibosi] 2026/07/31 01:13:38 logger.go:87: 2026-07-31 01:13:38.030 | 200 |     15.2132ms |             ::1 | GET     | /api/v1/native/newspaper/overview
[shibosi] 2026/07/31 01:13:38 logger.go:87: 2026-07-31 01:13:38.040 | 200 |       4.351ms |             ::1 | GET     | /api/v1/native/newspaper/sources
[shibosi] 2026/07/31 01:13:38 logger.go:87: 2026-07-31 01:13:38.048 | 200 |      3.2992ms |             ::1 | GET     | /api/v1/native/newspaper/news
[shibosi] 2026/07/31 01:13:38 logger.go:87: 2026-07-31 01:13:38.058 | 200 |      5.4815ms |             ::1 | GET     | /api/v1/native/user/stats
[shibosi] 2026/07/31 01:13:38 logger.go:87: 2026-07-31 01:13:38.067 | 200 |      4.6466ms |             ::1 | GET     | /api/v1/native/search/stats
[shibosi] 2026/07/31 01:13:46 logger.go:87: 2026-07-31 01:13:46.121 | 200 |            0s |             ::1 | GET     | /api/health
[shibosi] 2026/07/31 01:14:01 logger.go:87: 2026-07-31 01:14:01.124 | 200 |            0s |             ::1 | GET     | /api/health
[shibosi] 2026/07/31 01:14:16 logger.go:87: 2026-07-31 01:14:16.129 | 200 |        19.2µs |             ::1 | GET     | /api/health
[shibosi] 2026/07/31 01:14:29 logger.go:87: 2026-07-31 01:14:29.074 | 304 |      2.0011ms |             ::1 | GET     | /admin/
[shibosi] 2026/07/31 01:14:29 logger.go:87: 2026-07-31 01:14:29.091 | 304 |      1.0027ms |             ::1 | GET     | /admin/app.js?v=20260731a
[shibosi] 2026/07/31 01:14:29 logger.go:87: 2026-07-31 01:14:29.105 | 200 |            0s |             ::1 | GET     | /api/v1/admin/modules
[shibosi] 2026/07/31 01:14:29 logger.go:87: 2026-07-31 01:14:29.115 | 200 |            0s |             ::1 | GET     | /api/v1/admin/services
[shibosi] 2026/07/31 01:14:31 logger.go:87: 2026-07-31 01:14:31.124 | 200 |            0s |             ::1 | GET     | /api/health
[shibosi] 2026/07/31 01:14:38 logger.go:87: 2026-07-31 01:14:38.090 | 200 |       998.4µs |             ::1 | GET     | /api/v1/admin/modules
[shibosi] 2026/07/31 01:14:38 logger.go:87: 2026-07-31 01:14:38.253 | 200 |            0s |             ::1 | GET     | /api/v1/admin/services
[shibosi] 2026/07/31 01:14:46 logger.go:87: 2026-07-31 01:14:46.122 | 200 |            0s |             ::1 | GET     | /api/health
[shibosi] 2026/07/31 01:14:53 logger.go:87: 2026-07-31 01:14:53.318 | 200 |      2.5559ms |             ::1 | GET     | /api/v1/admin/services
[shibosi] 2026/07/31 01:15:00 logger.go:55: [INFO] 定时任务: Redis黑名单同步
[shibosi] 2026/07/31 01:15:01 logger.go:87: 2026-07-31 01:15:01.120 | 200 |            0s |             ::1 | GET     | /api/health
[shibosi] 2026/07/31 01:15:16 logger.go:87: 2026-07-31 01:15:16.129 | 200 |            0s |             ::1 | GET     | /api/health
[shibosi] 2026/07/31 01:15:30 logger.go:87: 2026-07-31 01:15:30.104 | 200 |            0s |             ::1 | GET     | /api/v1/admin/users
[shibosi] 2026/07/31 01:15:31 logger.go:87: 2026-07-31 01:15:31.129 | 200 |            0s |             ::1 | GET     | /api/health
[shibosi] 2026/07/31 01:15:41 logger.go:87: 2026-07-31 01:15:41.871 | 200 |       960.3µs |             ::1 | GET     | /api/v1/admin/audit-logs
[shibosi] 2026/07/31 01:15:46 logger.go:87: 2026-07-31 01:15:46.128 | 200 |            0s |             ::1 | GET     | /api/health
[shibosi] 2026/07/31 01:15:53 logger.go:87: 2026-07-31 01:15:53.661 | 200 |       998.5µs |             ::1 | GET     | /api/v1/admin/configs
[shibosi] 2026/07/31 01:16:01 logger.go:87: 2026-07-31 01:16:01.130 | 200 |       258.7µs |             ::1 | GET     | /api/health
[shibosi] 2026/07/31 01:16:05 logger.go:87: 2026-07-31 01:16:05.666 | 200 |            0s |             ::1 | GET     | /api/v1/admin/roles
[shibosi] 2026/07/31 01:16:16 logger.go:87: 2026-07-31 01:16:16.130 | 200 |            0s |             ::1 | GET     | /api/health
[shibosi] 2026/07/31 01:16:31 logger.go:87: 2026-07-31 01:16:31.123 | 200 |            0s |             ::1 | GET     | /api/health
[shibosi] 2026/07/31 01:16:37 logger.go:87: 2026-07-31 01:16:37.479 | 200 |     21.8128ms |             ::1 | GET     | /api/v1/native/newspaper/overview
[shibosi] 2026/07/31 01:16:46 logger.go:87: 2026-07-31 01:16:46.124 | 200 |            0s |             ::1 | GET     | /api/health
[shibosi] 2026/07/31 01:16:48 logger.go:87: 2026-07-31 01:16:48.970 | 200 |       3.503ms |             ::1 | GET     | /api/v1/native/newspaper/sources
[shibosi] 2026/07/31 01:16:58 logger.go:87: 2026-07-31 01:16:58.189 | 200 |      4.2191ms |             ::1 | GET     | /api/v1/native/newspaper/sources
[shibosi] 2026/07/31 01:17:01 logger.go:87: 2026-07-31 01:17:01.134 | 200 |        60.7µs |             ::1 | GET     | /api/health
[shibosi] 2026/07/31 01:17:04 logger.go:87: 2026-07-31 01:17:04.318 | 200 |      4.7123ms |             ::1 | GET     | /api/v1/admin/users/stats
[shibosi] 2026/07/31 01:17:16 logger.go:87: 2026-07-31 01:17:16.131 | 200 |        88.3µs |             ::1 | GET     | /api/health
[shibosi] 2026/07/31 01:17:18 logger.go:87: 2026-07-31 01:17:18.195 | 200 |      7.3269ms |             ::1 | GET     | /api/v1/native/search/stats
[shibosi] 2026/07/31 01:17:31 logger.go:87: 2026-07-31 01:17:31.128 | 200 |        16.2µs |             ::1 | GET     | /api/health
[shibosi] 2026/07/31 01:17:37 logger.go:87: 2026-07-31 01:17:37.599 | 200 |      4.0015ms |             ::1 | GET     | /api/v1/native/user/stats
[shibosi] 2026/07/31 01:17:37 logger.go:87: 2026-07-31 01:17:37.607 | 200 |      3.0925ms |             ::1 | GET     | /api/v1/native/search/stats
[shibosi] 2026/07/31 01:17:46 logger.go:87: 2026-07-31 01:17:46.121 | 200 |            0s |             ::1 | GET     | /api/health
[shibosi] 2026/07/31 01:18:01 logger.go:87: 2026-07-31 01:18:01.198 | 200 |            0s |             ::1 | GET     | /api/health
[shibosi] 2026/07/31 01:18:15 logger.go:87: 2026-07-31 01:18:15.829 | 200 |    129.4207ms |             ::1 | GET     | /admin/app.js?v=20260731b
[shibosi] 2026/07/31 01:18:16 logger.go:87: 2026-07-31 01:18:16.135 | 200 |            0s |             ::1 | GET     | /api/health
[shibosi] 2026/07/31 01:18:31 logger.go:87: 2026-07-31 01:18:31.128 | 200 |            0s |             ::1 | GET     | /api/health
[shibosi] 2026/07/31 01:18:46 logger.go:87: 2026-07-31 01:18:46.123 | 200 |            0s |             ::1 | GET     | /api/health
[shibosi] 2026/07/31 01:18:51 logger.go:87: 2026-07-31 01:18:51.611 | 200 |      1.0002ms |             ::1 | GET     | /admin/app.js?v=20260731a
[shibosi] 2026/07/31 01:18:51 logger.go:87: 2026-07-31 01:18:51.647 | 200 |       529.8µs |             ::1 | GET     | /api/v1/admin/modules
[shibosi] 2026/07/31 01:18:51 logger.go:87: 2026-07-31 01:18:51.655 | 200 |            0s |             ::1 | GET     | /api/v1/admin/services
[shibosi] 2026/07/31 01:18:55 logger.go:87: 2026-07-31 01:18:55.878 | 200 |            0s |             ::1 | GET     | /api/v1/admin/users/stats
[shibosi] 2026/07/31 01:19:01 logger.go:87: 2026-07-31 01:19:01.121 | 200 |            0s |             ::1 | GET     | /api/health
[shibosi] 2026/07/31 01:19:16 logger.go:87: 2026-07-31 01:19:16.120 | 200 |            0s |             ::1 | GET     | /api/health
[shibosi] 2026/07/31 01:19:30 logger.go:87: 2026-07-31 01:19:30.826 | 200 |      1.0018ms |             ::1 | GET     | /admin/?t=123456
[shibosi] 2026/07/31 01:19:30 logger.go:87: 2026-07-31 01:19:30.843 | 304 |       947.6µs |             ::1 | GET     | /admin/app.js?v=20260731b
[shibosi] 2026/07/31 01:19:30 logger.go:87: 2026-07-31 01:19:30.895 | 200 |            0s |             ::1 | GET     | /api/v1/admin/modules
[shibosi] 2026/07/31 01:19:30 logger.go:87: 2026-07-31 01:19:30.908 | 200 |            0s |             ::1 | GET     | /api/v1/admin/services
[shibosi] 2026/07/31 01:19:31 logger.go:87: 2026-07-31 01:19:31.137 | 200 |            0s |             ::1 | GET     | /api/health
[shibosi] 2026/07/31 01:19:34 logger.go:87: 2026-07-31 01:19:34.967 | 200 |      1.1298ms |             ::1 | GET     | /api/v1/admin/users/stats
[shibosi] 2026/07/31 01:19:46 logger.go:87: 2026-07-31 01:19:46.121 | 200 |       524.7µs |             ::1 | GET     | /api/health
[shibosi] 2026/07/31 01:19:49 logger.go:87: 2026-07-31 01:19:49.764 | 200 |       859.9µs |             ::1 | GET     | /admin/app.js?v=20260731c_1785431989731
[shibosi] 2026/07/31 01:20:00 logger.go:55: [INFO] 定时任务已注册
[shibosi] 2026/07/31 01:20:00 logger.go:55: [INFO] 市舶司 v2 后台已就绪 - 6 大模块全部启用
[shibosi] 2026/07/31 01:20:00 logger.go:55: [INFO] 访问: http://localhost:8084/admin
[shibosi] 2026/07/31 01:20:00 logger.go:55: [INFO] ========================================
[shibosi] 2026/07/31 01:20:00 logger.go:55: [INFO]   市舶司 - 统一管理后台 v2.0
[shibosi] 2026/07/31 01:20:00 logger.go:55: [INFO] ========================================
[shibosi] 2026/07/31 01:20:00 logger.go:55: [INFO] 监听地址: http://localhost:8084
[shibosi] 2026/07/31 01:20:00 logger.go:55: [INFO] 管理面板: http://localhost:8084/admin
[shibosi] 2026/07/31 01:20:00 logger.go:55: [INFO] API文档:  http://localhost:8084/api/v1
[shibosi] 2026/07/31 01:20:00 logger.go:55: [INFO] ========================================
[shibosi] 2026/07/31 01:20:15 logger.go:87: 2026-07-31 01:20:15.655 | 200 |            0s |             ::1 | GET     | /api/health
[shibosi] 2026/07/31 01:20:18 logger.go:87: 2026-07-31 01:20:18.327 | 200 |    155.8547ms |             ::1 | GET     | /admin/?t=999
[shibosi] 2026/07/31 01:20:18 logger.go:87: 2026-07-31 01:20:18.344 | 304 |            0s |             ::1 | GET     | /admin/app.js?v=20260731b
[shibosi] 2026/07/31 01:20:18 logger.go:87: 2026-07-31 01:20:18.370 | 200 |       995.5µs |             ::1 | GET     | /api/v1/admin/modules
[shibosi] 2026/07/31 01:20:18 logger.go:87: 2026-07-31 01:20:18.390 | 200 |            0s |             ::1 | GET     | /api/v1/admin/services
[shibosi] 2026/07/31 01:20:25 logger.go:87: 2026-07-31 01:20:25.113 | 200 |       881.5µs |             ::1 | GET     | /api/v1/admin/dashboard
[shibosi] 2026/07/31 01:20:30 logger.go:87: 2026-07-31 01:20:30.664 | 200 |            0s |             ::1 | GET     | /api/health
[shibosi] 2026/07/31 01:20:34 logger.go:87: 2026-07-31 01:20:34.655 | 200 |      1.5312ms |             ::1 | GET     | /api/v1/admin/users/stats
[shibosi] 2026/07/31 01:20:45 logger.go:87: 2026-07-31 01:20:45.649 | 200 |            0s |             ::1 | GET     | /api/health
[shibosi] 2026/07/31 01:20:47 logger.go:87: 2026-07-31 01:20:47.681 | 200 |         997µs |             ::1 | GET     | /admin/
[shibosi] 2026/07/31 01:21:00 logger.go:87: 2026-07-31 01:21:00.650 | 200 |            0s |             ::1 | GET     | /api/health
[shibosi] 2026/07/31 01:21:01 logger.go:87: 2026-07-31 01:21:01.284 | 200 |       998.2µs |             ::1 | GET     | /admin/app.js?v=check_1785432061280
[shibosi] 2026/07/31 01:21:15 logger.go:87: 2026-07-31 01:21:15.652 | 200 |            0s |             ::1 | GET     | /api/health
[shibosi] 2026/07/31 01:21:18 logger.go:87: 2026-07-31 01:21:18.128 | 200 |      1.2924ms |             ::1 | GET     | /admin/?t=1785432078121
[shibosi] 2026/07/31 01:21:18 logger.go:87: 2026-07-31 01:21:18.145 | 304 |         999µs |             ::1 | GET     | /admin/app.js?v=20260731b
[shibosi] 2026/07/31 01:21:18 logger.go:87: 2026-07-31 01:21:18.164 | 200 |       567.5µs |             ::1 | GET     | /api/v1/admin/modules
[shibosi] 2026/07/31 01:21:18 logger.go:87: 2026-07-31 01:21:18.173 | 200 |            0s |             ::1 | GET     | /api/v1/admin/services
[shibosi] 2026/07/31 01:21:29 logger.go:87: 2026-07-31 01:21:29.493 | 200 |      2.2544ms |             ::1 | GET     | /api/v1/admin/users/stats
[shibosi] 2026/07/31 01:21:30 logger.go:87: 2026-07-31 01:21:30.646 | 200 |        98.4µs |             ::1 | GET     | /api/health
[shibosi] 2026/07/31 01:21:45 logger.go:87: 2026-07-31 01:21:45.719 | 200 |            0s |             ::1 | GET     | /api/health
[shibosi] 2026/07/31 01:22:00 logger.go:87: 2026-07-31 01:22:00.656 | 200 |            0s |             ::1 | GET     | /api/health
[shibosi] 2026/07/31 01:22:15 logger.go:87: 2026-07-31 01:22:15.646 | 200 |            0s |             ::1 | GET     | /api/health
[shibosi] 2026/07/31 01:22:30 logger.go:87: 2026-07-31 01:22:30.652 | 200 |            0s |             ::1 | GET     | /api/health
[shibosi] 2026/07/31 01:22:45 logger.go:87: 2026-07-31 01:22:45.658 | 200 |            0s |             ::1 | GET     | /api/health
[shibosi] 2026/07/31 01:23:00 logger.go:87: 2026-07-31 01:23:00.648 | 200 |            0s |             ::1 | GET     | /api/health
[shibosi] 2026/07/31 01:23:15 logger.go:87: 2026-07-31 01:23:15.662 | 200 |            0s |             ::1 | GET     | /api/health
[shibosi] 2026/07/31 01:23:30 logger.go:87: 2026-07-31 01:23:30.650 | 200 |            0s |             ::1 | GET     | /api/health
[shibosi] 2026/07/31 01:23:45 logger.go:87: 2026-07-31 01:23:45.646 | 200 |            0s |             ::1 | GET     | /api/health
[shibosi] 2026/07/31 01:24:00 logger.go:87: 2026-07-31 01:24:00.647 | 200 |            0s |             ::1 | GET     | /api/health
[shibosi] 2026/07/31 01:24:15 logger.go:87: 2026-07-31 01:24:15.652 | 200 |            0s |             ::1 | GET     | /api/health
[shibosi] 2026/07/31 01:24:28 logger.go:87: 2026-07-31 01:24:28.503 | 200 |      2.6377ms |             ::1 | GET     | /admin/?t=final
[shibosi] 2026/07/31 01:24:28 logger.go:87: 2026-07-31 01:24:28.516 | 200 |       1.002ms |             ::1 | GET     | /admin/app.js?v=20260731c
[shibosi] 2026/07/31 01:24:28 logger.go:87: 2026-07-31 01:24:28.543 | 200 |      9.3812ms |             ::1 | GET     | /api/v1/admin/modules
[shibosi] 2026/07/31 01:24:28 logger.go:87: 2026-07-31 01:24:28.561 | 200 |            0s |             ::1 | GET     | /api/v1/admin/services
[shibosi] 2026/07/31 01:24:30 logger.go:87: 2026-07-31 01:24:30.654 | 200 |            0s |             ::1 | GET     | /api/health
[shibosi] 2026/07/31 01:24:37 logger.go:87: 2026-07-31 01:24:37.858 | 200 |       551.4µs |             ::1 | GET     | /admin/app.js?v=test1234
[shibosi] 2026/07/31 01:24:42 logger.go:87: 2026-07-31 01:24:42.070 | 200 |       1.374ms |             ::1 | GET     | /admin/app.js?v=test5678
[shibosi] 2026/07/31 01:24:45 logger.go:87: 2026-07-31 01:24:45.656 | 200 |            0s |             ::1 | GET     | /api/health
[shibosi] 2026/07/31 01:25:00 logger.go:55: [INFO] 定时任务: Redis黑名单同步
[shibosi] 2026/07/31 01:25:00 logger.go:87: 2026-07-31 01:25:00.648 | 200 |            0s |             ::1 | GET     | /api/health
[shibosi] 2026/07/31 01:25:15 logger.go:87: 2026-07-31 01:25:15.651 | 200 |            0s |             ::1 | GET     | /api/health
[shibosi] 2026/07/31 01:25:16 logger.go:87: 2026-07-31 01:25:16.232 | 200 |       3.506ms |             ::1 | GET     | /admin/
[shibosi] 2026/07/31 01:25:29 logger.go:87: 2026-07-31 01:25:29.467 | 200 |       999.2µs |             ::1 | GET     | /api/v1/admin/users/stats
[shibosi] 2026/07/31 01:25:30 logger.go:87: 2026-07-31 01:25:30.653 | 200 |            0s |             ::1 | GET     | /api/health
[shibosi] 2026/07/31 01:25:45 logger.go:87: 2026-07-31 01:25:45.733 | 200 |            0s |             ::1 | GET     | /api/health
[shibosi] 2026/07/31 01:25:47 logger.go:87: 2026-07-31 01:25:47.101 | 200 |      2.4181ms |             ::1 | GET     | /api/v1/admin/users/stats
[shibosi] 2026/07/31 01:26:00 logger.go:87: 2026-07-31 01:26:00.647 | 200 |            0s |             ::1 | GET     | /api/health
[shibosi] 2026/07/31 01:26:15 logger.go:87: 2026-07-31 01:26:15.655 | 200 |            0s |             ::1 | GET     | /api/health
[shibosi] 2026/07/31 01:26:30 logger.go:87: 2026-07-31 01:26:30.647 | 200 |            0s |             ::1 | GET     | /api/health
[shibosi] 2026/07/31 01:26:44 logger.go:87: 2026-07-31 01:26:44.835 | 200 |      1.5125ms |             ::1 | GET     | /admin/?t=test2
[shibosi] 2026/07/31 01:26:44 logger.go:87: 2026-07-31 01:26:44.852 | 200 |      1.0858ms |             ::1 | GET     | /admin/app.js?v=20260731d
[shibosi] 2026/07/31 01:26:44 logger.go:87: 2026-07-31 01:26:44.872 | 200 |       963.3µs |             ::1 | GET     | /api/v1/admin/modules
[shibosi] 2026/07/31 01:26:44 logger.go:87: 2026-07-31 01:26:44.879 | 200 |            0s |             ::1 | GET     | /api/v1/admin/services
[shibosi] 2026/07/31 01:26:45 logger.go:87: 2026-07-31 01:26:45.650 | 200 |            0s |             ::1 | GET     | /api/health
[shibosi] 2026/07/31 01:26:50 logger.go:87: 2026-07-31 01:26:50.316 | 200 |      1.8684ms |             ::1 | GET     | /api/v1/admin/users/stats
[shibosi] 2026/07/31 01:27:00 logger.go:87: 2026-07-31 01:27:00.645 | 200 |            0s |             ::1 | GET     | /api/health
[shibosi] 2026/07/31 01:27:05 logger.go:87: 2026-07-31 01:27:05.494 | 200 |      8.6871ms |             ::1 | GET     | /api/v1/native/search/stats
[shibosi] 2026/07/31 01:27:15 logger.go:87: 2026-07-31 01:27:15.646 | 200 |            0s |             ::1 | GET     | /api/health
[shibosi] 2026/07/31 01:27:19 logger.go:87: 2026-07-31 01:27:19.107 | 200 |      3.5845ms |             ::1 | GET     | /api/v1/admin/dashboard
[shibosi] 2026/07/31 01:27:30 logger.go:87: 2026-07-31 01:27:30.651 | 200 |            0s |             ::1 | GET     | /api/health
[shibosi] 2026/07/31 01:27:42 logger.go:87: 2026-07-31 01:27:42.035 | 200 |     17.5052ms |             ::1 | GET     | /api/v1/native/newspaper/analysis
[shibosi] 2026/07/31 01:27:42 logger.go:87: 2026-07-31 01:27:42.136 | 200 |      4.9591ms |             ::1 | GET     | /api/v1/native/newspaper/news
[shibosi] 2026/07/31 01:27:42 logger.go:87: 2026-07-31 01:27:42.237 | 200 |      4.6055ms |             ::1 | GET     | /api/v1/native/newspaper/logs
[shibosi] 2026/07/31 01:27:42 logger.go:87: 2026-07-31 01:27:42.339 | 200 |       564.6µs |             ::1 | GET     | /api/v1/admin/users
[shibosi] 2026/07/31 01:27:42 logger.go:87: 2026-07-31 01:27:42.449 | 200 |       2.997ms |             ::1 | GET     | /api/v1/native/user/stats
[shibosi] 2026/07/31 01:27:42 logger.go:87: 2026-07-31 01:27:42.656 | 200 |       394.4µs |             ::1 | GET     | /api/v1/admin/services
[shibosi] 2026/07/31 01:27:45 logger.go:87: 2026-07-31 01:27:45.651 | 200 |            0s |             ::1 | GET     | /api/health
[shibosi] 2026/07/31 01:27:49 logger.go:87: 2026-07-31 01:27:49.886 | 404 |            0s |             ::1 | GET     | /api/api/v2/firewall/rules
[shibosi] 2026/07/31 01:27:50 logger.go:87: 2026-07-31 01:27:50.038 | 404 |            0s |             ::1 | GET     | /api/api/v2/firewall/blocked
[shibosi] 2026/07/31 01:27:50 logger.go:87: 2026-07-31 01:27:50.191 | 404 |            0s |             ::1 | GET     | /api/api/v2/files/tree?path=%2F&depth=1
[shibosi] 2026/07/31 01:27:50 logger.go:87: 2026-07-31 01:27:50.354 | 404 |            0s |             ::1 | GET     | /api/api/v2/software
[shibosi] 2026/07/31 01:27:50 logger.go:87: 2026-07-31 01:27:50.514 | 404 |            0s |             ::1 | GET     | /api/api/v2/crontabs
[shibosi] 2026/07/31 01:27:50 logger.go:87: 2026-07-31 01:27:50.666 | 404 |            0s |             ::1 | GET     | /api/api/v2/terminal/sessions
[shibosi] 2026/07/31 01:27:50 logger.go:87: 2026-07-31 01:27:50.821 | 404 |            0s |             ::1 | GET     | /api/api/v2/logs
[shibosi] 2026/07/31 01:28:00 logger.go:87: 2026-07-31 01:28:00.658 | 200 |            0s |             ::1 | GET     | /api/health
[shibosi] 2026/07/31 01:28:03 logger.go:87: 2026-07-31 01:28:03.736 | 200 |     16.5856ms |             ::1 | GET     | /api/v1/native/newspaper/analysis
[shibosi] 2026/07/31 01:28:09 logger.go:87: 2026-07-31 01:28:09.763 | 200 |      5.8272ms |             ::1 | GET     | /api/v1/native/newspaper/news
[shibosi] 2026/07/31 01:28:15 logger.go:87: 2026-07-31 01:28:15.647 | 200 |            0s |             ::1 | GET     | /api/health
[shibosi] 2026/07/31 01:28:16 logger.go:87: 2026-07-31 01:28:16.444 | 404 |            0s |             ::1 | GET     | /api/api/v2/files/tree?path=%2F&depth=1
[shibosi] 2026/07/31 01:28:30 logger.go:87: 2026-07-31 01:28:30.668 | 200 |            0s |             ::1 | GET     | /api/health
[shibosi] 2026/07/31 01:28:45 logger.go:87: 2026-07-31 01:28:45.651 | 200 |            0s |             ::1 | GET     | /api/health
[shibosi] 2026/07/31 01:28:48 logger.go:87: 2026-07-31 01:28:48.147 | 200 |      1.1558ms |             ::1 | GET     | /api/v1/admin/services
[shibosi] 2026/07/31 01:28:51 logger.go:87: 2026-07-31 01:28:51.660 | 200 |       998.4µs |             ::1 | GET     | /api/v1/admin/dashboard
[shibosi] 2026/07/31 01:28:59 logger.go:87: 2026-07-31 01:28:59.167 | 200 |      1.9389ms |             ::1 | GET     | /api/v1/admin/users
[shibosi] 2026/07/31 01:29:00 logger.go:87: 2026-07-31 01:29:00.650 | 200 |            0s |             ::1 | GET     | /api/health
[shibosi] 2026/07/31 01:29:03 logger.go:87: 2026-07-31 01:29:03.457 | 200 |      1.8798ms |             ::1 | GET     | /api/v1/admin/audit-logs
[shibosi] 2026/07/31 01:29:08 logger.go:87: 2026-07-31 01:29:08.658 | 200 |            0s |             ::1 | GET     | /api/v1/admin/configs
[shibosi] 2026/07/31 01:29:11 logger.go:87: 2026-07-31 01:29:11.756 | 200 |       529.5µs |             ::1 | GET     | /api/v1/admin/roles
[shibosi] 2026/07/31 01:29:14 logger.go:87: 2026-07-31 01:29:14.511 | 200 |         558µs |             ::1 | GET     | /api/v1/admin/users/stats
[shibosi] 2026/07/31 01:29:15 logger.go:87: 2026-07-31 01:29:15.649 | 200 |            0s |             ::1 | GET     | /api/health
[shibosi] 2026/07/31 01:29:18 logger.go:87: 2026-07-31 01:29:18.220 | 200 |      1.4624ms |             ::1 | GET     | /api/v1/admin/users
[shibosi] 2026/07/31 01:29:20 logger.go:87: 2026-07-31 01:29:20.997 | 200 |      3.4952ms |             ::1 | GET     | /api/v1/native/user/stats
[shibosi] 2026/07/31 01:29:23 logger.go:87: 2026-07-31 01:29:23.986 | 404 |            0s |             ::1 | GET     | /api/api/v2/firewall/rules
[shibosi] 2026/07/31 01:29:25 logger.go:87: 2026-07-31 01:29:25.395 | 404 |            0s |             ::1 | GET     | /api/api/v2/firewall/blocked
[shibosi] 2026/07/31 01:29:26 logger.go:87: 2026-07-31 01:29:26.883 | 404 |            0s |             ::1 | GET     | /api/api/v2/files/tree?path=%2F&depth=1
[shibosi] 2026/07/31 01:29:29 logger.go:87: 2026-07-31 01:29:29.209 | 404 |            0s |             ::1 | GET     | /api/api/v2/software
[shibosi] 2026/07/31 01:29:30 logger.go:87: 2026-07-31 01:29:30.790 | 200 |            0s |             ::1 | GET     | /api/health
[shibosi] 2026/07/31 01:29:31 logger.go:87: 2026-07-31 01:29:31.242 | 404 |       999.8µs |             ::1 | GET     | /api/api/v2/crontabs
[shibosi] 2026/07/31 01:29:45 logger.go:87: 2026-07-31 01:29:45.774 | 200 |            0s |             ::1 | GET     | /api/health
[shibosi] 2026/07/31 01:30:00 logger.go:55: [INFO] 定时任务: Redis黑名单同步
[shibosi] 2026/07/31 01:30:00 logger.go:87: 2026-07-31 01:30:00.651 | 200 |            0s |             ::1 | GET     | /api/health
[shibosi] 2026/07/31 01:30:15 logger.go:87: 2026-07-31 01:30:15.648 | 200 |            0s |             ::1 | GET     | /api/health
[shibosi] 2026/07/31 01:30:30 logger.go:87: 2026-07-31 01:30:30.646 | 200 |            0s |             ::1 | GET     | /api/health
[shibosi] 2026/07/31 01:30:41 logger.go:87: 2026-07-31 01:30:41.834 | 200 |      1.2307ms |             ::1 | GET     | /api/v2/firewall/rules
[shibosi] 2026/07/31 01:30:41 logger.go:87: 2026-07-31 01:30:41.839 | 200 |            0s |             ::1 | GET     | /api/v2/firewall/blocked
[shibosi] 2026/07/31 01:30:41 logger.go:87: 2026-07-31 01:30:41.847 | 200 |      2.4724ms |             ::1 | GET     | /api/v2/files/tree?path=%2F&depth=1
[shibosi] 2026/07/31 01:30:41 logger.go:87: 2026-07-31 01:30:41.853 | 200 |            0s |             ::1 | GET     | /api/v2/crontabs
[shibosi] 2026/07/31 01:30:41 logger.go:87: 2026-07-31 01:30:41.859 | 200 |            0s |             ::1 | GET     | /api/v2/terminal/sessions
[shibosi] 2026/07/31 01:30:41 logger.go:87: 2026-07-31 01:30:41.864 | 200 |            0s |             ::1 | GET     | /api/v2/logs
[shibosi] 2026/07/31 01:30:41 logger.go:87: 2026-07-31 01:30:41.871 | 200 |       998.7µs |             ::1 | GET     | /api/v2/software
[shibosi] 2026/07/31 01:30:45 logger.go:87: 2026-07-31 01:30:45.658 | 200 |            0s |             ::1 | GET     | /api/health
[shibosi] 2026/07/31 01:30:51 logger.go:87: 2026-07-31 01:30:51.570 | 200 |      1.6034ms |             ::1 | GET     | /api/v2/files/tree?path=%2F&depth=1
[shibosi] 2026/07/31 01:31:00 logger.go:87: 2026-07-31 01:31:00.648 | 200 |        41.2µs |             ::1 | GET     | /api/health
[shibosi] 2026/07/31 01:31:03 logger.go:87: 2026-07-31 01:31:03.426 | 404 |            0s |             ::1 | GET     | /api/api/v2/firewall/rules
[shibosi] 2026/07/31 01:31:12 logger.go:87: 2026-07-31 01:31:12.267 | 200 |            0s |             ::1 | GET     | /api/v2/firewall/rules
[shibosi] 2026/07/31 01:31:15 logger.go:87: 2026-07-31 01:31:15.650 | 200 |            0s |             ::1 | GET     | /api/health
[shibosi] 2026/07/31 01:31:30 logger.go:87: 2026-07-31 01:31:30.650 | 200 |            0s |             ::1 | GET     | /api/health
[shibosi] 2026/07/31 01:31:45 logger.go:87: 2026-07-31 01:31:45.653 | 200 |            0s |             ::1 | GET     | /api/health
[shibosi] 2026/07/31 01:32:00 logger.go:87: 2026-07-31 01:32:00.647 | 200 |            0s |             ::1 | GET     | /api/health
[shibosi] 2026/07/31 01:32:15 logger.go:87: 2026-07-31 01:32:15.667 | 200 |            0s |             ::1 | GET     | /api/health
[shibosi] 2026/07/31 01:32:30 logger.go:87: 2026-07-31 01:32:30.648 | 200 |            0s |             ::1 | GET     | /api/health
[shibosi] 2026/07/31 01:32:45 logger.go:87: 2026-07-31 01:32:45.668 | 200 |            0s |             ::1 | GET     | /api/health
[shibosi] 2026/07/31 01:33:00 logger.go:87: 2026-07-31 01:33:00.648 | 200 |            0s |             ::1 | GET     | /api/health
[shibosi] 2026/07/31 01:33:15 logger.go:87: 2026-07-31 01:33:15.657 | 200 |            0s |             ::1 | GET     | /api/health
[shibosi] 2026/07/31 01:33:30 logger.go:87: 2026-07-31 01:33:30.667 | 200 |            0s |             ::1 | GET     | /api/health
[shibosi] 2026/07/31 01:33:45 logger.go:87: 2026-07-31 01:33:45.652 | 200 |            0s |             ::1 | GET     | /api/health
[shibosi] 2026/07/31 01:34:00 logger.go:87: 2026-07-31 01:34:00.647 | 200 |            0s |             ::1 | GET     | /api/health
[shibosi] 2026/07/31 01:34:10 logger.go:87: 2026-07-31 01:34:10.022 | 401 |      1.0965ms |             ::1 | GET     | /api/v1/admin/services
[shibosi] 2026/07/31 01:34:11 logger.go:87: 2026-07-31 01:34:11.535 | 304 |       585.1µs |             ::1 | GET     | /admin/?t=test2
[shibosi] 2026/07/31 01:34:11 logger.go:87: 2026-07-31 01:34:11.552 | 304 |       785.2µs |             ::1 | GET     | /admin/app.js?v=20260731d
[shibosi] 2026/07/31 01:34:11 logger.go:87: 2026-07-31 01:34:11.690 | 401 |            0s |             ::1 | GET     | /api/v1/admin/modules
[shibosi] 2026/07/31 01:34:12 logger.go:87: 2026-07-31 01:34:12.885 | 401 |            0s |             ::1 | POST    | /api/v1/auth/logout
[shibosi] 2026/07/31 01:34:13 logger.go:87: 2026-07-31 01:34:13.304 | 304 |      1.1073ms |             ::1 | GET     | /admin/?t=test2
[shibosi] 2026/07/31 01:34:15 logger.go:87: 2026-07-31 01:34:15.646 | 200 |            0s |             ::1 | GET     | /api/health
[shibosi] 2026/07/31 01:34:21 logger.go:87: 2026-07-31 01:34:21.060 | 200 |    432.8159ms |             ::1 | POST    | /api/v1/auth/login
[shibosi] 2026/07/31 01:34:21 logger.go:87: 2026-07-31 01:34:21.070 | 304 |      1.6101ms |             ::1 | GET     | /admin/?t=test2
[shibosi] 2026/07/31 01:34:21 logger.go:87: 2026-07-31 01:34:21.107 | 200 |      1.0051ms |             ::1 | GET     | /api/v1/admin/modules
[shibosi] 2026/07/31 01:34:21 logger.go:87: 2026-07-31 01:34:21.197 | 200 |            0s |             ::1 | GET     | /api/v1/admin/services
[shibosi] 2026/07/31 01:34:30 logger.go:87: 2026-07-31 01:34:30.660 | 200 |            0s |             ::1 | GET     | /api/health
[shibosi] 2026/07/31 01:34:33 logger.go:87: 2026-07-31 01:34:33.299 | 200 |     15.8518ms |             ::1 | GET     | /api/v1/native/newspaper/overview
[shibosi] 2026/07/31 01:34:39 logger.go:87: 2026-07-31 01:34:39.815 | 200 |       21.18ms |             ::1 | GET     | /api/v1/native/newspaper/analysis
[shibosi] 2026/07/31 01:34:41 logger.go:87: 2026-07-31 01:34:41.228 | 200 |     13.1741ms |             ::1 | POST    | /api/v1/native/newspaper/analyze
[shibosi] 2026/07/31 01:34:41 logger.go:87: 2026-07-31 01:34:41.249 | 200 |     13.8486ms |             ::1 | GET     | /api/v1/native/newspaper/analysis
[shibosi] 2026/07/31 01:34:45 logger.go:87: 2026-07-31 01:34:45.651 | 200 |            0s |             ::1 | GET     | /api/health
[shibosi] 2026/07/31 01:34:47 logger.go:87: 2026-07-31 01:34:47.333 | 200 |     10.0015ms |             ::1 | GET     | /api/v1/native/newspaper/sources
[shibosi] 2026/07/31 01:34:51 logger.go:87: 2026-07-31 01:34:51.098 | 200 |      5.8838ms |             ::1 | GET     | /api/v1/native/newspaper/news
[shibosi] 2026/07/31 01:34:55 logger.go:87: 2026-07-31 01:34:55.631 | 200 |      5.1827ms |             ::1 | GET     | /api/v1/native/newspaper/logs
[shibosi] 2026/07/31 01:35:00 logger.go:55: [INFO] 定时任务: Redis黑名单同步
[shibosi] 2026/07/31 01:35:00 logger.go:87: 2026-07-31 01:35:00.652 | 200 |            0s |             ::1 | GET     | /api/health
[shibosi] 2026/07/31 01:35:04 logger.go:87: 2026-07-31 01:35:04.850 | 200 |      3.9069ms |             ::1 | GET     | /api/v1/native/search/stats
[shibosi] 2026/07/31 01:35:09 logger.go:87: 2026-07-31 01:35:09.691 | 200 |      5.2429ms |             ::1 | GET     | /api/v1/native/search/stats
[shibosi] 2026/07/31 01:35:15 logger.go:87: 2026-07-31 01:35:15.648 | 200 |            0s |             ::1 | GET     | /api/health
[shibosi] 2026/07/31 01:35:30 logger.go:87: 2026-07-31 01:35:30.656 | 200 |            0s |             ::1 | GET     | /api/health
[shibosi] 2026/07/31 01:35:45 logger.go:87: 2026-07-31 01:35:45.649 | 200 |            0s |             ::1 | GET     | /api/health
[shibosi] 2026/07/31 01:36:00 logger.go:87: 2026-07-31 01:36:00.651 | 200 |            0s |             ::1 | GET     | /api/health
[shibosi] 2026/07/31 01:36:15 logger.go:87: 2026-07-31 01:36:15.656 | 200 |            0s |             ::1 | GET     | /api/health
[shibosi] 2026/07/31 01:36:30 logger.go:87: 2026-07-31 01:36:30.655 | 200 |            0s |             ::1 | GET     | /api/health
[shibosi] 2026/07/31 01:36:45 logger.go:87: 2026-07-31 01:36:45.646 | 200 |            0s |             ::1 | GET     | /api/health
[shibosi] 2026/07/31 01:37:00 logger.go:87: 2026-07-31 01:37:00.664 | 200 |            0s |             ::1 | GET     | /api/health
[shibosi] 2026/07/31 01:37:15 logger.go:87: 2026-07-31 01:37:15.659 | 200 |            0s |             ::1 | GET     | /api/health
[shibosi] 2026/07/31 01:37:30 logger.go:87: 2026-07-31 01:37:30.647 | 200 |            0s |             ::1 | GET     | /api/health
[shibosi] 2026/07/31 01:37:45 logger.go:87: 2026-07-31 01:37:45.645 | 200 |            0s |             ::1 | GET     | /api/health
[shibosi] 2026/07/31 01:38:00 logger.go:87: 2026-07-31 01:38:00.651 | 200 |            0s |             ::1 | GET     | /api/health
[shibosi] 2026/07/31 01:38:15 logger.go:87: 2026-07-31 01:38:15.671 | 200 |            0s |             ::1 | GET     | /api/health
[shibosi] 2026/07/31 01:38:30 logger.go:87: 2026-07-31 01:38:30.647 | 200 |            0s |             ::1 | GET     | /api/health
[shibosi] 2026/07/31 01:38:45 logger.go:87: 2026-07-31 01:38:45.653 | 200 |            0s |             ::1 | GET     | /api/health
[shibosi] 2026/07/31 01:39:00 logger.go:87: 2026-07-31 01:39:00.644 | 200 |            0s |             ::1 | GET     | /api/health
[shibosi] 2026/07/31 01:39:15 logger.go:87: 2026-07-31 01:39:15.647 | 200 |            0s |             ::1 | GET     | /api/health
[shibosi] 2026/07/31 01:39:55 logger.go:55: [INFO] 定时任务已注册
[shibosi] 2026/07/31 01:39:56 logger.go:55: [INFO] 市舶司 v2 后台已就绪 - 6 大模块全部启用
[shibosi] 2026/07/31 01:39:56 logger.go:55: [INFO] 访问: http://localhost:8084/admin
[shibosi] 2026/07/31 01:39:56 logger.go:55: [INFO] ========================================
[shibosi] 2026/07/31 01:39:56 logger.go:55: [INFO]   市舶司 - 统一管理后台 v2.0
[shibosi] 2026/07/31 01:39:56 logger.go:55: [INFO] ========================================
[shibosi] 2026/07/31 01:39:56 logger.go:55: [INFO] 监听地址: http://localhost:8084
[shibosi] 2026/07/31 01:39:56 logger.go:55: [INFO] 管理面板: http://localhost:8084/admin
[shibosi] 2026/07/31 01:39:56 logger.go:55: [INFO] API文档:  http://localhost:8084/api/v1
[shibosi] 2026/07/31 01:39:56 logger.go:55: [INFO] ========================================
[shibosi] 2026/07/31 01:40:00 logger.go:55: [INFO] 定时任务: Redis黑名单同步
[shibosi] 2026/07/31 01:40:03 logger.go:87: 2026-07-31 01:40:03.531 | 200 |    136.0893ms |             ::1 | GET     | /admin/?nocache=20260731
[shibosi] 2026/07/31 01:40:03 logger.go:87: 2026-07-31 01:40:03.547 | 200 |      3.0043ms |             ::1 | GET     | /admin/app.js?v=20260731e
[shibosi] 2026/07/31 01:40:03 logger.go:87: 2026-07-31 01:40:03.571 | 200 |      6.3363ms |             ::1 | GET     | /api/v1/admin/modules
[shibosi] 2026/07/31 01:40:03 logger.go:87: 2026-07-31 01:40:03.598 | 200 |            0s |             ::1 | GET     | /api/v1/admin/services
[shibosi] 2026/07/31 01:40:10 logger.go:87: 2026-07-31 01:40:10.760 | 200 |            0s |             ::1 | GET     | /api/health
[shibosi] 2026/07/31 01:40:25 logger.go:87: 2026-07-31 01:40:25.750 | 200 |            0s |             ::1 | GET     | /api/health
[shibosi] 2026/07/31 01:40:30 logger.go:87: 2026-07-31 01:40:30.645 | 404 |            0s |             ::1 | GET     | /api/api/v2/firewall/rules
[shibosi] 2026/07/31 01:40:38 logger.go:87: 2026-07-31 01:40:38.244 | 200 |            0s |             ::1 | GET     | /api/v2/firewall/rules
[shibosi] 2026/07/31 01:40:40 logger.go:87: 2026-07-31 01:40:40.746 | 200 |            0s |             ::1 | GET     | /api/health
[shibosi] 2026/07/31 01:40:45 logger.go:87: 2026-07-31 01:40:45.767 | 200 |       979.5µs |             ::1 | GET     | /api/v2/software
[shibosi] 2026/07/31 01:40:45 logger.go:87: 2026-07-31 01:40:45.773 | 200 |       1.022ms |             ::1 | GET     | /api/v2/crontabs
[shibosi] 2026/07/31 01:40:45 logger.go:87: 2026-07-31 01:40:45.779 | 200 |            0s |             ::1 | GET     | /api/v2/firewall/blocked
[shibosi] 2026/07/31 01:40:45 logger.go:87: 2026-07-31 01:40:45.787 | 200 |      2.4646ms |             ::1 | GET     | /api/v2/logs
[shibosi] 2026/07/31 01:40:45 logger.go:87: 2026-07-31 01:40:45.793 | 200 |            0s |             ::1 | GET     | /api/v2/terminal/sessions
[shibosi] 2026/07/31 01:40:55 logger.go:87: 2026-07-31 01:40:55.754 | 200 |            0s |             ::1 | GET     | /api/health
[shibosi] 2026/07/31 01:41:10 logger.go:87: 2026-07-31 01:41:10.749 | 200 |       510.4µs |             ::1 | GET     | /api/health
[shibosi] 2026/07/31 01:41:25 logger.go:87: 2026-07-31 01:41:25.745 | 200 |            0s |             ::1 | GET     | /api/health
[shibosi] 2026/07/31 01:41:40 logger.go:87: 2026-07-31 01:41:40.757 | 200 |            0s |             ::1 | GET     | /api/health
[shibosi] 2026/07/31 01:41:49 logger.go:87: 2026-07-31 01:41:49.336 | 200 |      3.2482ms |             ::1 | GET     | /admin/?v=20260731e2
[shibosi] 2026/07/31 01:41:49 logger.go:87: 2026-07-31 01:41:49.352 | 200 |      3.9276ms |             ::1 | GET     | /admin/app.js?v=20260731e
[shibosi] 2026/07/31 01:41:49 logger.go:87: 2026-07-31 01:41:49.382 | 200 |            0s |             ::1 | GET     | /api/v1/admin/modules
[shibosi] 2026/07/31 01:41:49 logger.go:87: 2026-07-31 01:41:49.408 | 200 |            0s |             ::1 | GET     | /api/v1/admin/services
[shibosi] 2026/07/31 01:41:55 logger.go:87: 2026-07-31 01:41:55.753 | 200 |          90µs |             ::1 | GET     | /api/health
[shibosi] 2026/07/31 01:42:10 logger.go:87: 2026-07-31 01:42:10.754 | 200 |            0s |             ::1 | GET     | /api/health
[shibosi] 2026/07/31 01:42:20 logger.go:87: 2026-07-31 01:42:20.223 | 200 |      2.6571ms |             ::1 | GET     | /admin/app.js?t=1785433340218
[shibosi] 2026/07/31 01:42:25 logger.go:87: 2026-07-31 01:42:25.753 | 200 |            0s |             ::1 | GET     | /api/health
[shibosi] 2026/07/31 01:42:40 logger.go:87: 2026-07-31 01:42:40.751 | 200 |            0s |             ::1 | GET     | /api/health
[shibosi] 2026/07/31 01:42:55 logger.go:87: 2026-07-31 01:42:55.779 | 200 |            0s |             ::1 | GET     | /api/health
[shibosi] 2026/07/31 01:43:07 logger.go:87: 2026-07-31 01:43:07.609 | 404 |            0s |             ::1 | GET     | /api/api/v2/firewall/rules
[shibosi] 2026/07/31 01:43:10 logger.go:87: 2026-07-31 01:43:10.750 | 200 |            0s |             ::1 | GET     | /api/health
[shibosi] 2026/07/31 01:43:25 logger.go:87: 2026-07-31 01:43:25.751 | 200 |            0s |             ::1 | GET     | /api/health
[shibosi] 2026/07/31 01:43:30 logger.go:87: 2026-07-31 01:43:30.479 | 404 |            0s |             ::1 | GET     | /api/api/v2/firewall/rules
[shibosi] 2026/07/31 01:43:40 logger.go:87: 2026-07-31 01:43:40.748 | 200 |       507.2µs |             ::1 | GET     | /api/health
[shibosi] 2026/07/31 01:43:55 logger.go:87: 2026-07-31 01:43:55.751 | 200 |            0s |             ::1 | GET     | /api/health
[shibosi] 2026/07/31 01:44:07 logger.go:87: 2026-07-31 01:44:07.486 | 404 |            0s |             ::1 | GET     | /api/api/v2/firewall/rules
[shibosi] 2026/07/31 01:44:10 logger.go:87: 2026-07-31 01:44:10.746 | 200 |            0s |             ::1 | GET     | /api/health
[shibosi] 2026/07/31 01:44:25 logger.go:87: 2026-07-31 01:44:25.751 | 200 |            0s |             ::1 | GET     | /api/health
[shibosi] 2026/07/31 01:44:40 logger.go:87: 2026-07-31 01:44:40.750 | 200 |            0s |             ::1 | GET     | /api/health
[shibosi] 2026/07/31 01:44:50 logger.go:87: 2026-07-31 01:44:50.449 | 200 |      3.0711ms |             ::1 | GET     | /admin/?t=1722500000
[shibosi] 2026/07/31 01:44:50 logger.go:87: 2026-07-31 01:44:50.466 | 200 |        3.04ms |             ::1 | GET     | /admin/app.js?v=20260731f
[shibosi] 2026/07/31 01:44:50 logger.go:87: 2026-07-31 01:44:50.484 | 200 |       2.276ms |             ::1 | GET     | /api/v1/admin/modules
[shibosi] 2026/07/31 01:44:50 logger.go:87: 2026-07-31 01:44:50.495 | 200 |            0s |             ::1 | GET     | /api/v1/admin/services
[shibosi] 2026/07/31 01:44:55 logger.go:87: 2026-07-31 01:44:55.756 | 200 |            0s |             ::1 | GET     | /api/health
[shibosi] 2026/07/31 01:45:00 logger.go:55: [INFO] 定时任务: Redis黑名单同步
[shibosi] 2026/07/31 01:45:10 logger.go:87: 2026-07-31 01:45:10.747 | 200 |            0s |             ::1 | GET     | /api/health
[shibosi] 2026/07/31 01:45:25 logger.go:87: 2026-07-31 01:45:25.751 | 200 |            0s |             ::1 | GET     | /api/health
[shibosi] 2026/07/31 01:45:40 logger.go:87: 2026-07-31 01:45:40.746 | 200 |            0s |             ::1 | GET     | /api/health
[shibosi] 2026/07/31 01:45:42 logger.go:87: 2026-07-31 01:45:42.333 | 200 |       4.489ms |             ::1 | GET     | /admin/?fresh=20260731g
[shibosi] 2026/07/31 01:45:42 logger.go:87: 2026-07-31 01:45:42.352 | 200 |      3.7997ms |             ::1 | GET     | /admin/app-v2.js?v=20260731g
[shibosi] 2026/07/31 01:45:42 logger.go:87: 2026-07-31 01:45:42.379 | 200 |            0s |             ::1 | GET     | /api/v1/admin/modules
[shibosi] 2026/07/31 01:45:42 logger.go:87: 2026-07-31 01:45:42.392 | 200 |            0s |             ::1 | GET     | /api/v1/admin/services
[shibosi] 2026/07/31 01:45:55 logger.go:87: 2026-07-31 01:45:55.759 | 200 |            0s |             ::1 | GET     | /api/health
[shibosi] 2026/07/31 01:46:02 logger.go:87: 2026-07-31 01:46:02.555 | 401 |            0s |             ::1 | GET     | /api/v2/firewall/rules
[shibosi] 2026/07/31 01:46:10 logger.go:87: 2026-07-31 01:46:10.761 | 200 |            0s |             ::1 | GET     | /api/health
[shibosi] 2026/07/31 01:46:25 logger.go:87: 2026-07-31 01:46:25.748 | 200 |            0s |             ::1 | GET     | /api/health
[shibosi] 2026/07/31 01:46:40 logger.go:87: 2026-07-31 01:46:40.749 | 200 |            0s |             ::1 | GET     | /api/health
[shibosi] 2026/07/31 01:46:55 logger.go:87: 2026-07-31 01:46:55.760 | 200 |            0s |             ::1 | GET     | /api/health
[shibosi] 2026/07/31 01:47:10 logger.go:87: 2026-07-31 01:47:10.802 | 200 |            0s |             ::1 | GET     | /api/health
[shibosi] 2026/07/31 01:47:22 logger.go:87: 2026-07-31 01:47:22.156 | 200 |       799.6µs |             ::1 | GET     | /api/v2/firewall/rules
[shibosi] 2026/07/31 01:47:25 logger.go:87: 2026-07-31 01:47:25.751 | 200 |            0s |             ::1 | GET     | /api/health
[shibosi] 2026/07/31 01:47:27 logger.go:87: 2026-07-31 01:47:27.894 | 200 |            0s |             ::1 | GET     | /api/v2/firewall/rules
[shibosi] 2026/07/31 01:47:40 logger.go:87: 2026-07-31 01:47:40.098 | 200 |       999.1µs |             ::1 | GET     | /api/v2/software
[shibosi] 2026/07/31 01:47:40 logger.go:87: 2026-07-31 01:47:40.753 | 200 |            0s |             ::1 | GET     | /api/health
[shibosi] 2026/07/31 01:47:55 logger.go:87: 2026-07-31 01:47:55.758 | 200 |            0s |             ::1 | GET     | /api/health
[shibosi] 2026/07/31 01:48:04 logger.go:87: 2026-07-31 01:48:04.159 | 200 |            0s |             ::1 | GET     | /api/v2/software
[shibosi] 2026/07/31 01:48:09 logger.go:87: 2026-07-31 01:48:09.934 | 200 |            0s |             ::1 | GET     | /api/v2/firewall/rules
[shibosi] 2026/07/31 01:48:09 logger.go:87: 2026-07-31 01:48:09.945 | 200 |      5.1562ms |             ::1 | GET     | /api/v2/files/tree?path=%2F&depth=1
[shibosi] 2026/07/31 01:48:09 logger.go:87: 2026-07-31 01:48:09.951 | 200 |      1.0131ms |             ::1 | GET     | /api/v2/crontabs
[shibosi] 2026/07/31 01:48:09 logger.go:87: 2026-07-31 01:48:09.956 | 200 |            0s |             ::1 | GET     | /api/v2/terminal/sessions
[shibosi] 2026/07/31 01:48:09 logger.go:87: 2026-07-31 01:48:09.963 | 200 |       581.2µs |             ::1 | GET     | /api/v2/logs
[shibosi] 2026/07/31 01:48:10 logger.go:87: 2026-07-31 01:48:10.755 | 200 |            0s |             ::1 | GET     | /api/health
[shibosi] 2026/07/31 01:48:16 logger.go:87: 2026-07-31 01:48:16.848 | 200 |            0s |             ::1 | GET     | /api/v2/firewall/blocked
[shibosi] 2026/07/31 01:48:16 logger.go:87: 2026-07-31 01:48:16.857 | 200 |            0s |             ::1 | GET     | /api/v2/software
[shibosi] 2026/07/31 01:48:25 logger.go:87: 2026-07-31 01:48:25.749 | 200 |            0s |             ::1 | GET     | /api/health
[shibosi] 2026/07/31 01:48:40 logger.go:87: 2026-07-31 01:48:40.762 | 200 |            0s |             ::1 | GET     | /api/health
[shibosi] 2026/07/31 01:48:53 logger.go:87: 2026-07-31 01:48:53.603 | 200 |       997.2µs |             ::1 | GET     | /api/v2/firewall/rules
[shibosi] 2026/07/31 01:48:53 logger.go:87: 2026-07-31 01:48:53.612 | 200 |      1.5228ms |             ::1 | GET     | /api/v2/software
[shibosi] 2026/07/31 01:48:53 logger.go:87: 2026-07-31 01:48:53.619 | 200 |            0s |             ::1 | GET     | /api/v2/crontabs
[shibosi] 2026/07/31 01:48:53 logger.go:87: 2026-07-31 01:48:53.629 | 200 |            0s |             ::1 | GET     | /api/v2/terminal/sessions
[shibosi] 2026/07/31 01:48:53 logger.go:87: 2026-07-31 01:48:53.637 | 200 |      1.0866ms |             ::1 | GET     | /api/v2/logs
[shibosi] 2026/07/31 01:48:53 logger.go:87: 2026-07-31 01:48:53.658 | 200 |            0s |             ::1 | GET     | /api/v2/firewall/blocked
[shibosi] 2026/07/31 01:48:53 logger.go:87: 2026-07-31 01:48:53.670 | 200 |      5.2802ms |             ::1 | GET     | /api/v2/files/tree?path=%2F&depth=1
[shibosi] 2026/07/31 01:48:55 logger.go:87: 2026-07-31 01:48:55.753 | 200 |            0s |             ::1 | GET     | /api/health
[shibosi] 2026/07/31 01:49:00 logger.go:87: 2026-07-31 01:49:00.439 | 200 |       531.1µs |             ::1 | GET     | /api/v2/software
[shibosi] 2026/07/31 01:49:10 logger.go:87: 2026-07-31 01:49:10.748 | 200 |        58.4µs |             ::1 | GET     | /api/health
[shibosi] 2026/07/31 01:49:13 logger.go:87: 2026-07-31 01:49:13.437 | 200 |            0s |             ::1 | POST    | /api/v2/software/redis/install
[shibosi] 2026/07/31 01:49:15 logger.go:87: 2026-07-31 01:49:15.459 | 200 |      1.2295ms |             ::1 | GET     | /api/v2/software
[shibosi] 2026/07/31 01:49:19 logger.go:87: 2026-07-31 01:49:19.504 | 200 |       398.9µs |             ::1 | GET     | /api/v2/firewall/rules
[shibosi] 2026/07/31 01:49:24 logger.go:87: 2026-07-31 01:49:24.917 | 200 |      1.0021ms |             ::1 | GET     | /api/v2/software
[shibosi] 2026/07/31 01:49:25 logger.go:87: 2026-07-31 01:49:25.750 | 200 |            0s |             ::1 | GET     | /api/health
[shibosi] 2026/07/31 01:49:40 logger.go:87: 2026-07-31 01:49:40.750 | 200 |            0s |             ::1 | GET     | /api/health
[shibosi] 2026/07/31 01:49:55 logger.go:87: 2026-07-31 01:49:55.747 | 200 |            0s |             ::1 | GET     | /api/health
[shibosi] 2026/07/31 01:50:00 logger.go:55: [INFO] 定时任务: Redis黑名单同步
[shibosi] 2026/07/31 01:50:10 logger.go:87: 2026-07-31 01:50:10.750 | 200 |            0s |             ::1 | GET     | /api/health
[shibosi] 2026/07/31 01:50:25 logger.go:87: 2026-07-31 01:50:25.750 | 200 |            0s |             ::1 | GET     | /api/health
[shibosi] 2026/07/31 01:50:40 logger.go:87: 2026-07-31 01:50:40.749 | 200 |            0s |             ::1 | GET     | /api/health
[shibosi] 2026/07/31 01:50:55 logger.go:87: 2026-07-31 01:50:55.757 | 200 |            0s |             ::1 | GET     | /api/health
[shibosi] 2026/07/31 01:51:10 logger.go:87: 2026-07-31 01:51:10.754 | 200 |            0s |             ::1 | GET     | /api/health
[shibosi] 2026/07/31 01:51:25 logger.go:87: 2026-07-31 01:51:25.746 | 200 |            0s |             ::1 | GET     | /api/health
[shibosi] 2026/07/31 01:51:40 logger.go:87: 2026-07-31 01:51:40.749 | 200 |            0s |             ::1 | GET     | /api/health
[shibosi] 2026/07/31 01:51:55 logger.go:87: 2026-07-31 01:51:55.753 | 200 |            0s |             ::1 | GET     | /api/health
[shibosi] 2026/07/31 01:52:10 logger.go:87: 2026-07-31 01:52:10.746 | 200 |       508.1µs |             ::1 | GET     | /api/health
[shibosi] 2026/07/31 01:52:25 logger.go:87: 2026-07-31 01:52:25.745 | 200 |            0s |             ::1 | GET     | /api/health
[shibosi] 2026/07/31 01:52:40 logger.go:87: 2026-07-31 01:52:40.745 | 200 |            0s |             ::1 | GET     | /api/health
[shibosi] 2026/07/31 01:52:55 logger.go:87: 2026-07-31 01:52:55.747 | 200 |          13µs |             ::1 | GET     | /api/health
[shibosi] 2026/07/31 01:53:10 logger.go:87: 2026-07-31 01:53:10.749 | 200 |            0s |             ::1 | GET     | /api/health
[shibosi] 2026/07/31 01:53:25 logger.go:87: 2026-07-31 01:53:25.752 | 200 |            0s |             ::1 | GET     | /api/health
[shibosi] 2026/07/31 01:53:40 logger.go:87: 2026-07-31 01:53:40.754 | 200 |            0s |             ::1 | GET     | /api/health
[shibosi] 2026/07/31 01:53:55 logger.go:87: 2026-07-31 01:53:55.755 | 200 |            0s |             ::1 | GET     | /api/health
[shibosi] 2026/07/31 01:54:10 logger.go:87: 2026-07-31 01:54:10.753 | 200 |            0s |             ::1 | GET     | /api/health
[shibosi] 2026/07/31 01:54:25 logger.go:87: 2026-07-31 01:54:25.755 | 200 |       544.1µs |             ::1 | GET     | /api/health
[shibosi] 2026/07/31 01:54:40 logger.go:87: 2026-07-31 01:54:40.744 | 200 |            0s |             ::1 | GET     | /api/health
[shibosi] 2026/07/31 01:54:55 logger.go:87: 2026-07-31 01:54:55.752 | 200 |        14.9µs |             ::1 | GET     | /api/health
[shibosi] 2026/07/31 01:55:00 logger.go:55: [INFO] 定时任务: Redis黑名单同步
[shibosi] 2026/07/31 01:55:10 logger.go:87: 2026-07-31 01:55:10.746 | 200 |            0s |             ::1 | GET     | /api/health
[shibosi] 2026/07/31 01:55:25 logger.go:87: 2026-07-31 01:55:25.755 | 200 |            0s |             ::1 | GET     | /api/health
[shibosi] 2026/07/31 01:55:40 logger.go:87: 2026-07-31 01:55:40.984 | 200 |       157.9µs |             ::1 | GET     | /api/health
[shibosi] 2026/07/31 01:55:55 logger.go:87: 2026-07-31 01:55:55.752 | 200 |       521.4µs |             ::1 | GET     | /api/health
[shibosi] 2026/07/31 01:56:10 logger.go:87: 2026-07-31 01:56:10.757 | 200 |            0s |             ::1 | GET     | /api/health
[shibosi] 2026/07/31 01:56:25 logger.go:87: 2026-07-31 01:56:25.780 | 200 |            0s |             ::1 | GET     | /api/health
[shibosi] 2026/07/31 01:56:40 logger.go:87: 2026-07-31 01:56:40.744 | 200 |            0s |             ::1 | GET     | /api/health
[shibosi] 2026/07/31 01:56:55 logger.go:87: 2026-07-31 01:56:55.748 | 200 |       267.9µs |             ::1 | GET     | /api/health
[shibosi] 2026/07/31 01:57:10 logger.go:87: 2026-07-31 01:57:10.753 | 200 |            0s |             ::1 | GET     | /api/health
[shibosi] 2026/07/31 01:57:25 logger.go:87: 2026-07-31 01:57:25.753 | 200 |            0s |             ::1 | GET     | /api/health
[shibosi] 2026/07/31 01:57:40 logger.go:87: 2026-07-31 01:57:40.750 | 200 |            0s |             ::1 | GET     | /api/health
[shibosi] 2026/07/31 01:57:55 logger.go:87: 2026-07-31 01:57:55.745 | 200 |            0s |             ::1 | GET     | /api/health
[shibosi] 2026/07/31 01:58:10 logger.go:87: 2026-07-31 01:58:10.760 | 200 |            0s |             ::1 | GET     | /api/health
[shibosi] 2026/07/31 01:58:25 logger.go:87: 2026-07-31 01:58:25.750 | 200 |            0s |             ::1 | GET     | /api/health
[shibosi] 2026/07/31 01:58:40 logger.go:87: 2026-07-31 01:58:40.746 | 200 |            0s |             ::1 | GET     | /api/health
[shibosi] 2026/07/31 01:58:55 logger.go:87: 2026-07-31 01:58:55.750 | 200 |            0s |             ::1 | GET     | /api/health
[shibosi] 2026/07/31 01:59:10 logger.go:87: 2026-07-31 01:59:10.752 | 200 |            0s |             ::1 | GET     | /api/health
[shibosi] 2026/07/31 01:59:25 logger.go:87: 2026-07-31 01:59:25.746 | 200 |            0s |             ::1 | GET     | /api/health
[shibosi] 2026/07/31 01:59:40 logger.go:87: 2026-07-31 01:59:40.756 | 200 |            0s |             ::1 | GET     | /api/health
[shibosi] 2026/07/31 01:59:55 logger.go:87: 2026-07-31 01:59:55.753 | 200 |            0s |             ::1 | GET     | /api/health
[shibosi] 2026/07/31 02:00:00 logger.go:55: [INFO] 定时任务: Redis黑名单同步
[shibosi] 2026/07/31 02:00:00 logger.go:55: [INFO] 定时清理审计日志完成: 删除 0 条
[shibosi] 2026/07/31 02:00:10 logger.go:87: 2026-07-31 02:00:10.744 | 200 |            0s |             ::1 | GET     | /api/health
[shibosi] 2026/07/31 02:00:25 logger.go:87: 2026-07-31 02:00:25.757 | 200 |            0s |             ::1 | GET     | /api/health
[shibosi] 2026/07/31 02:00:40 logger.go:87: 2026-07-31 02:00:40.746 | 200 |            0s |             ::1 | GET     | /api/health
[shibosi] 2026/07/31 02:00:55 logger.go:87: 2026-07-31 02:00:55.746 | 200 |            0s |             ::1 | GET     | /api/health
[shibosi] 2026/07/31 02:01:10 logger.go:87: 2026-07-31 02:01:10.751 | 200 |            0s |             ::1 | GET     | /api/health
[shibosi] 2026/07/31 02:01:25 logger.go:87: 2026-07-31 02:01:25.752 | 200 |            0s |             ::1 | GET     | /api/health
[shibosi] 2026/07/31 02:01:40 logger.go:87: 2026-07-31 02:01:40.746 | 200 |            0s |             ::1 | GET     | /api/health
[shibosi] 2026/07/31 02:01:55 logger.go:87: 2026-07-31 02:01:55.753 | 200 |            0s |             ::1 | GET     | /api/health
[shibosi] 2026/07/31 02:02:10 logger.go:87: 2026-07-31 02:02:10.755 | 200 |            0s |             ::1 | GET     | /api/health
[shibosi] 2026/07/31 02:02:25 logger.go:87: 2026-07-31 02:02:25.754 | 200 |            0s |             ::1 | GET     | /api/health
[shibosi] 2026/07/31 02:02:40 logger.go:87: 2026-07-31 02:02:40.756 | 200 |            0s |             ::1 | GET     | /api/health
[shibosi] 2026/07/31 02:02:55 logger.go:87: 2026-07-31 02:02:55.748 | 200 |            0s |             ::1 | GET     | /api/health
[shibosi] 2026/07/31 02:03:10 logger.go:87: 2026-07-31 02:03:10.755 | 200 |            0s |             ::1 | GET     | /api/health
[shibosi] 2026/07/31 02:03:25 logger.go:87: 2026-07-31 02:03:25.760 | 200 |            0s |             ::1 | GET     | /api/health
[shibosi] 2026/07/31 02:03:40 logger.go:87: 2026-07-31 02:03:40.757 | 200 |      1.0002ms |             ::1 | GET     | /api/health
[shibosi] 2026/07/31 02:03:51 logger.go:87: 2026-07-31 02:03:51.500 | 200 |            0s |             ::1 | GET     | /api/v1/admin/services
[shibosi] 2026/07/31 02:03:55 logger.go:87: 2026-07-31 02:03:55.753 | 200 |            0s |             ::1 | GET     | /api/health
[shibosi] 2026/07/31 02:03:57 logger.go:87: 2026-07-31 02:03:57.403 | 200 |     24.8356ms |             ::1 | GET     | /api/v1/native/newspaper/overview
[shibosi] 2026/07/31 02:04:02 logger.go:87: 2026-07-31 02:04:02.476 | 200 |     17.3083ms |             ::1 | GET     | /api/v1/native/newspaper/analysis
[shibosi] 2026/07/31 02:04:04 logger.go:87: 2026-07-31 02:04:04.383 | 200 |     16.8837ms |             ::1 | GET     | /api/v1/native/newspaper/analysis
[shibosi] 2026/07/31 02:04:04 logger.go:87: 2026-07-31 02:04:04.410 | 200 |     20.9906ms |             ::1 | GET     | /api/v1/native/newspaper/analysis
[shibosi] 2026/07/31 02:04:07 logger.go:87: 2026-07-31 02:04:07.197 | 200 |     12.0249ms |             ::1 | GET     | /api/v1/native/newspaper/sources
[shibosi] 2026/07/31 02:04:10 logger.go:87: 2026-07-31 02:04:10.538 | 200 |     10.2054ms |             ::1 | GET     | /api/v1/native/newspaper/news
[shibosi] 2026/07/31 02:04:10 logger.go:87: 2026-07-31 02:04:10.753 | 200 |         756µs |             ::1 | GET     | /api/health
[shibosi] 2026/07/31 02:04:14 logger.go:87: 2026-07-31 02:04:14.354 | 200 |     10.7258ms |             ::1 | GET     | /api/v1/native/newspaper/logs
[shibosi] 2026/07/31 02:04:20 logger.go:87: 2026-07-31 02:04:20.824 | 401 |       998.5µs |             ::1 | GET     | /api/v1/native/databases
[shibosi] 2026/07/31 02:04:21 logger.go:87: 2026-07-31 02:04:21.707 | 401 |            0s |             ::1 | GET     | /api/v1/native/databases
[shibosi] 2026/07/31 02:04:21 logger.go:87: 2026-07-31 02:04:21.888 | 401 |            0s |             ::1 | GET     | /api/v1/native/databases
[shibosi] 2026/07/31 02:04:22 logger.go:87: 2026-07-31 02:04:22.348 | 200 |      3.5662ms |             ::1 | GET     | /admin/?fresh=20260731g
[shibosi] 2026/07/31 02:04:22 logger.go:87: 2026-07-31 02:04:22.368 | 200 |      4.4668ms |             ::1 | GET     | /admin/app-v2.js?v=20260731h
[shibosi] 2026/07/31 02:04:22 logger.go:87: 2026-07-31 02:04:22.405 | 401 |       998.6µs |             ::1 | GET     | /api/v1/admin/modules
[shibosi] 2026/07/31 02:04:22 logger.go:87: 2026-07-31 02:04:22.967 | 401 |            0s |             ::1 | POST    | /api/v1/auth/logout
[shibosi] 2026/07/31 02:04:23 logger.go:87: 2026-07-31 02:04:23.943 | 304 |      2.8961ms |             ::1 | GET     | /admin/?fresh=20260731g
[shibosi] 2026/07/31 02:04:25 logger.go:87: 2026-07-31 02:04:25.750 | 200 |            0s |             ::1 | GET     | /api/health
[shibosi] 2026/07/31 02:04:28 logger.go:87: 2026-07-31 02:04:28.527 | 200 |    348.7235ms |             ::1 | POST    | /api/v1/auth/login
[shibosi] 2026/07/31 02:04:28 logger.go:87: 2026-07-31 02:04:28.543 | 304 |      3.8554ms |             ::1 | GET     | /admin/?fresh=20260731g
[shibosi] 2026/07/31 02:04:28 logger.go:87: 2026-07-31 02:04:28.599 | 200 |       992.6µs |             ::1 | GET     | /api/v1/admin/modules
[shibosi] 2026/07/31 02:04:28 logger.go:87: 2026-07-31 02:04:28.702 | 200 |       228.3µs |             ::1 | GET     | /api/v1/admin/services
[shibosi] 2026/07/31 02:04:33 logger.go:87: 2026-07-31 02:04:33.089 | 200 |      1.5549ms |             ::1 | GET     | /api/v1/admin/dashboard
[shibosi] 2026/07/31 02:04:38 logger.go:87: 2026-07-31 02:04:38.795 | 200 |            0s |             ::1 | GET     | /api/v1/admin/users
[shibosi] 2026/07/31 02:04:40 logger.go:87: 2026-07-31 02:04:40.750 | 200 |            0s |             ::1 | GET     | /api/health
[shibosi] 2026/07/31 02:04:48 logger.go:87: 2026-07-31 02:04:48.669 | 200 |       1.231ms |             ::1 | GET     | /api/v1/admin/audit-logs
[shibosi] 2026/07/31 02:04:55 logger.go:87: 2026-07-31 02:04:55.713 | 200 |      2.0001ms |             ::1 | GET     | /api/v1/admin/configs
[shibosi] 2026/07/31 02:04:55 logger.go:87: 2026-07-31 02:04:55.759 | 200 |            0s |             ::1 | GET     | /api/health
[shibosi] 2026/07/31 02:04:59 logger.go:87: 2026-07-31 02:04:59.097 | 200 |            0s |             ::1 | GET     | /api/v1/admin/roles
[shibosi] 2026/07/31 02:05:00 logger.go:55: [INFO] 定时任务: Redis黑名单同步
[shibosi] 2026/07/31 02:05:00 logger.go:87: 2026-07-31 02:05:00.670 | 200 |            0s |             ::1 | GET     | /api/v1/admin/users/stats
[shibosi] 2026/07/31 02:05:04 logger.go:87: 2026-07-31 02:05:04.059 | 200 |       629.1µs |             ::1 | GET     | /api/v1/admin/users
[shibosi] 2026/07/31 02:05:10 logger.go:87: 2026-07-31 02:05:10.751 | 200 |            0s |             ::1 | GET     | /api/health
[shibosi] 2026/07/31 02:05:14 logger.go:87: 2026-07-31 02:05:14.694 | 200 |       5.074ms |             ::1 | GET     | /api/v1/native/user/stats
[shibosi] 2026/07/31 02:05:18 logger.go:87: 2026-07-31 02:05:18.157 | 200 |            0s |             ::1 | GET     | /api/v1/admin/roles
[shibosi] 2026/07/31 02:05:24 logger.go:87: 2026-07-31 02:05:24.861 | 200 |      1.1173ms |             ::1 | GET     | /api/v1/admin/configs
[shibosi] 2026/07/31 02:05:25 logger.go:87: 2026-07-31 02:05:25.765 | 200 |            0s |             ::1 | GET     | /api/health
[shibosi] 2026/07/31 02:05:26 logger.go:87: 2026-07-31 02:05:26.428 | 200 |       606.4µs |             ::1 | GET     | /api/v1/admin/audit-logs
[shibosi] 2026/07/31 02:05:30 logger.go:87: 2026-07-31 02:05:30.408 | 200 |      8.4609ms |             ::1 | GET     | /api/v2/files/tree?path=%2F&depth=1
[shibosi] 2026/07/31 02:05:40 logger.go:87: 2026-07-31 02:05:40.762 | 200 |            0s |             ::1 | GET     | /api/health
[shibosi] 2026/07/31 02:05:55 logger.go:87: 2026-07-31 02:05:55.874 | 200 |            0s |             ::1 | GET     | /api/health
[shibosi] 2026/07/31 02:05:57 logger.go:55: [INFO] 定时任务已注册
[shibosi] 2026/07/31 02:05:58 logger.go:55: [INFO] 市舶司 v2 后台已就绪 - 6 大模块全部启用
[shibosi] 2026/07/31 02:05:58 logger.go:55: [INFO] 访问: http://localhost:8084/admin
[shibosi] 2026/07/31 02:05:58 logger.go:55: [INFO] ========================================
[shibosi] 2026/07/31 02:05:58 logger.go:55: [INFO]   市舶司 - 统一管理后台 v2.0
[shibosi] 2026/07/31 02:05:58 logger.go:55: [INFO] ========================================
[shibosi] 2026/07/31 02:05:58 logger.go:55: [INFO] 监听地址: http://localhost:8084
[shibosi] 2026/07/31 02:05:58 logger.go:55: [INFO] 管理面板: http://localhost:8084/admin
[shibosi] 2026/07/31 02:05:58 logger.go:55: [INFO] API文档:  http://localhost:8084/api/v1
[shibosi] 2026/07/31 02:05:58 logger.go:55: [INFO] ========================================
[shibosi] 2026/07/31 02:05:58 logger.go:65: [ERROR] 服务启动失败: listen tcp :8084: bind: Only one usage of each socket address (protocol/network address/port) is normally permitted.
[shibosi] 2026/07/31 02:06:10 logger.go:87: 2026-07-31 02:06:10.746 | 200 |            0s |             ::1 | GET     | /api/health
[shibosi] 2026/07/31 02:06:25 logger.go:87: 2026-07-31 02:06:25.756 | 200 |            0s |             ::1 | GET     | /api/health
[shibosi] 2026/07/31 02:06:40 logger.go:87: 2026-07-31 02:06:40.751 | 200 |            0s |             ::1 | GET     | /api/health
[shibosi] 2026/07/31 02:06:50 logger.go:55: [INFO] 定时任务已注册
[shibosi] 2026/07/31 02:06:51 logger.go:55: [INFO] 市舶司 v2 后台已就绪 - 6 大模块全部启用
[shibosi] 2026/07/31 02:06:51 logger.go:55: [INFO] 访问: http://localhost:8084/admin
[shibosi] 2026/07/31 02:06:51 logger.go:55: [INFO] ========================================
[shibosi] 2026/07/31 02:06:51 logger.go:55: [INFO]   市舶司 - 统一管理后台 v2.0
[shibosi] 2026/07/31 02:06:51 logger.go:55: [INFO] ========================================
[shibosi] 2026/07/31 02:06:51 logger.go:55: [INFO] 监听地址: http://localhost:8084
[shibosi] 2026/07/31 02:06:51 logger.go:55: [INFO] 管理面板: http://localhost:8084/admin
[shibosi] 2026/07/31 02:06:51 logger.go:55: [INFO] API文档:  http://localhost:8084/api/v1
[shibosi] 2026/07/31 02:06:51 logger.go:55: [INFO] ========================================
[shibosi] 2026/07/31 02:06:51 logger.go:65: [ERROR] 服务启动失败: listen tcp :8084: bind: Only one usage of each socket address (protocol/network address/port) is normally permitted.
[shibosi] 2026/07/31 02:06:55 logger.go:87: 2026-07-31 02:06:55.753 | 200 |            0s |             ::1 | GET     | /api/health
[shibosi] 2026/07/31 02:07:15 logger.go:55: [INFO] 定时任务已注册
[shibosi] 2026/07/31 02:07:15 logger.go:55: [INFO] 市舶司 v2 后台已就绪 - 6 大模块全部启用
[shibosi] 2026/07/31 02:07:15 logger.go:55: [INFO] 访问: http://localhost:8084/admin
[shibosi] 2026/07/31 02:07:15 logger.go:55: [INFO] ========================================
[shibosi] 2026/07/31 02:07:15 logger.go:55: [INFO]   市舶司 - 统一管理后台 v2.0
[shibosi] 2026/07/31 02:07:15 logger.go:55: [INFO] ========================================
[shibosi] 2026/07/31 02:07:15 logger.go:55: [INFO] 监听地址: http://localhost:8084
[shibosi] 2026/07/31 02:07:15 logger.go:55: [INFO] 管理面板: http://localhost:8084/admin
[shibosi] 2026/07/31 02:07:15 logger.go:55: [INFO] API文档:  http://localhost:8084/api/v1
[shibosi] 2026/07/31 02:07:15 logger.go:55: [INFO] ========================================
[shibosi] 2026/07/31 02:07:30 logger.go:87: 2026-07-31 02:07:30.195 | 200 |            0s |             ::1 | GET     | /api/health
[shibosi] 2026/07/31 02:07:33 logger.go:87: 2026-07-31 02:07:33.649 | 401 |            0s |             ::1 | GET     | /api/v2/bots
[shibosi] 2026/07/31 02:07:45 logger.go:87: 2026-07-31 02:07:45.188 | 200 |       520.3µs |             ::1 | GET     | /api/health
[shibosi] 2026/07/31 02:07:49 logger.go:87: 2026-07-31 02:07:49.857 | 200 |    273.4667ms |             ::1 | GET     | /admin/
[shibosi] 2026/07/31 02:07:49 logger.go:87: 2026-07-31 02:07:49.873 | 304 |      9.0316ms |             ::1 | GET     | /admin/app-v2.js?v=20260731h
[shibosi] 2026/07/31 02:07:49 logger.go:87: 2026-07-31 02:07:49.941 | 200 |       547.9µs |             ::1 | GET     | /api/v1/admin/modules
[shibosi] 2026/07/31 02:07:50 logger.go:87: 2026-07-31 02:07:50.005 | 200 |            0s |             ::1 | GET     | /api/v1/admin/services
[shibosi] 2026/07/31 02:08:00 logger.go:87: 2026-07-31 02:08:00.178 | 200 |            0s |             ::1 | GET     | /api/health
[shibosi] 2026/07/31 02:08:15 logger.go:87: 2026-07-31 02:08:15.189 | 200 |            0s |             ::1 | GET     | /api/health
[shibosi] 2026/07/31 02:08:30 logger.go:87: 2026-07-31 02:08:30.181 | 200 |        23.2µs |             ::1 | GET     | /api/health
[shibosi] 2026/07/31 02:08:45 logger.go:87: 2026-07-31 02:08:45.177 | 200 |            0s |             ::1 | GET     | /api/health
[shibosi] 2026/07/31 02:08:47 logger.go:87: 2026-07-31 02:08:47.063 | 200 |            0s |             ::1 | GET     | /api/v1/admin/modules
[shibosi] 2026/07/31 02:09:00 logger.go:87: 2026-07-31 02:09:00.189 | 200 |            0s |             ::1 | GET     | /api/health
[shibosi] 2026/07/31 02:09:15 logger.go:87: 2026-07-31 02:09:15.189 | 200 |            0s |             ::1 | GET     | /api/health
[shibosi] 2026/07/31 02:09:30 logger.go:87: 2026-07-31 02:09:30.190 | 200 |            0s |             ::1 | GET     | /api/health
[shibosi] 2026/07/31 02:09:56 logger.go:55: [INFO] 定时任务已注册
[shibosi] 2026/07/31 02:09:57 logger.go:55: [INFO] 市舶司 v2 后台已就绪 - 6 大模块全部启用
[shibosi] 2026/07/31 02:09:57 logger.go:55: [INFO] 访问: http://localhost:8084/admin
[shibosi] 2026/07/31 02:09:57 logger.go:55: [INFO] ========================================
[shibosi] 2026/07/31 02:09:57 logger.go:55: [INFO]   市舶司 - 统一管理后台 v2.0
[shibosi] 2026/07/31 02:09:57 logger.go:55: [INFO] ========================================
[shibosi] 2026/07/31 02:09:57 logger.go:55: [INFO] 监听地址: http://localhost:8084
[shibosi] 2026/07/31 02:09:57 logger.go:55: [INFO] 管理面板: http://localhost:8084/admin
[shibosi] 2026/07/31 02:09:57 logger.go:55: [INFO] API文档:  http://localhost:8084/api/v1
[shibosi] 2026/07/31 02:09:57 logger.go:55: [INFO] ========================================
[shibosi] 2026/07/31 02:10:00 logger.go:55: [INFO] 定时任务: Redis黑名单同步
[shibosi] 2026/07/31 02:10:11 logger.go:87: 2026-07-31 02:10:11.867 | 200 |       542.3µs |             ::1 | GET     | /api/health
[shibosi] 2026/07/31 02:10:14 logger.go:87: 2026-07-31 02:10:14.231 | 304 |       992.3µs |             ::1 | GET     | /admin/
[shibosi] 2026/07/31 02:10:14 logger.go:87: 2026-07-31 02:10:14.245 | 304 |      1.2611ms |             ::1 | GET     | /admin/app-v2.js?v=20260731h
[shibosi] 2026/07/31 02:10:14 logger.go:87: 2026-07-31 02:10:14.262 | 200 |      1.9982ms |             ::1 | GET     | /api/v1/admin/modules
[shibosi] 2026/07/31 02:10:14 logger.go:87: 2026-07-31 02:10:14.273 | 200 |      1.8745ms |             ::1 | GET     | /api/v2/bots/stats
[shibosi] 2026/07/31 02:10:14 logger.go:87: 2026-07-31 02:10:14.285 | 200 |       818.4µs |             ::1 | GET     | /api/v2/bots
[shibosi] 2026/07/31 02:10:26 logger.go:87: 2026-07-31 02:10:26.862 | 200 |       546.7µs |             ::1 | GET     | /api/health
[shibosi] 2026/07/31 02:10:41 logger.go:87: 2026-07-31 02:10:41.859 | 200 |            0s |             ::1 | GET     | /api/health
[shibosi] 2026/07/31 02:10:56 logger.go:87: 2026-07-31 02:10:56.858 | 200 |            0s |             ::1 | GET     | /api/health
[shibosi] 2026/07/31 02:11:06 logger.go:87: 2026-07-31 02:11:06.130 | 200 |            0s |             ::1 | GET     | /api/v1/admin/modules
[shibosi] 2026/07/31 02:11:11 logger.go:87: 2026-07-31 02:11:11.862 | 200 |            0s |             ::1 | GET     | /api/health
[shibosi] 2026/07/31 02:11:26 logger.go:87: 2026-07-31 02:11:26.855 | 200 |            0s |             ::1 | GET     | /api/health
[shibosi] 2026/07/31 02:11:35 logger.go:87: 2026-07-31 02:11:35.876 | 200 |       727.6µs |             ::1 | GET     | /api/v2/bots
[shibosi] 2026/07/31 02:11:41 logger.go:87: 2026-07-31 02:11:41.857 | 200 |            0s |             ::1 | GET     | /api/health
[shibosi] 2026/07/31 02:11:50 logger.go:87: 2026-07-31 02:11:50.896 | 200 |      2.9971ms |             ::1 | GET     | /api/v2/bots
[shibosi] 2026/07/31 02:11:50 logger.go:87: 2026-07-31 02:11:50.905 | 200 |            0s |             ::1 | GET     | /api/v2/bots/logs/list?limit=100
[shibosi] 2026/07/31 02:11:56 logger.go:87: 2026-07-31 02:11:56.878 | 200 |            0s |             ::1 | GET     | /api/health
[shibosi] 2026/07/31 02:12:08 logger.go:87: 2026-07-31 02:12:08.431 | 200 |      1.0039ms |             ::1 | GET     | /api/v2/bots/configs/list
[shibosi] 2026/07/31 02:12:11 logger.go:87: 2026-07-31 02:12:11.857 | 200 |            0s |             ::1 | GET     | /api/health
[shibosi] 2026/07/31 02:12:21 logger.go:87: 2026-07-31 02:12:21.701 | 200 |            0s |             ::1 | GET     | /api/v2/bots
[shibosi] 2026/07/31 02:12:26 logger.go:87: 2026-07-31 02:12:26.865 | 200 |            0s |             ::1 | GET     | /api/health
[shibosi] 2026/07/31 02:12:41 logger.go:87: 2026-07-31 02:12:41.863 | 200 |            0s |             ::1 | GET     | /api/health
[shibosi] 2026/07/31 02:12:56 logger.go:87: 2026-07-31 02:12:56.856 | 200 |            0s |             ::1 | GET     | /api/health
[shibosi] 2026/07/31 02:13:11 logger.go:87: 2026-07-31 02:13:11.859 | 200 |            0s |             ::1 | GET     | /api/health
[shibosi] 2026/07/31 02:13:26 logger.go:87: 2026-07-31 02:13:26.867 | 200 |            0s |             ::1 | GET     | /api/health
[shibosi] 2026/07/31 02:13:34 logger.go:87: 2026-07-31 02:13:34.891 | 200 |      2.3444ms |             ::1 | GET     | /api/v2/bots
[shibosi] 2026/07/31 02:13:34 logger.go:87: 2026-07-31 02:13:34.898 | 200 |            0s |             ::1 | GET     | /api/v2/bots/logs/list?limit=100
[shibosi] 2026/07/31 02:13:41 logger.go:87: 2026-07-31 02:13:41.861 | 200 |            0s |             ::1 | GET     | /api/health
[shibosi] 2026/07/31 02:13:56 logger.go:87: 2026-07-31 02:13:56.855 | 200 |            0s |             ::1 | GET     | /api/health
[shibosi] 2026/07/31 02:14:11 logger.go:87: 2026-07-31 02:14:11.860 | 200 |            0s |             ::1 | GET     | /api/health
[shibosi] 2026/07/31 02:14:26 logger.go:87: 2026-07-31 02:14:26.854 | 200 |            0s |             ::1 | GET     | /api/health
[shibosi] 2026/07/31 02:14:41 logger.go:87: 2026-07-31 02:14:41.859 | 200 |            0s |             ::1 | GET     | /api/health
[shibosi] 2026/07/31 02:14:56 logger.go:87: 2026-07-31 02:14:56.862 | 200 |            0s |             ::1 | GET     | /api/health
[shibosi] 2026/07/31 02:15:00 logger.go:55: [INFO] 定时任务: Redis黑名单同步
[shibosi] 2026/07/31 02:15:11 logger.go:87: 2026-07-31 02:15:11.863 | 200 |            0s |             ::1 | GET     | /api/health
[shibosi] 2026/07/31 02:15:26 logger.go:87: 2026-07-31 02:15:26.862 | 200 |            0s |             ::1 | GET     | /api/health
[shibosi] 2026/07/31 02:15:41 logger.go:87: 2026-07-31 02:15:41.856 | 200 |            0s |             ::1 | GET     | /api/health
[shibosi] 2026/07/31 02:15:56 logger.go:87: 2026-07-31 02:15:56.856 | 200 |            0s |             ::1 | GET     | /api/health
[shibosi] 2026/07/31 02:16:02 logger.go:87: 2026-07-31 02:16:02.378 | 200 |      3.0305ms |             ::1 | GET     | /api/v2/software
[shibosi] 2026/07/31 02:16:11 logger.go:87: 2026-07-31 02:16:11.856 | 200 |            0s |             ::1 | GET     | /api/health
[shibosi] 2026/07/31 02:16:26 logger.go:87: 2026-07-31 02:16:26.858 | 200 |            0s |             ::1 | GET     | /api/health
[shibosi] 2026/07/31 02:16:29 logger.go:87: 2026-07-31 02:16:29.985 | 200 |      1.0882ms |             ::1 | GET     | /api/v2/software
[shibosi] 2026/07/31 02:16:36 logger.go:87: 2026-07-31 02:16:36.196 | 200 |      2.9169ms |             ::1 | GET     | /api/v2/software
[shibosi] 2026/07/31 02:16:41 logger.go:87: 2026-07-31 02:16:41.860 | 200 |            0s |             ::1 | GET     | /api/health
[shibosi] 2026/07/31 02:16:53 logger.go:87: 2026-07-31 02:16:53.925 | 200 |      1.0016ms |             ::1 | GET     | /api/v2/crontabs
[shibosi] 2026/07/31 02:16:56 logger.go:87: 2026-07-31 02:16:56.831 | 200 |      1.4373ms |             ::1 | GET     | /api/v1/admin/services
[shibosi] 2026/07/31 02:16:56 logger.go:87: 2026-07-31 02:16:56.867 | 200 |            0s |             ::1 | GET     | /api/health
[shibosi] 2026/07/31 02:17:11 logger.go:87: 2026-07-31 02:17:11.858 | 200 |            0s |             ::1 | GET     | /api/health
[shibosi] 2026/07/31 02:17:26 logger.go:87: 2026-07-31 02:17:26.857 | 200 |            0s |             ::1 | GET     | /api/health
[shibosi] 2026/07/31 02:17:41 logger.go:87: 2026-07-31 02:17:41.861 | 200 |            0s |             ::1 | GET     | /api/health
[shibosi] 2026/07/31 02:17:56 logger.go:87: 2026-07-31 02:17:56.860 | 200 |            0s |             ::1 | GET     | /api/health
[shibosi] 2026/07/31 02:18:11 logger.go:87: 2026-07-31 02:18:11.863 | 200 |            0s |             ::1 | GET     | /api/health
[shibosi] 2026/07/31 02:18:26 logger.go:87: 2026-07-31 02:18:26.860 | 200 |            0s |             ::1 | GET     | /api/health
[shibosi] 2026/07/31 02:18:28 logger.go:87: 2026-07-31 02:18:28.921 | 200 |       3.383ms |             ::1 | GET     | /api/v2/bots/stats
[shibosi] 2026/07/31 02:18:28 logger.go:87: 2026-07-31 02:18:28.931 | 200 |      1.2692ms |             ::1 | GET     | /api/v2/bots
[shibosi] 2026/07/31 02:18:41 logger.go:87: 2026-07-31 02:18:41.868 | 200 |            0s |             ::1 | GET     | /api/health
[shibosi] 2026/07/31 02:18:49 logger.go:87: 2026-07-31 02:18:49.546 | 200 |      1.5758ms |             ::1 | GET     | /api/v2/bots
[shibosi] 2026/07/31 02:18:56 logger.go:87: 2026-07-31 02:18:56.856 | 200 |            0s |             ::1 | GET     | /api/health
[shibosi] 2026/07/31 02:18:58 logger.go:87: 2026-07-31 02:18:58.075 | 200 |            0s |             ::1 | GET     | /api/v2/bots/configs/list
[shibosi] 2026/07/31 02:19:11 logger.go:87: 2026-07-31 02:19:11.856 | 200 |            0s |             ::1 | GET     | /api/health
[shibosi] 2026/07/31 02:19:14 logger.go:87: 2026-07-31 02:19:14.465 | 200 |      1.0025ms |             ::1 | GET     | /api/v2/bots
[shibosi] 2026/07/31 02:19:14 logger.go:87: 2026-07-31 02:19:14.471 | 200 |            0s |             ::1 | GET     | /api/v2/bots/logs/list?limit=100
[shibosi] 2026/07/31 02:20:05 logger.go:55: [INFO] 定时任务已注册
[shibosi] 2026/07/31 02:20:06 logger.go:55: [INFO] 市舶司 v2 后台已就绪 - 6 大模块全部启用
[shibosi] 2026/07/31 02:20:06 logger.go:55: [INFO] 访问: http://localhost:8084/admin
[shibosi] 2026/07/31 02:20:06 logger.go:55: [INFO] ========================================
[shibosi] 2026/07/31 02:20:06 logger.go:55: [INFO]   市舶司 - 统一管理后台 v2.0
[shibosi] 2026/07/31 02:20:06 logger.go:55: [INFO] ========================================
[shibosi] 2026/07/31 02:20:06 logger.go:55: [INFO] 监听地址: http://localhost:8084
[shibosi] 2026/07/31 02:20:06 logger.go:55: [INFO] 管理面板: http://localhost:8084/admin
[shibosi] 2026/07/31 02:20:06 logger.go:55: [INFO] API文档:  http://localhost:8084/api/v1
[shibosi] 2026/07/31 02:20:06 logger.go:55: [INFO] ========================================
[shibosi] 2026/07/31 02:20:15 logger.go:87: 2026-07-31 02:20:15.151 | 200 |       1.682ms |             ::1 | GET     | /api/v1/admin/audit-logs
[shibosi] 2026/07/31 02:20:17 logger.go:87: 2026-07-31 02:20:17.550 | 200 |       516.7µs |             ::1 | GET     | /api/v1/admin/roles
[shibosi] 2026/07/31 02:20:19 logger.go:87: 2026-07-31 02:20:19.645 | 200 |       999.4µs |             ::1 | GET     | /api/v1/admin/services
[shibosi] 2026/07/31 02:20:20 logger.go:87: 2026-07-31 02:20:20.586 | 200 |      6.3544ms |             ::1 | GET     | /api/v2/files/tree?path=%2F&depth=1
[shibosi] 2026/07/31 02:20:21 logger.go:87: 2026-07-31 02:20:21.062 | 200 |            0s |             ::1 | GET     | /api/health
[shibosi] 2026/07/31 02:20:35 logger.go:87: 2026-07-31 02:20:35.786 | 200 |            0s |             ::1 | GET     | /api/health
[shibosi] 2026/07/31 02:20:37 logger.go:87: 2026-07-31 02:20:37.138 | 200 |       535.9µs |             ::1 | GET     | /api/v1/admin/services
[shibosi] 2026/07/31 02:20:49 logger.go:87: 2026-07-31 02:20:49.800 | 304 |      1.0017ms |             ::1 | GET     | /admin/?fresh=20260731g
[shibosi] 2026/07/31 02:20:49 logger.go:87: 2026-07-31 02:20:49.811 | 304 |      1.0091ms |             ::1 | GET     | /admin/
[shibosi] 2026/07/31 02:20:49 logger.go:87: 2026-07-31 02:20:49.974 | 304 |       532.3µs |             ::1 | GET     | /admin/app-v2.js?v=20260731h
[shibosi] 2026/07/31 02:20:50 logger.go:87: 2026-07-31 02:20:50.008 | 200 |      3.0031ms |             ::1 | GET     | /api/v1/admin/modules
[shibosi] 2026/07/31 02:20:50 logger.go:87: 2026-07-31 02:20:50.009 | 200 |     10.4922ms |             ::1 | GET     | /api/v1/admin/modules
[shibosi] 2026/07/31 02:20:50 logger.go:87: 2026-07-31 02:20:50.097 | 200 |      2.2695ms |             ::1 | GET     | /api/v2/bots/stats
[shibosi] 2026/07/31 02:20:50 logger.go:87: 2026-07-31 02:20:50.101 | 200 |      3.0029ms |             ::1 | GET     | /api/v2/bots/stats
[shibosi] 2026/07/31 02:20:50 logger.go:87: 2026-07-31 02:20:50.105 | 200 |      2.5238ms |             ::1 | GET     | /api/v2/bots
[shibosi] 2026/07/31 02:20:50 logger.go:87: 2026-07-31 02:20:50.113 | 200 |      1.3048ms |             ::1 | GET     | /api/v2/bots
[shibosi] 2026/07/31 02:20:50 logger.go:87: 2026-07-31 02:20:50.800 | 200 |            0s |             ::1 | GET     | /api/health
[shibosi] 2026/07/31 02:21:02 logger.go:87: 2026-07-31 02:21:02.752 | 200 |    142.9491ms |             ::1 | GET     | /admin/?fre=file-manager
[shibosi] 2026/07/31 02:21:02 logger.go:87: 2026-07-31 02:21:02.803 | 200 |      1.9999ms |             ::1 | GET     | /api/v1/admin/modules
[shibosi] 2026/07/31 02:21:02 logger.go:87: 2026-07-31 02:21:02.828 | 200 |      1.0011ms |             ::1 | GET     | /api/v2/bots/stats
[shibosi] 2026/07/31 02:21:02 logger.go:87: 2026-07-31 02:21:02.845 | 200 |       998.4µs |             ::1 | GET     | /api/v2/bots
[shibosi] 2026/07/31 02:21:05 logger.go:87: 2026-07-31 02:21:05.791 | 200 |            0s |             ::1 | GET     | /api/health
[shibosi] 2026/07/31 02:21:12 logger.go:87: 2026-07-31 02:21:12.670 | 200 |      4.0425ms |             ::1 | GET     | /api/v2/files/tree?path=%2F&depth=1
[shibosi] 2026/07/31 02:21:20 logger.go:87: 2026-07-31 02:21:20.785 | 200 |            0s |             ::1 | GET     | /api/health
[shibosi] 2026/07/31 02:21:24 logger.go:87: 2026-07-31 02:21:24.772 | 200 |      27.517ms |             ::1 | GET     | /api/v2/files/tree?path=%2F&depth=1
[shibosi] 2026/07/31 02:21:32 logger.go:87: 2026-07-31 02:21:32.826 | 200 |            0s |             ::1 | GET     | /api/v1/admin/modules
[shibosi] 2026/07/31 02:21:32 logger.go:87: 2026-07-31 02:21:32.831 | 200 |      1.0004ms |             ::1 | GET     | /api/v1/admin/modules
[shibosi] 2026/07/31 02:21:32 logger.go:87: 2026-07-31 02:21:32.912 | 200 |      1.9992ms |             ::1 | GET     | /api/v2/bots/stats
[shibosi] 2026/07/31 02:21:32 logger.go:87: 2026-07-31 02:21:32.958 | 200 |      1.7236ms |             ::1 | GET     | /api/v2/bots/stats
[shibosi] 2026/07/31 02:21:32 logger.go:87: 2026-07-31 02:21:32.966 | 200 |       823.8µs |             ::1 | GET     | /api/v2/bots
[shibosi] 2026/07/31 02:21:33 logger.go:87: 2026-07-31 02:21:33.011 | 200 |            0s |             ::1 | GET     | /api/v2/bots
[shibosi] 2026/07/31 02:21:35 logger.go:87: 2026-07-31 02:21:35.789 | 200 |            0s |             ::1 | GET     | /api/health
[shibosi] 2026/07/31 02:21:41 logger.go:87: 2026-07-31 02:21:41.979 | 200 |            0s |             ::1 | GET     | /api/v1/admin/modules
[shibosi] 2026/07/31 02:21:41 logger.go:87: 2026-07-31 02:21:41.996 | 200 |      1.0001ms |             ::1 | GET     | /api/v1/admin/modules
[shibosi] 2026/07/31 02:21:42 logger.go:87: 2026-07-31 02:21:42.053 | 200 |      1.0027ms |             ::1 | GET     | /api/v2/bots/stats
[shibosi] 2026/07/31 02:21:42 logger.go:87: 2026-07-31 02:21:42.136 | 200 |       588.2µs |             ::1 | GET     | /api/v2/bots/stats
[shibosi] 2026/07/31 02:21:42 logger.go:87: 2026-07-31 02:21:42.154 | 200 |       529.4µs |             ::1 | GET     | /api/v2/bots
[shibosi] 2026/07/31 02:21:42 logger.go:87: 2026-07-31 02:21:42.166 | 200 |       538.1µs |             ::1 | GET     | /api/v2/bots
[shibosi] 2026/07/31 02:21:50 logger.go:87: 2026-07-31 02:21:50.797 | 200 |            0s |             ::1 | GET     | /api/health
[shibosi] 2026/07/31 02:21:51 logger.go:87: 2026-07-31 02:21:51.511 | 200 |      1.0004ms |             ::1 | GET     | /api/v1/admin/modules
[shibosi] 2026/07/31 02:21:51 logger.go:87: 2026-07-31 02:21:51.521 | 200 |       1.825ms |             ::1 | GET     | /api/v2/bots/stats
[shibosi] 2026/07/31 02:21:51 logger.go:87: 2026-07-31 02:21:51.540 | 200 |       799.5µs |             ::1 | GET     | /api/v2/bots
[shibosi] 2026/07/31 02:22:01 logger.go:87: 2026-07-31 02:22:01.620 | 200 |      4.2388ms |             ::1 | GET     | /api/v2/files/tree?path=/&depth=1
[shibosi] 2026/07/31 02:22:05 logger.go:87: 2026-07-31 02:22:05.793 | 200 |            0s |             ::1 | GET     | /api/health
[shibosi] 2026/07/31 02:22:06 logger.go:87: 2026-07-31 02:22:06.446 | 200 |      5.5518ms |             ::1 | GET     | /api/v2/files/tree?path=%2F&depth=1
[shibosi] 2026/07/31 02:22:14 logger.go:87: 2026-07-31 02:22:14.795 | 200 |      6.7678ms |             ::1 | GET     | /api/v2/files/tree?path=%2F&depth=1
[shibosi] 2026/07/31 02:22:20 logger.go:87: 2026-07-31 02:22:20.785 | 200 |            0s |             ::1 | GET     | /api/health
[shibosi] 2026/07/31 02:22:35 logger.go:87: 2026-07-31 02:22:35.784 | 200 |            0s |             ::1 | GET     | /api/health
[shibosi] 2026/07/31 02:22:50 logger.go:87: 2026-07-31 02:22:50.787 | 200 |       561.9µs |             ::1 | GET     | /api/health
[shibosi] 2026/07/31 02:23:05 logger.go:87: 2026-07-31 02:23:05.784 | 200 |            0s |             ::1 | GET     | /api/health
[shibosi] 2026/07/31 02:23:16 logger.go:87: 2026-07-31 02:23:16.261 | 200 |      4.9024ms |             ::1 | GET     | /api/v2/files/tree?path=%2FService&depth=1
[shibosi] 2026/07/31 02:23:20 logger.go:87: 2026-07-31 02:23:20.787 | 200 |            0s |             ::1 | GET     | /api/health
[shibosi] 2026/07/31 02:23:35 logger.go:87: 2026-07-31 02:23:35.790 | 200 |            0s |             ::1 | GET     | /api/health
[shibosi] 2026/07/31 02:23:50 logger.go:87: 2026-07-31 02:23:50.780 | 200 |            0s |             ::1 | GET     | /api/health
[shibosi] 2026/07/31 02:24:05 logger.go:87: 2026-07-31 02:24:05.790 | 200 |            0s |             ::1 | GET     | /api/health
[shibosi] 2026/07/31 02:24:20 logger.go:87: 2026-07-31 02:24:20.791 | 200 |            0s |             ::1 | GET     | /api/health
[shibosi] 2026/07/31 02:24:35 logger.go:87: 2026-07-31 02:24:35.791 | 200 |            0s |             ::1 | GET     | /api/health
[shibosi] 2026/07/31 02:24:50 logger.go:87: 2026-07-31 02:24:50.803 | 200 |            0s |             ::1 | GET     | /api/health
[shibosi] 2026/07/31 02:25:00 logger.go:55: [INFO] 定时任务: Redis黑名单同步
[shibosi] 2026/07/31 02:25:05 logger.go:87: 2026-07-31 02:25:05.792 | 200 |            0s |             ::1 | GET     | /api/health
[shibosi] 2026/07/31 02:25:20 logger.go:87: 2026-07-31 02:25:20.787 | 200 |        21.9µs |             ::1 | GET     | /api/health
[shibosi] 2026/07/31 02:25:35 logger.go:87: 2026-07-31 02:25:35.781 | 200 |            0s |             ::1 | GET     | /api/health
[shibosi] 2026/07/31 02:25:50 logger.go:87: 2026-07-31 02:25:50.782 | 200 |            0s |             ::1 | GET     | /api/health
[shibosi] 2026/07/31 02:26:05 logger.go:87: 2026-07-31 02:26:05.781 | 200 |            0s |             ::1 | GET     | /api/health
[shibosi] 2026/07/31 02:26:20 logger.go:87: 2026-07-31 02:26:20.788 | 200 |            0s |             ::1 | GET     | /api/health
[shibosi] 2026/07/31 02:26:35 logger.go:87: 2026-07-31 02:26:35.781 | 200 |            0s |             ::1 | GET     | /api/health
[shibosi] 2026/07/31 02:26:50 logger.go:87: 2026-07-31 02:26:50.785 | 200 |            0s |             ::1 | GET     | /api/health
[shibosi] 2026/07/31 02:27:05 logger.go:87: 2026-07-31 02:27:05.780 | 200 |            0s |             ::1 | GET     | /api/health
[shibosi] 2026/07/31 02:27:20 logger.go:87: 2026-07-31 02:27:20.789 | 200 |            0s |             ::1 | GET     | /api/health
[shibosi] 2026/07/31 02:27:35 logger.go:87: 2026-07-31 02:27:35.780 | 200 |            0s |             ::1 | GET     | /api/health
[shibosi] 2026/07/31 02:27:50 logger.go:87: 2026-07-31 02:27:50.797 | 200 |            0s |             ::1 | GET     | /api/health
[shibosi] 2026/07/31 02:28:05 logger.go:87: 2026-07-31 02:28:05.787 | 200 |            0s |             ::1 | GET     | /api/health
[shibosi] 2026/07/31 02:28:20 logger.go:87: 2026-07-31 02:28:20.782 | 200 |       538.4µs |             ::1 | GET     | /api/health
[shibosi] 2026/07/31 02:28:35 logger.go:87: 2026-07-31 02:28:35.789 | 200 |            0s |             ::1 | GET     | /api/health
[shibosi] 2026/07/31 02:28:50 logger.go:87: 2026-07-31 02:28:50.792 | 200 |            0s |             ::1 | GET     | /api/health
[shibosi] 2026/07/31 02:29:06 logger.go:87: 2026-07-31 02:29:06.012 | 200 |            0s |             ::1 | GET     | /api/health
[shibosi] 2026/07/31 02:29:20 logger.go:87: 2026-07-31 02:29:20.788 | 200 |            0s |             ::1 | GET     | /api/health
[shibosi] 2026/07/31 02:29:35 logger.go:87: 2026-07-31 02:29:35.781 | 200 |            0s |             ::1 | GET     | /api/health
[shibosi] 2026/07/31 02:30:10 logger.go:55: [INFO] 定时任务已注册
[shibosi] 2026/07/31 02:30:10 logger.go:55: [INFO] 市舶司 v2 后台已就绪 - 6 大模块全部启用
[shibosi] 2026/07/31 02:30:10 logger.go:55: [INFO] 访问: http://localhost:8084/admin
[shibosi] 2026/07/31 02:30:10 logger.go:55: [INFO] ========================================
[shibosi] 2026/07/31 02:30:10 logger.go:55: [INFO]   市舶司 - 统一管理后台 v2.0
[shibosi] 2026/07/31 02:30:10 logger.go:55: [INFO] ========================================
[shibosi] 2026/07/31 02:30:10 logger.go:55: [INFO] 监听地址: http://localhost:8084
[shibosi] 2026/07/31 02:30:10 logger.go:55: [INFO] 管理面板: http://localhost:8084/admin
[shibosi] 2026/07/31 02:30:10 logger.go:55: [INFO] API文档:  http://localhost:8084/api/v1
[shibosi] 2026/07/31 02:30:10 logger.go:55: [INFO] ========================================
[shibosi] 2026/07/31 02:30:25 logger.go:87: 2026-07-31 02:30:25.917 | 200 |            0s |             ::1 | GET     | /api/health
[shibosi] 2026/07/31 02:30:40 logger.go:87: 2026-07-31 02:30:40.607 | 200 |            0s |             ::1 | GET     | /api/health
[shibosi] 2026/07/31 02:30:55 logger.go:87: 2026-07-31 02:30:55.579 | 200 |        16.9µs |             ::1 | GET     | /api/health
[shibosi] 2026/07/31 02:31:10 logger.go:87: 2026-07-31 02:31:10.579 | 200 |            0s |             ::1 | GET     | /api/health
[shibosi] 2026/07/31 02:31:25 logger.go:87: 2026-07-31 02:31:25.584 | 200 |            0s |             ::1 | GET     | /api/health
[shibosi] 2026/07/31 02:31:40 logger.go:87: 2026-07-31 02:31:40.585 | 200 |            0s |             ::1 | GET     | /api/health
[shibosi] 2026/07/31 02:31:55 logger.go:87: 2026-07-31 02:31:55.577 | 200 |            0s |             ::1 | GET     | /api/health
[shibosi] 2026/07/31 02:32:10 logger.go:87: 2026-07-31 02:32:10.585 | 200 |            0s |             ::1 | GET     | /api/health
[shibosi] 2026/07/31 02:32:25 logger.go:87: 2026-07-31 02:32:25.585 | 200 |            0s |             ::1 | GET     | /api/health
[shibosi] 2026/07/31 02:32:40 logger.go:87: 2026-07-31 02:32:40.586 | 200 |            0s |             ::1 | GET     | /api/health
[shibosi] 2026/07/31 02:32:55 logger.go:87: 2026-07-31 02:32:55.578 | 200 |            0s |             ::1 | GET     | /api/health
[shibosi] 2026/07/31 02:33:10 logger.go:87: 2026-07-31 02:33:10.586 | 200 |            0s |             ::1 | GET     | /api/health
[shibosi] 2026/07/31 02:33:25 logger.go:87: 2026-07-31 02:33:25.582 | 200 |            0s |             ::1 | GET     | /api/health
[shibosi] 2026/07/31 02:33:40 logger.go:87: 2026-07-31 02:33:40.583 | 200 |            0s |             ::1 | GET     | /api/health
[shibosi] 2026/07/31 02:33:55 logger.go:87: 2026-07-31 02:33:55.582 | 200 |            0s |             ::1 | GET     | /api/health
[shibosi] 2026/07/31 02:34:10 logger.go:87: 2026-07-31 02:34:10.585 | 200 |            0s |             ::1 | GET     | /api/health
[shibosi] 2026/07/31 02:34:25 logger.go:87: 2026-07-31 02:34:25.580 | 200 |            0s |             ::1 | GET     | /api/health
[shibosi] 2026/07/31 02:34:40 logger.go:87: 2026-07-31 02:34:40.579 | 200 |            0s |             ::1 | GET     | /api/health
[shibosi] 2026/07/31 02:34:55 logger.go:87: 2026-07-31 02:34:55.578 | 200 |            0s |             ::1 | GET     | /api/health
[shibosi] 2026/07/31 02:35:00 logger.go:55: [INFO] 定时任务: Redis黑名单同步
[shibosi] 2026/07/31 02:35:10 logger.go:87: 2026-07-31 02:35:10.747 | 200 |            0s |             ::1 | GET     | /api/health
[shibosi] 2026/07/31 02:35:25 logger.go:87: 2026-07-31 02:35:25.575 | 200 |         543µs |             ::1 | GET     | /api/health
[shibosi] 2026/07/31 02:36:06 logger.go:55: [INFO] 定时任务已注册
[shibosi] 2026/07/31 02:36:06 logger.go:55: [INFO] 市舶司 v2 后台已就绪 - 6 大模块全部启用
[shibosi] 2026/07/31 02:36:06 logger.go:55: [INFO] 访问: http://localhost:8084/admin
[shibosi] 2026/07/31 02:36:06 logger.go:55: [INFO] ========================================
[shibosi] 2026/07/31 02:36:06 logger.go:55: [INFO]   市舶司 - 统一管理后台 v2.0
[shibosi] 2026/07/31 02:36:06 logger.go:55: [INFO] ========================================
[shibosi] 2026/07/31 02:36:06 logger.go:55: [INFO] 监听地址: http://localhost:8084
[shibosi] 2026/07/31 02:36:06 logger.go:55: [INFO] 管理面板: http://localhost:8084/admin
[shibosi] 2026/07/31 02:36:06 logger.go:55: [INFO] API文档:  http://localhost:8084/api/v1
[shibosi] 2026/07/31 02:36:06 logger.go:55: [INFO] ========================================
[shibosi] 2026/07/31 02:36:21 logger.go:87: 2026-07-31 02:36:21.137 | 200 |            0s |             ::1 | GET     | /api/health
[shibosi] 2026/07/31 02:36:32 logger.go:87: 2026-07-31 02:36:32.357 | 200 |    244.1253ms |             ::1 | GET     | /admin/?fre=service-monitor
[shibosi] 2026/07/31 02:36:32 logger.go:87: 2026-07-31 02:36:32.375 | 200 |      1.3881ms |             ::1 | GET     | /admin/app-v2.js?v=20260731h
[shibosi] 2026/07/31 02:36:32 logger.go:87: 2026-07-31 02:36:32.410 | 401 |      3.1226ms |             ::1 | GET     | /api/v1/admin/modules
[shibosi] 2026/07/31 02:36:33 logger.go:87: 2026-07-31 02:36:33.942 | 304 |       538.6µs |             ::1 | GET     | /admin/?fre=service-monitor
[shibosi] 2026/07/31 02:36:33 logger.go:87: 2026-07-31 02:36:33.978 | 401 |      1.1941ms |             ::1 | GET     | /api/v1/admin/modules
[shibosi] 2026/07/31 02:36:35 logger.go:87: 2026-07-31 02:36:35.506 | 304 |       589.1µs |             ::1 | GET     | /admin/?fre=service-monitor
[shibosi] 2026/07/31 02:36:35 logger.go:87: 2026-07-31 02:36:35.538 | 401 |       590.7µs |             ::1 | GET     | /api/v1/admin/modules
[shibosi] 2026/07/31 02:36:36 logger.go:87: 2026-07-31 02:36:36.133 | 200 |        60.1µs |             ::1 | GET     | /api/health
[shibosi] 2026/07/31 02:36:37 logger.go:87: 2026-07-31 02:36:37.053 | 304 |       1.001ms |             ::1 | GET     | /admin/?fre=service-monitor
[shibosi] 2026/07/31 02:36:37 logger.go:87: 2026-07-31 02:36:37.083 | 401 |            0s |             ::1 | GET     | /api/v1/admin/modules
[shibosi] 2026/07/31 02:36:38 logger.go:87: 2026-07-31 02:36:38.601 | 304 |       998.6µs |             ::1 | GET     | /admin/?fre=service-monitor
[shibosi] 2026/07/31 02:36:38 logger.go:87: 2026-07-31 02:36:38.632 | 401 |            0s |             ::1 | GET     | /api/v1/admin/modules
[shibosi] 2026/07/31 02:36:40 logger.go:87: 2026-07-31 02:36:40.150 | 304 |      1.0167ms |             ::1 | GET     | /admin/?fre=service-monitor
[shibosi] 2026/07/31 02:36:40 logger.go:87: 2026-07-31 02:36:40.176 | 401 |            0s |             ::1 | GET     | /api/v1/admin/modules
[shibosi] 2026/07/31 02:36:41 logger.go:87: 2026-07-31 02:36:41.699 | 304 |       530.8µs |             ::1 | GET     | /admin/?fre=service-monitor
[shibosi] 2026/07/31 02:36:41 logger.go:87: 2026-07-31 02:36:41.712 | 304 |      1.0038ms |             ::1 | GET     | /admin/app-v2.js?v=20260731h
[shibosi] 2026/07/31 02:36:41 logger.go:87: 2026-07-31 02:36:41.727 | 401 |            0s |             ::1 | GET     | /api/v1/admin/modules
[shibosi] 2026/07/31 02:36:43 logger.go:87: 2026-07-31 02:36:43.263 | 304 |      1.0011ms |             ::1 | GET     | /admin/?fre=service-monitor
[shibosi] 2026/07/31 02:36:43 logger.go:87: 2026-07-31 02:36:43.297 | 401 |            0s |             ::1 | GET     | /api/v1/admin/modules
[shibosi] 2026/07/31 02:36:44 logger.go:87: 2026-07-31 02:36:44.829 | 304 |       561.2µs |             ::1 | GET     | /admin/?fre=service-monitor
[shibosi] 2026/07/31 02:36:44 logger.go:87: 2026-07-31 02:36:44.857 | 401 |      1.0039ms |             ::1 | GET     | /api/v1/admin/modules
[shibosi] 2026/07/31 02:36:46 logger.go:87: 2026-07-31 02:36:46.393 | 304 |       548.9µs |             ::1 | GET     | /admin/?fre=service-monitor
[shibosi] 2026/07/31 02:36:46 logger.go:87: 2026-07-31 02:36:46.425 | 401 |            0s |             ::1 | GET     | /api/v1/admin/modules
[shibosi] 2026/07/31 02:36:47 logger.go:87: 2026-07-31 02:36:47.939 | 304 |       687.9µs |             ::1 | GET     | /admin/?fre=service-monitor
[shibosi] 2026/07/31 02:36:47 logger.go:87: 2026-07-31 02:36:47.970 | 401 |       996.4µs |             ::1 | GET     | /api/v1/admin/modules
[shibosi] 2026/07/31 02:36:49 logger.go:87: 2026-07-31 02:36:49.491 | 304 |      1.0031ms |             ::1 | GET     | /admin/?fre=service-monitor
[shibosi] 2026/07/31 02:36:49 logger.go:87: 2026-07-31 02:36:49.520 | 401 |            0s |             ::1 | GET     | /api/v1/admin/modules
[shibosi] 2026/07/31 02:36:51 logger.go:87: 2026-07-31 02:36:51.041 | 304 |       551.1µs |             ::1 | GET     | /admin/?fre=service-monitor
[shibosi] 2026/07/31 02:36:51 logger.go:87: 2026-07-31 02:36:51.058 | 304 |       998.9µs |             ::1 | GET     | /admin/app-v2.js?v=20260731h
[shibosi] 2026/07/31 02:36:51 logger.go:87: 2026-07-31 02:36:51.079 | 401 |       996.3µs |             ::1 | GET     | /api/v1/admin/modules
[shibosi] 2026/07/31 02:36:51 logger.go:87: 2026-07-31 02:36:51.136 | 200 |            0s |             ::1 | GET     | /api/health
[shibosi] 2026/07/31 02:36:52 logger.go:87: 2026-07-31 02:36:52.622 | 304 |      1.0764ms |             ::1 | GET     | /admin/?fre=service-monitor
[shibosi] 2026/07/31 02:36:52 logger.go:87: 2026-07-31 02:36:52.651 | 401 |            0s |             ::1 | GET     | /api/v1/admin/modules
[shibosi] 2026/07/31 02:36:54 logger.go:87: 2026-07-31 02:36:54.185 | 304 |      1.0025ms |             ::1 | GET     | /admin/?fre=service-monitor
[shibosi] 2026/07/31 02:36:54 logger.go:87: 2026-07-31 02:36:54.221 | 401 |            0s |             ::1 | GET     | /api/v1/admin/modules
[shibosi] 2026/07/31 02:36:55 logger.go:87: 2026-07-31 02:36:55.792 | 304 |     15.9446ms |             ::1 | GET     | /admin/?fre=service-monitor
[shibosi] 2026/07/31 02:36:55 logger.go:87: 2026-07-31 02:36:55.930 | 401 |            0s |             ::1 | GET     | /api/v1/admin/modules
[shibosi] 2026/07/31 02:36:56 logger.go:87: 2026-07-31 02:36:56.246 | 304 |       985.7µs |             ::1 | GET     | /admin/
[shibosi] 2026/07/31 02:36:56 logger.go:87: 2026-07-31 02:36:56.272 | 401 |            0s |             ::1 | GET     | /api/v1/admin/modules
[shibosi] 2026/07/31 02:36:57 logger.go:87: 2026-07-31 02:36:57.798 | 304 |       553.4µs |             ::1 | GET     | /admin/
[shibosi] 2026/07/31 02:36:57 logger.go:87: 2026-07-31 02:36:57.830 | 401 |         998µs |             ::1 | GET     | /api/v1/admin/modules
[shibosi] 2026/07/31 02:36:59 logger.go:87: 2026-07-31 02:36:59.348 | 304 |       559.4µs |             ::1 | GET     | /admin/
[shibosi] 2026/07/31 02:36:59 logger.go:87: 2026-07-31 02:36:59.377 | 401 |            0s |             ::1 | GET     | /api/v1/admin/modules
[shibosi] 2026/07/31 02:37:00 logger.go:87: 2026-07-31 02:37:00.911 | 304 |       546.8µs |             ::1 | GET     | /admin/
[shibosi] 2026/07/31 02:37:00 logger.go:87: 2026-07-31 02:37:00.944 | 401 |            0s |             ::1 | GET     | /api/v1/admin/modules
[shibosi] 2026/07/31 02:37:02 logger.go:87: 2026-07-31 02:37:02.459 | 304 |       596.8µs |             ::1 | GET     | /admin/
[shibosi] 2026/07/31 02:37:02 logger.go:87: 2026-07-31 02:37:02.475 | 304 |      1.5288ms |             ::1 | GET     | /admin/app-v2.js?v=20260731h
[shibosi] 2026/07/31 02:37:02 logger.go:87: 2026-07-31 02:37:02.508 | 401 |            0s |             ::1 | GET     | /api/v1/admin/modules
[shibosi] 2026/07/31 02:37:04 logger.go:87: 2026-07-31 02:37:04.035 | 304 |       1.202ms |             ::1 | GET     | /admin/
[shibosi] 2026/07/31 02:37:04 logger.go:87: 2026-07-31 02:37:04.069 | 401 |            0s |             ::1 | GET     | /api/v1/admin/modules
[shibosi] 2026/07/31 02:37:05 logger.go:87: 2026-07-31 02:37:05.591 | 304 |      5.7816ms |             ::1 | GET     | /admin/
[shibosi] 2026/07/31 02:37:05 logger.go:87: 2026-07-31 02:37:05.624 | 401 |      1.9952ms |             ::1 | GET     | /api/v1/admin/modules
[shibosi] 2026/07/31 02:37:06 logger.go:87: 2026-07-31 02:37:06.131 | 200 |       543.5µs |             ::1 | GET     | /api/health
[shibosi] 2026/07/31 02:37:07 logger.go:87: 2026-07-31 02:37:07.151 | 304 |       574.5µs |             ::1 | GET     | /admin/
[shibosi] 2026/07/31 02:37:07 logger.go:87: 2026-07-31 02:37:07.184 | 401 |       987.7µs |             ::1 | GET     | /api/v1/admin/modules
[shibosi] 2026/07/31 02:37:08 logger.go:87: 2026-07-31 02:37:08.720 | 304 |         581µs |             ::1 | GET     | /admin/
[shibosi] 2026/07/31 02:37:08 logger.go:87: 2026-07-31 02:37:08.748 | 401 |            0s |             ::1 | GET     | /api/v1/admin/modules
[shibosi] 2026/07/31 02:37:10 logger.go:87: 2026-07-31 02:37:10.285 | 304 |      1.0566ms |             ::1 | GET     | /admin/
[shibosi] 2026/07/31 02:37:10 logger.go:87: 2026-07-31 02:37:10.320 | 401 |            0s |             ::1 | GET     | /api/v1/admin/modules
[shibosi] 2026/07/31 02:37:11 logger.go:87: 2026-07-31 02:37:11.851 | 304 |      1.2859ms |             ::1 | GET     | /admin/
[shibosi] 2026/07/31 02:37:11 logger.go:87: 2026-07-31 02:37:11.884 | 401 |            0s |             ::1 | GET     | /api/v1/admin/modules
[shibosi] 2026/07/31 02:37:13 logger.go:87: 2026-07-31 02:37:13.010 | 304 |       549.7µs |             ::1 | GET     | /admin/
[shibosi] 2026/07/31 02:37:21 logger.go:87: 2026-07-31 02:37:21.137 | 200 |       523.6µs |             ::1 | GET     | /api/health
[shibosi] 2026/07/31 02:37:36 logger.go:87: 2026-07-31 02:37:36.143 | 200 |            0s |             ::1 | GET     | /api/health
[shibosi] 2026/07/31 02:37:44 logger.go:87: 2026-07-31 02:37:44.250 | 200 |    436.3077ms |             ::1 | POST    | /api/v1/auth/login
[shibosi] 2026/07/31 02:37:44 logger.go:87: 2026-07-31 02:37:44.261 | 304 |      1.1217ms |             ::1 | GET     | /admin/
[shibosi] 2026/07/31 02:37:44 logger.go:87: 2026-07-31 02:37:44.277 | 304 |      1.0234ms |             ::1 | GET     | /admin/app-v2.js?v=20260731h
[shibosi] 2026/07/31 02:37:44 logger.go:87: 2026-07-31 02:37:44.299 | 200 |            0s |             ::1 | GET     | /api/v1/admin/modules
[shibosi] 2026/07/31 02:37:44 logger.go:87: 2026-07-31 02:37:44.330 | 200 |      5.0376ms |             ::1 | GET     | /api/v2/bots/stats
[shibosi] 2026/07/31 02:37:44 logger.go:87: 2026-07-31 02:37:44.339 | 200 |       551.2µs |             ::1 | GET     | /api/v2/bots
[shibosi] 2026/07/31 02:37:51 logger.go:87: 2026-07-31 02:37:51.139 | 200 |            0s |             ::1 | GET     | /api/health
[shibosi] 2026/07/31 02:38:06 logger.go:87: 2026-07-31 02:38:06.132 | 200 |        58.8µs |             ::1 | GET     | /api/health
[shibosi] 2026/07/31 02:38:07 logger.go:87: 2026-07-31 02:38:07.563 | 200 |            0s |             ::1 | GET     | /api/v1/admin/services
[shibosi] 2026/07/31 02:38:21 logger.go:87: 2026-07-31 02:38:21.127 | 200 |            0s |             ::1 | GET     | /api/health
[shibosi] 2026/07/31 02:38:36 logger.go:87: 2026-07-31 02:38:36.131 | 200 |            0s |             ::1 | GET     | /api/health
[shibosi] 2026/07/31 02:38:51 logger.go:87: 2026-07-31 02:38:51.127 | 200 |            0s |             ::1 | GET     | /api/health
[shibosi] 2026/07/31 02:38:52 logger.go:87: 2026-07-31 02:38:52.874 | 200 |     497.938ms |             ::1 | POST    | /api/v1/admin/services/search-engine/start
[shibosi] 2026/07/31 02:38:54 logger.go:87: 2026-07-31 02:38:54.386 | 200 |            0s |             ::1 | GET     | /api/v1/admin/services/search-engine
[shibosi] 2026/07/31 02:38:55 logger.go:87: 2026-07-31 02:38:55.876 | 200 |            0s |             ::1 | GET     | /api/health
[shibosi] 2026/07/31 02:38:56 logger.go:87: 2026-07-31 02:38:56.411 | 200 |            0s |             ::1 | GET     | /api/v1/admin/services/search-engine
[shibosi] 2026/07/31 02:38:58 logger.go:87: 2026-07-31 02:38:58.427 | 200 |      1.0379ms |             ::1 | GET     | /api/v1/admin/services/search-engine
[shibosi] 2026/07/31 02:39:00 logger.go:87: 2026-07-31 02:39:00.443 | 200 |            0s |             ::1 | GET     | /api/v1/admin/services/search-engine
[shibosi] 2026/07/31 02:39:02 logger.go:87: 2026-07-31 02:39:02.456 | 200 |            0s |             ::1 | GET     | /api/v1/admin/services/search-engine
[shibosi] 2026/07/31 02:39:04 logger.go:87: 2026-07-31 02:39:04.471 | 200 |      4.5183ms |             ::1 | GET     | /api/v1/admin/services/search-engine
[shibosi] 2026/07/31 02:39:06 logger.go:87: 2026-07-31 02:39:06.137 | 200 |            0s |             ::1 | GET     | /api/health
[shibosi] 2026/07/31 02:39:06 logger.go:87: 2026-07-31 02:39:06.486 | 200 |            0s |             ::1 | GET     | /api/v1/admin/services/search-engine
[shibosi] 2026/07/31 02:39:08 logger.go:87: 2026-07-31 02:39:08.500 | 200 |            0s |             ::1 | GET     | /api/v1/admin/services/search-engine
[shibosi] 2026/07/31 02:39:10 logger.go:87: 2026-07-31 02:39:10.514 | 200 |            0s |             ::1 | GET     | /api/v1/admin/services/search-engine
[shibosi] 2026/07/31 02:39:12 logger.go:87: 2026-07-31 02:39:12.529 | 200 |            0s |             ::1 | GET     | /api/v1/admin/services/search-engine
[shibosi] 2026/07/31 02:39:14 logger.go:87: 2026-07-31 02:39:14.546 | 200 |       560.7µs |             ::1 | GET     | /api/v1/admin/services
[shibosi] 2026/07/31 02:39:21 logger.go:87: 2026-07-31 02:39:21.125 | 200 |            0s |             ::1 | GET     | /api/health
[shibosi] 2026/07/31 02:39:23 logger.go:87: 2026-07-31 02:39:23.833 | 200 |     24.3908ms |             ::1 | POST    | /api/v1/admin/services/newspaper/start
[shibosi] 2026/07/31 02:39:25 logger.go:87: 2026-07-31 02:39:25.344 | 200 |            0s |             ::1 | GET     | /api/health
[shibosi] 2026/07/31 02:39:25 logger.go:87: 2026-07-31 02:39:25.346 | 200 |     25.8299ms |             ::1 | POST    | /api/v1/admin/services/refresh
[shibosi] 2026/07/31 02:39:25 logger.go:87: 2026-07-31 02:39:25.349 | 200 |            0s |             ::1 | GET     | /api/v1/admin/services/newspaper
[shibosi] 2026/07/31 02:39:25 logger.go:87: 2026-07-31 02:39:25.356 | 200 |       711.4µs |             ::1 | GET     | /api/v1/admin/services
[shibosi] 2026/07/31 02:39:26 logger.go:87: 2026-07-31 02:39:26.851 | 200 |            0s |             ::1 | GET     | /api/health
[shibosi] 2026/07/31 02:39:27 logger.go:87: 2026-07-31 02:39:27.363 | 200 |            0s |             ::1 | GET     | /api/v1/admin/services/newspaper
[shibosi] 2026/07/31 02:39:29 logger.go:87: 2026-07-31 02:39:29.376 | 200 |            0s |             ::1 | GET     | /api/v1/admin/services/newspaper
[shibosi] 2026/07/31 02:39:31 logger.go:87: 2026-07-31 02:39:31.394 | 200 |            0s |             ::1 | GET     | /api/v1/admin/services/newspaper
[shibosi] 2026/07/31 02:39:33 logger.go:87: 2026-07-31 02:39:33.407 | 200 |            0s |             ::1 | GET     | /api/v1/admin/services/newspaper
[shibosi] 2026/07/31 02:39:35 logger.go:87: 2026-07-31 02:39:35.417 | 200 |        13.6µs |             ::1 | GET     | /api/v1/admin/services/newspaper
[shibosi] 2026/07/31 02:39:36 logger.go:87: 2026-07-31 02:39:36.134 | 200 |            0s |             ::1 | GET     | /api/health
[shibosi] 2026/07/31 02:39:37 logger.go:87: 2026-07-31 02:39:37.435 | 200 |            0s |             ::1 | GET     | /api/v1/admin/services/newspaper
[shibosi] 2026/07/31 02:39:39 logger.go:87: 2026-07-31 02:39:39.447 | 200 |       295.4µs |             ::1 | GET     | /api/v1/admin/services/newspaper
[shibosi] 2026/07/31 02:39:41 logger.go:87: 2026-07-31 02:39:41.528 | 200 |            0s |             ::1 | GET     | /api/v1/admin/services/newspaper
[shibosi] 2026/07/31 02:39:43 logger.go:87: 2026-07-31 02:39:43.762 | 200 |            0s |             ::1 | GET     | /api/v1/admin/services/newspaper
[shibosi] 2026/07/31 02:39:45 logger.go:87: 2026-07-31 02:39:45.781 | 200 |            0s |             ::1 | GET     | /api/v1/admin/services
[shibosi] 2026/07/31 02:39:50 logger.go:87: 2026-07-31 02:39:50.222 | 200 |      1.0818ms |             ::1 | GET     | /api/v1/admin/services/search-engine
[shibosi] 2026/07/31 02:39:51 logger.go:87: 2026-07-31 02:39:51.133 | 200 |            0s |             ::1 | GET     | /api/health
[shibosi] 2026/07/31 02:40:00 logger.go:55: [INFO] 定时任务: Redis黑名单同步
[shibosi] 2026/07/31 02:40:06 logger.go:87: 2026-07-31 02:40:06.127 | 200 |            0s |             ::1 | GET     | /api/health
[shibosi] 2026/07/31 02:40:21 logger.go:87: 2026-07-31 02:40:21.135 | 200 |        26.9µs |             ::1 | GET     | /api/health
[shibosi] 2026/07/31 02:40:24 logger.go:87: 2026-07-31 02:40:24.358 | 200 |            0s |             ::1 | GET     | /api/v1/admin/services/search-engine
[shibosi] 2026/07/31 02:40:31 logger.go:87: 2026-07-31 02:40:31.469 | 200 |            0s |             ::1 | GET     | /api/v1/admin/services/search-engine
[shibosi] 2026/07/31 02:40:36 logger.go:87: 2026-07-31 02:40:36.132 | 200 |            0s |             ::1 | GET     | /api/health
[shibosi] 2026/07/31 02:40:51 logger.go:87: 2026-07-31 02:40:51.135 | 200 |            0s |             ::1 | GET     | /api/health
[shibosi] 2026/07/31 02:41:06 logger.go:87: 2026-07-31 02:41:06.135 | 200 |            0s |             ::1 | GET     | /api/health
[shibosi] 2026/07/31 02:41:21 logger.go:87: 2026-07-31 02:41:21.131 | 200 |            0s |             ::1 | GET     | /api/health
[shibosi] 2026/07/31 02:41:36 logger.go:87: 2026-07-31 02:41:36.137 | 200 |       527.8µs |             ::1 | GET     | /api/health
[shibosi] 2026/07/31 02:41:40 logger.go:87: 2026-07-31 02:41:40.051 | 304 |       998.5µs |             ::1 | GET     | /admin/
[shibosi] 2026/07/31 02:41:40 logger.go:87: 2026-07-31 02:41:40.082 | 200 |      8.6251ms |             ::1 | GET     | /admin/app-v2.js?v=20260731h
[shibosi] 2026/07/31 02:41:40 logger.go:87: 2026-07-31 02:41:40.112 | 200 |       912.3µs |             ::1 | GET     | /api/v1/admin/modules
[shibosi] 2026/07/31 02:41:40 logger.go:87: 2026-07-31 02:41:40.138 | 200 |       886.2µs |             ::1 | GET     | /api/v2/bots/stats
[shibosi] 2026/07/31 02:41:40 logger.go:87: 2026-07-31 02:41:40.146 | 200 |       549.3µs |             ::1 | GET     | /api/v2/bots
[shibosi] 2026/07/31 02:41:51 logger.go:87: 2026-07-31 02:41:51.134 | 200 |            0s |             ::1 | GET     | /api/health
[shibosi] 2026/07/31 02:42:01 logger.go:87: 2026-07-31 02:42:01.014 | 404 |            0s |             ::1 | POST    | /api/v1/admin/login
[shibosi] 2026/07/31 02:42:06 logger.go:87: 2026-07-31 02:42:06.132 | 200 |            0s |             ::1 | GET     | /api/health
[shibosi] 2026/07/31 02:42:19 logger.go:87: 2026-07-31 02:42:19.718 | 200 |       970.6µs |             ::1 | GET     | /api/v1/admin/services
[shibosi] 2026/07/31 02:42:21 logger.go:87: 2026-07-31 02:42:21.132 | 200 |            0s |             ::1 | GET     | /api/health
[shibosi] 2026/07/31 02:42:36 logger.go:87: 2026-07-31 02:42:36.131 | 200 |            0s |             ::1 | GET     | /api/health
[shibosi] 2026/07/31 02:42:38 logger.go:87: 2026-07-31 02:42:38.959 | 200 |            0s |             ::1 | GET     | /api/v1/admin/services/search-engine
[shibosi] 2026/07/31 02:42:51 logger.go:87: 2026-07-31 02:42:51.135 | 200 |            0s |             ::1 | GET     | /api/health
[shibosi] 2026/07/31 02:43:06 logger.go:87: 2026-07-31 02:43:06.131 | 200 |            0s |             ::1 | GET     | /api/health
[shibosi] 2026/07/31 02:43:21 logger.go:87: 2026-07-31 02:43:21.126 | 200 |            0s |             ::1 | GET     | /api/health
[shibosi] 2026/07/31 02:43:26 logger.go:87: 2026-07-31 02:43:26.369 | 200 |      3.9542ms |             ::1 | POST    | /api/v1/admin/services/search-engine/stop
[shibosi] 2026/07/31 02:43:27 logger.go:87: 2026-07-31 02:43:27.639 | 200 |            0s |             ::1 | GET     | /api/v1/admin/services
[shibosi] 2026/07/31 02:43:28 logger.go:87: 2026-07-31 02:43:28.884 | 200 |            0s |             ::1 | GET     | /api/health
[shibosi] 2026/07/31 02:43:28 logger.go:87: 2026-07-31 02:43:28.904 | 200 |     33.2589ms |             ::1 | POST    | /api/v1/admin/services/refresh
[shibosi] 2026/07/31 02:43:28 logger.go:87: 2026-07-31 02:43:28.966 | 200 |            0s |             ::1 | GET     | /api/v1/admin/services
[shibosi] 2026/07/31 02:43:36 logger.go:87: 2026-07-31 02:43:36.131 | 200 |            0s |             ::1 | GET     | /api/health
[shibosi] 2026/07/31 02:43:51 logger.go:87: 2026-07-31 02:43:51.131 | 200 |            0s |             ::1 | GET     | /api/health
[shibosi] 2026/07/31 02:44:06 logger.go:87: 2026-07-31 02:44:06.132 | 200 |            0s |             ::1 | GET     | /api/health
[shibosi] 2026/07/31 02:44:21 logger.go:87: 2026-07-31 02:44:21.136 | 200 |       528.4µs |             ::1 | GET     | /api/health
[shibosi] 2026/07/31 02:44:36 logger.go:87: 2026-07-31 02:44:36.131 | 200 |            0s |             ::1 | GET     | /api/health
[shibosi] 2026/07/31 02:44:51 logger.go:87: 2026-07-31 02:44:51.137 | 200 |            0s |             ::1 | GET     | /api/health
[shibosi] 2026/07/31 02:45:00 logger.go:55: [INFO] 定时任务: Redis黑名单同步
[shibosi] 2026/07/31 02:45:06 logger.go:87: 2026-07-31 02:45:06.125 | 200 |            0s |             ::1 | GET     | /api/health
[shibosi] 2026/07/31 02:46:47 logger.go:55: [INFO] 定时任务已注册
[shibosi] 2026/07/31 02:46:47 logger.go:55: [INFO] 市舶司 v2 后台已就绪 - 6 大模块全部启用
[shibosi] 2026/07/31 02:46:47 logger.go:55: [INFO] 访问: http://localhost:8084/admin
[shibosi] 2026/07/31 02:46:47 logger.go:55: [INFO] ========================================
[shibosi] 2026/07/31 02:46:47 logger.go:55: [INFO]   市舶司 - 统一管理后台 v2.0
[shibosi] 2026/07/31 02:46:47 logger.go:55: [INFO] ========================================
[shibosi] 2026/07/31 02:46:47 logger.go:55: [INFO] 监听地址: http://localhost:8084
[shibosi] 2026/07/31 02:46:47 logger.go:55: [INFO] 管理面板: http://localhost:8084/admin
[shibosi] 2026/07/31 02:46:47 logger.go:55: [INFO] API文档:  http://localhost:8084/api/v1
[shibosi] 2026/07/31 02:46:47 logger.go:55: [INFO] ========================================
[shibosi] 2026/07/31 02:47:02 logger.go:87: 2026-07-31 02:47:02.665 | 200 |       527.6µs |             ::1 | GET     | /api/health
[shibosi] 2026/07/31 02:47:03 logger.go:87: 2026-07-31 02:47:03.656 | 401 |            0s |             ::1 | GET     | /api/v1/admin/services
[shibosi] 2026/07/31 02:47:11 logger.go:87: 2026-07-31 02:47:11.004 | 404 |       520.4µs |             ::1 | POST    | /api/v1/admin/login
[shibosi] 2026/07/31 02:47:11 logger.go:87: 2026-07-31 02:47:11.311 | 401 |            0s |             ::1 | GET     | /api/v1/admin/services
[shibosi] 2026/07/31 02:47:17 logger.go:87: 2026-07-31 02:47:17.618 | 200 |            0s |             ::1 | GET     | /api/health
[shibosi] 2026/07/31 02:47:25 logger.go:87: 2026-07-31 02:47:25.097 | 200 |    413.8904ms |             ::1 | POST    | /api/v1/auth/login
[shibosi] 2026/07/31 02:47:25 logger.go:87: 2026-07-31 02:47:25.120 | 401 |            0s |             ::1 | GET     | /api/v1/admin/services
[shibosi] 2026/07/31 02:47:32 logger.go:87: 2026-07-31 02:47:32.719 | 200 |            0s |             ::1 | GET     | /api/health
[shibosi] 2026/07/31 02:47:34 logger.go:87: 2026-07-31 02:47:34.853 | 200 |    618.4744ms |             ::1 | POST    | /api/v1/auth/login
[shibosi] 2026/07/31 02:47:42 logger.go:87: 2026-07-31 02:47:42.002 | 200 |    435.5654ms |             ::1 | POST    | /api/v1/auth/login
[shibosi] 2026/07/31 02:47:42 logger.go:87: 2026-07-31 02:47:42.017 | 200 |       494.2µs |             ::1 | GET     | /api/v1/admin/services
[shibosi] 2026/07/31 02:47:47 logger.go:87: 2026-07-31 02:47:47.631 | 200 |            0s |             ::1 | GET     | /api/health
[shibosi] 2026/07/31 02:47:51 logger.go:87: 2026-07-31 02:47:51.603 | 404 |            0s |             ::1 | GET     | /admin），可在"🖥️
[shibosi] 2026/07/31 02:48:01 logger.go:87: 2026-07-31 02:48:01.454 | 200 |    165.8158ms |             ::1 | GET     | /admin/
[shibosi] 2026/07/31 02:48:01 logger.go:87: 2026-07-31 02:48:01.480 | 200 |      8.5032ms |             ::1 | GET     | /admin/app-v2.js?v=20260731h
[shibosi] 2026/07/31 02:48:01 logger.go:87: 2026-07-31 02:48:01.609 | 200 |            0s |             ::1 | GET     | /api/v1/admin/modules
[shibosi] 2026/07/31 02:48:01 logger.go:87: 2026-07-31 02:48:01.636 | 200 |       726.6µs |             ::1 | GET     | /api/v2/bots/stats
[shibosi] 2026/07/31 02:48:01 logger.go:87: 2026-07-31 02:48:01.745 | 200 |       542.2µs |             ::1 | GET     | /api/v2/bots
[shibosi] 2026/07/31 02:48:02 logger.go:87: 2026-07-31 02:48:02.618 | 200 |            0s |             ::1 | GET     | /api/health
[shibosi] 2026/07/31 02:48:11 logger.go:87: 2026-07-31 02:48:11.373 | 200 |            0s |             ::1 | GET     | /api/v1/admin/services
[shibosi] 2026/07/31 02:48:15 logger.go:87: 2026-07-31 02:48:15.270 | 200 |      3.9983ms |             ::1 | GET     | /admin/
[shibosi] 2026/07/31 02:48:15 logger.go:87: 2026-07-31 02:48:15.335 | 200 |     11.9356ms |             ::1 | GET     | /admin/app-v2.js?v=20260731h
[shibosi] 2026/07/31 02:48:15 logger.go:87: 2026-07-31 02:48:15.522 | 200 |            0s |             ::1 | GET     | /api/v1/admin/modules
[shibosi] 2026/07/31 02:48:15 logger.go:87: 2026-07-31 02:48:15.770 | 200 |      1.0049ms |             ::1 | GET     | /api/v2/bots/stats
[shibosi] 2026/07/31 02:48:15 logger.go:87: 2026-07-31 02:48:15.834 | 200 |            0s |             ::1 | GET     | /api/v2/bots
[shibosi] 2026/07/31 02:48:17 logger.go:87: 2026-07-31 02:48:17.630 | 200 |       540.3µs |             ::1 | GET     | /api/health
[shibosi] 2026/07/31 02:48:18 logger.go:87: 2026-07-31 02:48:18.541 | 200 |            0s |             ::1 | GET     | /api/v1/admin/services
[shibosi] 2026/07/31 02:48:32 logger.go:87: 2026-07-31 02:48:32.648 | 200 |            0s |             ::1 | GET     | /api/health
[shibosi] 2026/07/31 02:48:47 logger.go:87: 2026-07-31 02:48:47.623 | 200 |            0s |             ::1 | GET     | /api/health
[shibosi] 2026/07/31 02:49:02 logger.go:87: 2026-07-31 02:49:02.628 | 200 |            0s |             ::1 | GET     | /api/health
[shibosi] 2026/07/31 02:49:17 logger.go:87: 2026-07-31 02:49:17.621 | 200 |            0s |             ::1 | GET     | /api/health
[shibosi] 2026/07/31 02:49:32 logger.go:87: 2026-07-31 02:49:32.618 | 200 |            0s |             ::1 | GET     | /api/health
[shibosi] 2026/07/31 02:49:46 logger.go:87: 2026-07-31 02:49:46.159 | 304 |      4.0085ms |             ::1 | GET     | /admin/
[shibosi] 2026/07/31 02:49:46 logger.go:87: 2026-07-31 02:49:46.505 | 304 |      3.0004ms |             ::1 | GET     | /admin/app-v2.js?v=20260731h
[shibosi] 2026/07/31 02:49:46 logger.go:87: 2026-07-31 02:49:46.669 | 200 |      3.0469ms |             ::1 | GET     | /api/v1/admin/modules
[shibosi] 2026/07/31 02:49:46 logger.go:87: 2026-07-31 02:49:46.688 | 200 |      1.0029ms |             ::1 | GET     | /api/v2/bots/stats
[shibosi] 2026/07/31 02:49:46 logger.go:87: 2026-07-31 02:49:46.772 | 200 |      1.2057ms |             ::1 | GET     | /api/v2/bots
[shibosi] 2026/07/31 02:49:47 logger.go:87: 2026-07-31 02:49:47.621 | 200 |            0s |             ::1 | GET     | /api/health
[shibosi] 2026/07/31 02:50:00 logger.go:55: [INFO] 定时任务: Redis黑名单同步
[shibosi] 2026/07/31 02:50:01 logger.go:87: 2026-07-31 02:50:01.033 | 404 |      1.9439ms |             ::1 | GET     | /admin/service-monitoring
[shibosi] 2026/07/31 02:50:02 logger.go:87: 2026-07-31 02:50:02.618 | 200 |            0s |             ::1 | GET     | /api/health
[shibosi] 2026/07/31 02:50:08 logger.go:87: 2026-07-31 02:50:08.627 | 200 |       2.001ms |             ::1 | GET     | /api/v1/admin/modules
[shibosi] 2026/07/31 02:50:08 logger.go:87: 2026-07-31 02:50:08.660 | 200 |      1.0853ms |             ::1 | GET     | /api/v2/bots/stats
[shibosi] 2026/07/31 02:50:08 logger.go:87: 2026-07-31 02:50:08.670 | 200 |      1.4609ms |             ::1 | GET     | /api/v2/bots
[shibosi] 2026/07/31 02:50:17 logger.go:87: 2026-07-31 02:50:17.633 | 200 |            0s |             ::1 | GET     | /api/health
[shibosi] 2026/07/31 02:50:23 logger.go:87: 2026-07-31 02:50:23.902 | 404 |      1.8321ms |             ::1 | GET     | /admin/service-monitoring
[shibosi] 2026/07/31 02:50:30 logger.go:87: 2026-07-31 02:50:30.049 | 304 |      3.4152ms |             ::1 | GET     | /admin/
[shibosi] 2026/07/31 02:50:30 logger.go:87: 2026-07-31 02:50:30.072 | 304 |      5.1403ms |             ::1 | GET     | /admin/app-v2.js?v=20260731h
[shibosi] 2026/07/31 02:50:30 logger.go:87: 2026-07-31 02:50:30.091 | 200 |       997.3µs |             ::1 | GET     | /api/v1/admin/modules
[shibosi] 2026/07/31 02:50:30 logger.go:87: 2026-07-31 02:50:30.129 | 200 |      2.9956ms |             ::1 | GET     | /api/v2/bots/stats
[shibosi] 2026/07/31 02:50:30 logger.go:87: 2026-07-31 02:50:30.140 | 200 |           1ms |             ::1 | GET     | /api/v2/bots
[shibosi] 2026/07/31 02:50:32 logger.go:87: 2026-07-31 02:50:32.619 | 200 |            0s |             ::1 | GET     | /api/health
[shibosi] 2026/07/31 02:50:35 logger.go:87: 2026-07-31 02:50:35.530 | 200 |         999µs |             ::1 | GET     | /api/v1/admin/services
[shibosi] 2026/07/31 02:50:47 logger.go:87: 2026-07-31 02:50:47.618 | 200 |            0s |             ::1 | GET     | /api/health
[shibosi] 2026/07/31 02:50:55 logger.go:87: 2026-07-31 02:50:55.188 | 200 |       2.445ms |             ::1 | GET     | /api/v1/admin/modules
[shibosi] 2026/07/31 02:50:55 logger.go:87: 2026-07-31 02:50:55.199 | 200 |       582.9µs |             ::1 | GET     | /api/v2/bots/stats
[shibosi] 2026/07/31 02:50:55 logger.go:87: 2026-07-31 02:50:55.207 | 200 |       590.2µs |             ::1 | GET     | /api/v2/bots
[shibosi] 2026/07/31 02:50:59 logger.go:87: 2026-07-31 02:50:59.118 | 200 |            0s |             ::1 | GET     | /api/v1/admin/services
[shibosi] 2026/07/31 02:51:02 logger.go:87: 2026-07-31 02:51:02.620 | 200 |            0s |             ::1 | GET     | /api/health
[shibosi] 2026/07/31 02:51:14 logger.go:87: 2026-07-31 02:51:14.244 | 200 |       814.4µs |             ::1 | GET     | /api/v1/admin/services
[shibosi] 2026/07/31 02:51:16 logger.go:87: 2026-07-31 02:51:16.353 | 200 |            0s |             ::1 | GET     | /api/v1/admin/services
[shibosi] 2026/07/31 02:51:17 logger.go:87: 2026-07-31 02:51:17.620 | 200 |            0s |             ::1 | GET     | /api/health
[shibosi] 2026/07/31 02:51:32 logger.go:87: 2026-07-31 02:51:32.623 | 200 |            0s |             ::1 | GET     | /api/health
[shibosi] 2026/07/31 02:51:47 logger.go:87: 2026-07-31 02:51:47.620 | 200 |            0s |             ::1 | GET     | /api/health
[shibosi] 2026/07/31 02:52:02 logger.go:87: 2026-07-31 02:52:02.623 | 200 |            0s |             ::1 | GET     | /api/health
[shibosi] 2026/07/31 02:52:17 logger.go:87: 2026-07-31 02:52:17.623 | 200 |       127.3µs |             ::1 | GET     | /api/health
[shibosi] 2026/07/31 02:52:32 logger.go:87: 2026-07-31 02:52:32.621 | 200 |       534.4µs |             ::1 | GET     | /api/health
[shibosi] 2026/07/31 02:52:47 logger.go:87: 2026-07-31 02:52:47.619 | 200 |            0s |             ::1 | GET     | /api/health
[shibosi] 2026/07/31 02:52:49 logger.go:87: 2026-07-31 02:52:49.681 | 304 |      5.8773ms |             ::1 | GET     | /admin/
[shibosi] 2026/07/31 02:52:49 logger.go:87: 2026-07-31 02:52:49.864 | 304 |       7.017ms |             ::1 | GET     | /admin/app-v2.js?v=20260731h
[shibosi] 2026/07/31 02:52:49 logger.go:87: 2026-07-31 02:52:49.901 | 200 |            0s |             ::1 | GET     | /api/v1/admin/modules
[shibosi] 2026/07/31 02:52:49 logger.go:87: 2026-07-31 02:52:49.998 | 200 |      1.5517ms |             ::1 | GET     | /api/v2/bots/stats
[shibosi] 2026/07/31 02:52:50 logger.go:87: 2026-07-31 02:52:50.181 | 200 |            0s |             ::1 | GET     | /api/v2/bots
[shibosi] 2026/07/31 02:52:52 logger.go:87: 2026-07-31 02:52:52.097 | 200 |      1.0007ms |             ::1 | GET     | /api/v1/admin/services
[shibosi] 2026/07/31 02:52:57 logger.go:87: 2026-07-31 02:52:57.458 | 200 |      1.0001ms |             ::1 | GET     | /api/v1/admin/services
[shibosi] 2026/07/31 02:53:02 logger.go:87: 2026-07-31 02:53:02.622 | 200 |            0s |             ::1 | GET     | /api/health
[shibosi] 2026/07/31 02:53:13 logger.go:87: 2026-07-31 02:53:13.267 | 200 |         508µs |             ::1 | GET     | /api/v1/admin/modules
[shibosi] 2026/07/31 02:53:13 logger.go:87: 2026-07-31 02:53:13.276 | 200 |      1.9971ms |             ::1 | GET     | /api/v1/admin/modules
[shibosi] 2026/07/31 02:53:13 logger.go:87: 2026-07-31 02:53:13.283 | 200 |      1.0655ms |             ::1 | GET     | /api/v2/bots/stats
[shibosi] 2026/07/31 02:53:13 logger.go:87: 2026-07-31 02:53:13.287 | 200 |      1.2196ms |             ::1 | GET     | /api/v2/bots/stats
[shibosi] 2026/07/31 02:53:13 logger.go:87: 2026-07-31 02:53:13.293 | 200 |       540.3µs |             ::1 | GET     | /api/v2/bots
[shibosi] 2026/07/31 02:53:13 logger.go:87: 2026-07-31 02:53:13.296 | 200 |            0s |             ::1 | GET     | /api/v2/bots
[shibosi] 2026/07/31 02:53:17 logger.go:87: 2026-07-31 02:53:17.619 | 200 |            0s |             ::1 | GET     | /api/health
[shibosi] 2026/07/31 02:53:20 logger.go:87: 2026-07-31 02:53:20.740 | 200 |       998.2µs |             ::1 | GET     | /api/v1/admin/services
[shibosi] 2026/07/31 02:53:32 logger.go:87: 2026-07-31 02:53:32.619 | 200 |            0s |             ::1 | GET     | /api/health
[shibosi] 2026/07/31 02:53:47 logger.go:87: 2026-07-31 02:53:47.622 | 200 |            0s |             ::1 | GET     | /api/health
[shibosi] 2026/07/31 02:53:50 logger.go:87: 2026-07-31 02:53:50.749 | 200 |            0s |             ::1 | GET     | /api/v1/admin/services/search-engine
[shibosi] 2026/07/31 02:54:02 logger.go:87: 2026-07-31 02:54:02.707 | 200 |            0s |             ::1 | GET     | /api/health
[shibosi] 2026/07/31 02:54:17 logger.go:87: 2026-07-31 02:54:17.623 | 200 |            0s |             ::1 | GET     | /api/health
[shibosi] 2026/07/31 02:54:32 logger.go:87: 2026-07-31 02:54:32.619 | 200 |            0s |             ::1 | GET     | /api/health
[shibosi] 2026/07/31 02:54:47 logger.go:87: 2026-07-31 02:54:47.623 | 200 |            0s |             ::1 | GET     | /api/health
[shibosi] 2026/07/31 02:55:00 logger.go:55: [INFO] 定时任务: Redis黑名单同步
[shibosi] 2026/07/31 02:55:02 logger.go:87: 2026-07-31 02:55:02.625 | 200 |            0s |             ::1 | GET     | /api/health
[shibosi] 2026/07/31 02:55:17 logger.go:87: 2026-07-31 02:55:17.622 | 200 |            0s |             ::1 | GET     | /api/health
[shibosi] 2026/07/31 02:55:28 logger.go:87: 2026-07-31 02:55:28.245 | 304 |      2.9967ms |             ::1 | GET     | /admin/
[shibosi] 2026/07/31 02:55:28 logger.go:87: 2026-07-31 02:55:28.393 | 304 |      3.0029ms |             ::1 | GET     | /admin/app-v2.js?v=20260731h
[shibosi] 2026/07/31 02:55:28 logger.go:87: 2026-07-31 02:55:28.438 | 200 |      1.0065ms |             ::1 | GET     | /api/v1/admin/modules
[shibosi] 2026/07/31 02:55:28 logger.go:87: 2026-07-31 02:55:28.541 | 200 |      1.5641ms |             ::1 | GET     | /api/v2/bots/stats
[shibosi] 2026/07/31 02:55:28 logger.go:87: 2026-07-31 02:55:28.547 | 200 |            0s |             ::1 | GET     | /api/v2/bots
[shibosi] 2026/07/31 02:55:30 logger.go:87: 2026-07-31 02:55:30.971 | 200 |       999.8µs |             ::1 | GET     | /api/v1/admin/services
[shibosi] 2026/07/31 02:55:31 logger.go:87: 2026-07-31 02:55:31.878 | 200 |            0s |             ::1 | GET     | /api/v1/admin/modules
[shibosi] 2026/07/31 02:55:31 logger.go:87: 2026-07-31 02:55:31.995 | 200 |      3.4754ms |             ::1 | GET     | /api/v2/bots/stats
[shibosi] 2026/07/31 02:55:32 logger.go:87: 2026-07-31 02:55:32.201 | 200 |       997.9µs |             ::1 | GET     | /api/v2/bots
[shibosi] 2026/07/31 02:55:32 logger.go:87: 2026-07-31 02:55:32.625 | 200 |            0s |             ::1 | GET     | /api/health
[shibosi] 2026/07/31 02:55:34 logger.go:87: 2026-07-31 02:55:34.766 | 200 |       997.2µs |             ::1 | GET     | /api/v1/admin/services
[shibosi] 2026/07/31 02:55:47 logger.go:87: 2026-07-31 02:55:47.620 | 200 |            0s |             ::1 | GET     | /api/health
[shibosi] 2026/07/31 02:56:02 logger.go:87: 2026-07-31 02:56:02.623 | 200 |            0s |             ::1 | GET     | /api/health
[shibosi] 2026/07/31 02:56:17 logger.go:87: 2026-07-31 02:56:17.628 | 200 |            0s |             ::1 | GET     | /api/health
[shibosi] 2026/07/31 02:56:32 logger.go:87: 2026-07-31 02:56:32.621 | 200 |            0s |             ::1 | GET     | /api/health
[shibosi] 2026/07/31 02:56:47 logger.go:87: 2026-07-31 02:56:47.721 | 200 |            0s |             ::1 | GET     | /api/health
[shibosi] 2026/07/31 02:56:49 logger.go:87: 2026-07-31 02:56:49.352 | 200 |      5.2845ms |             ::1 | GET     | /admin/
[shibosi] 2026/07/31 02:56:49 logger.go:87: 2026-07-31 02:56:49.408 | 200 |      3.0039ms |             ::1 | GET     | /admin/app-v2.js?v=20260731h
[shibosi] 2026/07/31 02:56:49 logger.go:87: 2026-07-31 02:56:49.545 | 401 |       998.4µs |             ::1 | GET     | /api/v1/admin/modules
[shibosi] 2026/07/31 02:56:49 logger.go:87: 2026-07-31 02:56:49.570 | 404 |            0s |             ::1 | GET     | /favicon.ico
[shibosi] 2026/07/31 02:56:51 logger.go:87: 2026-07-31 02:56:51.088 | 304 |      3.0022ms |             ::1 | GET     | /admin/
[shibosi] 2026/07/31 02:56:51 logger.go:87: 2026-07-31 02:56:51.156 | 401 |            0s |             ::1 | GET     | /api/v1/admin/modules
[shibosi] 2026/07/31 02:56:52 logger.go:87: 2026-07-31 02:56:52.697 | 304 |      2.7973ms |             ::1 | GET     | /admin/
[shibosi] 2026/07/31 02:56:52 logger.go:87: 2026-07-31 02:56:52.779 | 401 |      2.0021ms |             ::1 | GET     | /api/v1/admin/modules
[shibosi] 2026/07/31 02:56:54 logger.go:87: 2026-07-31 02:56:54.311 | 304 |      2.6975ms |             ::1 | GET     | /admin/
[shibosi] 2026/07/31 02:56:54 logger.go:87: 2026-07-31 02:56:54.367 | 401 |            0s |             ::1 | GET     | /api/v1/admin/modules
[shibosi] 2026/07/31 02:56:54 logger.go:87: 2026-07-31 02:56:54.498 | 401 |            0s |             ::1 | POST    | /api/v1/auth/logout
[shibosi] 2026/07/31 02:56:55 logger.go:87: 2026-07-31 02:56:55.891 | 304 |      3.0015ms |             ::1 | GET     | /admin/
[shibosi] 2026/07/31 02:56:57 logger.go:87: 2026-07-31 02:56:57.699 | 200 |     329.807ms |             ::1 | POST    | /api/v1/auth/login
[shibosi] 2026/07/31 02:57:02 logger.go:87: 2026-07-31 02:57:02.624 | 200 |        45.2µs |             ::1 | GET     | /api/health
[shibosi] 2026/07/31 02:57:09 logger.go:87: 2026-07-31 02:57:09.853 | 200 |      321.11ms |             ::1 | POST    | /api/v1/auth/login
[shibosi] 2026/07/31 02:57:09 logger.go:87: 2026-07-31 02:57:09.879 | 304 |      3.5711ms |             ::1 | GET     | /admin/
[shibosi] 2026/07/31 02:57:09 logger.go:87: 2026-07-31 02:57:09.962 | 200 |       727.4µs |             ::1 | GET     | /api/v1/admin/modules
[shibosi] 2026/07/31 02:57:09 logger.go:87: 2026-07-31 02:57:09.972 | 200 |      2.0053ms |             ::1 | GET     | /api/v2/bots/stats
[shibosi] 2026/07/31 02:57:10 logger.go:87: 2026-07-31 02:57:10.049 | 200 |       617.9µs |             ::1 | GET     | /api/v2/bots
[shibosi] 2026/07/31 02:57:11 logger.go:87: 2026-07-31 02:57:11.938 | 200 |            0s |             ::1 | GET     | /api/v1/admin/services
[shibosi] 2026/07/31 02:57:17 logger.go:87: 2026-07-31 02:57:17.618 | 200 |            0s |             ::1 | GET     | /api/health
[shibosi] 2026/07/31 02:57:32 logger.go:87: 2026-07-31 02:57:32.616 | 200 |            0s |             ::1 | GET     | /api/health
[shibosi] 2026/07/31 02:57:40 logger.go:87: 2026-07-31 02:57:40.090 | 401 |            0s |             ::1 | GET     | /api/v1/admin/services
[shibosi] 2026/07/31 02:57:47 logger.go:87: 2026-07-31 02:57:47.621 | 200 |            0s |             ::1 | GET     | /api/health
[shibosi] 2026/07/31 02:57:58 logger.go:87: 2026-07-31 02:57:58.057 | 200 |     97.6075ms |             ::1 | POST    | /api/v1/admin/services/search-engine/start
[shibosi] 2026/07/31 02:58:01 logger.go:87: 2026-07-31 02:58:01.068 | 200 |            0s |             ::1 | GET     | /api/health
[shibosi] 2026/07/31 02:58:01 logger.go:87: 2026-07-31 02:58:01.319 | 409 |            0s |             ::1 | POST    | /api/v1/admin/services/search-engine/start
[shibosi] 2026/07/31 02:58:02 logger.go:87: 2026-07-31 02:58:02.682 | 200 |            0s |             ::1 | GET     | /api/health
[shibosi] 2026/07/31 02:58:17 logger.go:87: 2026-07-31 02:58:17.617 | 200 |            0s |             ::1 | GET     | /api/health
[shibosi] 2026/07/31 17:43:07 logger.go:55: [INFO] 定时任务已注册
[shibosi] 2026/07/31 17:43:07 logger.go:55: [INFO] 市舶司 v2 后台已就绪 - 6 大模块全部启用
[shibosi] 2026/07/31 17:43:07 logger.go:55: [INFO] 访问: http://localhost:8084/admin
[shibosi] 2026/07/31 17:43:07 logger.go:55: [INFO] ========================================
[shibosi] 2026/07/31 17:43:07 logger.go:55: [INFO]   市舶司 - 统一管理后台 v2.0
[shibosi] 2026/07/31 17:43:07 logger.go:55: [INFO] ========================================
[shibosi] 2026/07/31 17:43:07 logger.go:55: [INFO] 监听地址: http://localhost:8084
[shibosi] 2026/07/31 17:43:07 logger.go:55: [INFO] 管理面板: http://localhost:8084/admin
[shibosi] 2026/07/31 17:43:07 logger.go:55: [INFO] API文档:  http://localhost:8084/api/v1
[shibosi] 2026/07/31 17:43:07 logger.go:55: [INFO] ========================================
[shibosi] 2026/07/31 17:43:22 logger.go:87: 2026-07-31 17:43:22.269 | 200 |        24.8µs |             ::1 | GET     | /api/health
[shibosi] 2026/07/31 17:52:03 logger.go:55: [INFO] 定时任务已注册
[shibosi] 2026/07/31 17:52:03 logger.go:55: [INFO] 市舶司 v2 后台已就绪 - 6 大模块全部启用
[shibosi] 2026/07/31 17:52:03 logger.go:55: [INFO] 访问: http://localhost:8084/admin
[shibosi] 2026/07/31 17:52:03 logger.go:55: [INFO] ========================================
[shibosi] 2026/07/31 17:52:03 logger.go:55: [INFO]   市舶司 - 统一管理后台 v2.0
[shibosi] 2026/07/31 17:52:03 logger.go:55: [INFO] ========================================
[shibosi] 2026/07/31 17:52:03 logger.go:55: [INFO] 监听地址: http://localhost:8084
[shibosi] 2026/07/31 17:52:03 logger.go:55: [INFO] 管理面板: http://localhost:8084/admin
[shibosi] 2026/07/31 17:52:03 logger.go:55: [INFO] API文档:  http://localhost:8084/api/v1
[shibosi] 2026/07/31 17:52:03 logger.go:55: [INFO] ========================================
[shibosi] 2026/07/31 17:52:03 logger.go:87: 2026-07-31 17:52:03.801 | 304 |      1.0021ms |             ::1 | GET     | /admin/
[shibosi] 2026/07/31 17:52:03 logger.go:87: 2026-07-31 17:52:03.988 | 200 |    134.1963ms |             ::1 | GET     | /admin/app-v2.js?v=20260731h
[shibosi] 2026/07/31 17:52:04 logger.go:87: 2026-07-31 17:52:04.014 | 401 |      5.7693ms |             ::1 | GET     | /api/v1/admin/modules
[shibosi] 2026/07/31 17:52:04 logger.go:87: 2026-07-31 17:52:04.027 | 404 |            0s |             ::1 | GET     | /favicon.ico
[shibosi] 2026/07/31 17:52:05 logger.go:87: 2026-07-31 17:52:05.549 | 304 |       579.8µs |             ::1 | GET     | /admin/
[shibosi] 2026/07/31 17:52:05 logger.go:87: 2026-07-31 17:52:05.604 | 401 |            0s |             ::1 | GET     | /api/v1/admin/modules
[shibosi] 2026/07/31 17:52:07 logger.go:87: 2026-07-31 17:52:07.465 | 304 |       577.3µs |             ::1 | GET     | /admin/
[shibosi] 2026/07/31 17:52:07 logger.go:87: 2026-07-31 17:52:07.515 | 401 |         573µs |             ::1 | GET     | /api/v1/admin/modules
[shibosi] 2026/07/31 17:52:09 logger.go:87: 2026-07-31 17:52:09.458 | 304 |            0s |             ::1 | GET     | /admin/
[shibosi] 2026/07/31 17:52:09 logger.go:87: 2026-07-31 17:52:09.508 | 401 |            0s |             ::1 | GET     | /api/v1/admin/modules
[shibosi] 2026/07/31 17:52:11 logger.go:87: 2026-07-31 17:52:11.459 | 304 |       547.9µs |             ::1 | GET     | /admin/
[shibosi] 2026/07/31 17:52:11 logger.go:87: 2026-07-31 17:52:11.509 | 401 |            0s |             ::1 | GET     | /api/v1/admin/modules
[shibosi] 2026/07/31 17:52:13 logger.go:87: 2026-07-31 17:52:13.457 | 304 |       998.7µs |             ::1 | GET     | /admin/
[shibosi] 2026/07/31 17:52:13 logger.go:87: 2026-07-31 17:52:13.509 | 401 |            0s |             ::1 | GET     | /api/v1/admin/modules
[shibosi] 2026/07/31 17:52:15 logger.go:87: 2026-07-31 17:52:15.452 | 304 |       540.6µs |             ::1 | GET     | /admin/
[shibosi] 2026/07/31 17:52:15 logger.go:87: 2026-07-31 17:52:15.502 | 401 |            0s |             ::1 | GET     | /api/v1/admin/modules
[shibosi] 2026/07/31 17:52:17 logger.go:87: 2026-07-31 17:52:17.473 | 304 |       529.5µs |             ::1 | GET     | /admin/
[shibosi] 2026/07/31 17:52:17 logger.go:87: 2026-07-31 17:52:17.575 | 401 |            0s |             ::1 | GET     | /api/v1/admin/modules
[shibosi] 2026/07/31 17:52:18 logger.go:87: 2026-07-31 17:52:18.267 | 200 |            0s |             ::1 | GET     | /api/health
[shibosi] 2026/07/31 17:52:19 logger.go:87: 2026-07-31 17:52:19.453 | 304 |            0s |             ::1 | GET     | /admin/
[shibosi] 2026/07/31 17:52:19 logger.go:87: 2026-07-31 17:52:19.501 | 401 |            0s |             ::1 | GET     | /api/v1/admin/modules
[shibosi] 2026/07/31 17:52:21 logger.go:87: 2026-07-31 17:52:21.464 | 304 |      1.2042ms |             ::1 | GET     | /admin/
[shibosi] 2026/07/31 17:52:21 logger.go:87: 2026-07-31 17:52:21.512 | 401 |            0s |             ::1 | GET     | /api/v1/admin/modules
[shibosi] 2026/07/31 17:52:23 logger.go:87: 2026-07-31 17:52:23.461 | 304 |      1.2296ms |             ::1 | GET     | /admin/
[shibosi] 2026/07/31 17:52:23 logger.go:87: 2026-07-31 17:52:23.519 | 401 |            0s |             ::1 | GET     | /api/v1/admin/modules
[shibosi] 2026/07/31 17:52:25 logger.go:87: 2026-07-31 17:52:25.457 | 304 |            0s |             ::1 | GET     | /admin/
[shibosi] 2026/07/31 17:52:25 logger.go:87: 2026-07-31 17:52:25.506 | 401 |            0s |             ::1 | GET     | /api/v1/admin/modules
[shibosi] 2026/07/31 17:52:27 logger.go:87: 2026-07-31 17:52:27.455 | 304 |       546.3µs |             ::1 | GET     | /admin/
[shibosi] 2026/07/31 17:52:27 logger.go:87: 2026-07-31 17:52:27.509 | 401 |            0s |             ::1 | GET     | /api/v1/admin/modules
[shibosi] 2026/07/31 17:52:29 logger.go:87: 2026-07-31 17:52:29.458 | 304 |       538.2µs |             ::1 | GET     | /admin/
[shibosi] 2026/07/31 17:52:29 logger.go:87: 2026-07-31 17:52:29.532 | 401 |            0s |             ::1 | GET     | /api/v1/admin/modules
[shibosi] 2026/07/31 17:52:31 logger.go:87: 2026-07-31 17:52:31.135 | 304 |       817.6µs |             ::1 | GET     | /admin/
[shibosi] 2026/07/31 17:52:31 logger.go:87: 2026-07-31 17:52:31.196 | 401 |            0s |             ::1 | GET     | /api/v1/admin/modules
[shibosi] 2026/07/31 17:52:32 logger.go:87: 2026-07-31 17:52:32.722 | 304 |       999.3µs |             ::1 | GET     | /admin/
[shibosi] 2026/07/31 17:52:32 logger.go:87: 2026-07-31 17:52:32.783 | 401 |       997.9µs |             ::1 | GET     | /api/v1/admin/modules
[shibosi] 2026/07/31 17:52:33 logger.go:87: 2026-07-31 17:52:33.261 | 200 |            0s |             ::1 | GET     | /api/health
[shibosi] 2026/07/31 17:52:34 logger.go:87: 2026-07-31 17:52:34.319 | 304 |      1.0027ms |             ::1 | GET     | /admin/
[shibosi] 2026/07/31 17:52:34 logger.go:87: 2026-07-31 17:52:34.398 | 401 |            0s |             ::1 | GET     | /api/v1/admin/modules
[shibosi] 2026/07/31 17:52:35 logger.go:87: 2026-07-31 17:52:35.933 | 304 |       523.1µs |             ::1 | GET     | /admin/
[shibosi] 2026/07/31 17:52:35 logger.go:87: 2026-07-31 17:52:35.985 | 401 |            0s |             ::1 | GET     | /api/v1/admin/modules
[shibosi] 2026/07/31 17:52:36 logger.go:87: 2026-07-31 17:52:36.689 | 401 |            0s |             ::1 | POST    | /api/v1/auth/logout
[shibosi] 2026/07/31 17:52:37 logger.go:87: 2026-07-31 17:52:37.508 | 304 |            0s |             ::1 | GET     | /admin/
[shibosi] 2026/07/31 17:52:41 logger.go:87: 2026-07-31 17:52:41.290 | 200 |    409.6102ms |             ::1 | POST    | /api/v1/auth/login
[shibosi] 2026/07/31 17:52:41 logger.go:87: 2026-07-31 17:52:41.312 | 304 |       580.3µs |             ::1 | GET     | /admin/
[shibosi] 2026/07/31 17:52:41 logger.go:87: 2026-07-31 17:52:41.381 | 200 |       999.2µs |             ::1 | GET     | /api/v1/admin/modules
[shibosi] 2026/07/31 17:52:41 logger.go:87: 2026-07-31 17:52:41.394 | 200 |      1.4871ms |             ::1 | GET     | /api/v2/bots/stats
[shibosi] 2026/07/31 17:52:41 logger.go:87: 2026-07-31 17:52:41.455 | 200 |       643.7µs |             ::1 | GET     | /api/v2/bots
[shibosi] 2026/07/31 17:52:44 logger.go:87: 2026-07-31 17:52:44.096 | 200 |            0s |             ::1 | GET     | /api/v1/admin/services
[shibosi] 2026/07/31 17:52:48 logger.go:87: 2026-07-31 17:52:48.262 | 200 |            0s |             ::1 | GET     | /api/health
[shibosi] 2026/07/31 17:52:58 logger.go:87: 2026-07-31 17:52:58.059 | 200 |    376.9525ms |             ::1 | POST    | /api/v1/auth/login
[shibosi] 2026/07/31 17:53:03 logger.go:87: 2026-07-31 17:53:03.254 | 200 |            0s |             ::1 | GET     | /api/health
[shibosi] 2026/07/31 17:53:04 logger.go:87: 2026-07-31 17:53:04.715 | 200 |            0s |             ::1 | POST    | /api/v1/auth/login
[shibosi] 2026/07/31 17:53:10 logger.go:87: 2026-07-31 17:53:10.188 | 200 |            0s |             ::1 | POST    | /api/v1/auth/login
[shibosi] 2026/07/31 17:53:18 logger.go:87: 2026-07-31 17:53:18.261 | 200 |            0s |             ::1 | GET     | /api/health
[shibosi] 2026/07/31 17:53:18 logger.go:87: 2026-07-31 17:53:18.918 | 200 |    404.9666ms |             ::1 | POST    | /api/v1/auth/login
[shibosi] 2026/07/31 17:53:28 logger.go:87: 2026-07-31 17:53:28.821 | 200 |            0s |             ::1 | GET     | /api/v1/admin/services
[shibosi] 2026/07/31 17:53:32 logger.go:87: 2026-07-31 17:53:32.358 | 200 |     19.7443ms |             ::1 | GET     | /api/v1/native/newspaper/overview
[shibosi] 2026/07/31 17:53:33 logger.go:87: 2026-07-31 17:53:33.260 | 200 |            0s |             ::1 | GET     | /api/health
[shibosi] 2026/07/31 17:53:35 logger.go:87: 2026-07-31 17:53:35.345 | 304 |       602.9µs |             ::1 | GET     | /admin/
[shibosi] 2026/07/31 17:53:35 logger.go:87: 2026-07-31 17:53:35.400 | 200 |            0s |             ::1 | GET     | /api/v1/admin/modules
[shibosi] 2026/07/31 17:53:35 logger.go:87: 2026-07-31 17:53:35.409 | 200 |       997.9µs |             ::1 | GET     | /api/v2/bots/stats
[shibosi] 2026/07/31 17:53:35 logger.go:87: 2026-07-31 17:53:35.418 | 200 |       999.3µs |             ::1 | GET     | /api/v2/bots
[shibosi] 2026/07/31 17:53:36 logger.go:87: 2026-07-31 17:53:36.866 | 200 |     15.4327ms |             ::1 | GET     | /api/v1/native/newspaper/overview
[shibosi] 2026/07/31 17:53:44 logger.go:87: 2026-07-31 17:53:44.045 | 200 |     43.0597ms |             ::1 | POST    | /api/v1/admin/services/user-service/start
[shibosi] 2026/07/31 17:53:47 logger.go:87: 2026-07-31 17:53:47.076 | 200 |            0s |             ::1 | GET     | /api/health
[shibosi] 2026/07/31 17:53:48 logger.go:87: 2026-07-31 17:53:48.262 | 200 |            0s |             ::1 | GET     | /api/health
[shibosi] 2026/07/31 17:53:57 logger.go:87: 2026-07-31 17:53:57.590 | 200 |            0s |             ::1 | GET     | /api/v1/admin/services/user-service
[shibosi] 2026/07/31 17:54:03 logger.go:87: 2026-07-31 17:54:03.259 | 200 |       509.4µs |             ::1 | GET     | /api/health
[shibosi] 2026/07/31 17:54:08 logger.go:87: 2026-07-31 17:54:08.590 | 200 |            0s |             ::1 | GET     | /api/v1/admin/services/search-engine
[shibosi] 2026/07/31 17:54:17 logger.go:87: 2026-07-31 17:54:17.981 | 200 |      2.9953ms |             ::1 | POST    | /api/v1/admin/services/user-service/stop
[shibosi] 2026/07/31 17:54:18 logger.go:87: 2026-07-31 17:54:18.263 | 200 |            0s |             ::1 | GET     | /api/health
[shibosi] 2026/07/31 17:54:32 logger.go:87: 2026-07-31 17:54:32.397 | 200 |            0s |             ::1 | GET     | /api/v1/admin/services/user-service
[shibosi] 2026/07/31 17:54:33 logger.go:87: 2026-07-31 17:54:33.272 | 200 |            0s |             ::1 | GET     | /api/health
[shibosi] 2026/07/31 17:54:46 logger.go:87: 2026-07-31 17:54:46.184 | 200 |     45.2453ms |             ::1 | POST    | /api/v1/admin/services/search-engine/start
[shibosi] 2026/07/31 17:54:48 logger.go:87: 2026-07-31 17:54:48.265 | 200 |            0s |             ::1 | GET     | /api/health
[shibosi] 2026/07/31 17:54:49 logger.go:87: 2026-07-31 17:54:49.200 | 200 |       541.6µs |             ::1 | GET     | /api/health
[shibosi] 2026/07/31 17:54:53 logger.go:87: 2026-07-31 17:54:53.822 | 304 |      1.9945ms |             ::1 | GET     | /admin/
[shibosi] 2026/07/31 17:54:54 logger.go:87: 2026-07-31 17:54:54.058 | 200 |      2.0011ms |             ::1 | GET     | /admin/app-v2.js?v=20260731h
[shibosi] 2026/07/31 17:54:54 logger.go:87: 2026-07-31 17:54:54.091 | 401 |            0s |             ::1 | GET     | /api/v1/admin/modules
[shibosi] 2026/07/31 17:54:55 logger.go:87: 2026-07-31 17:54:55.692 | 304 |       756.3µs |             ::1 | GET     | /admin/
[shibosi] 2026/07/31 17:54:55 logger.go:87: 2026-07-31 17:54:55.758 | 401 |            0s |             ::1 | GET     | /api/v1/admin/modules
[shibosi] 2026/07/31 17:54:57 logger.go:87: 2026-07-31 17:54:57.301 | 304 |       550.1µs |             ::1 | GET     | /admin/
[shibosi] 2026/07/31 17:54:57 logger.go:87: 2026-07-31 17:54:57.338 | 401 |            0s |             ::1 | GET     | /api/v1/admin/modules
[shibosi] 2026/07/31 17:54:58 logger.go:87: 2026-07-31 17:54:58.870 | 304 |       573.4µs |             ::1 | GET     | /admin/
[shibosi] 2026/07/31 17:54:58 logger.go:87: 2026-07-31 17:54:58.914 | 401 |            0s |             ::1 | GET     | /api/v1/admin/modules
[shibosi] 2026/07/31 17:55:00 logger.go:55: [INFO] 定时任务: Redis黑名单同步
[shibosi] 2026/07/31 17:55:00 logger.go:87: 2026-07-31 17:55:00.461 | 304 |      1.0025ms |             ::1 | GET     | /admin/
[shibosi] 2026/07/31 17:55:00 logger.go:87: 2026-07-31 17:55:00.502 | 401 |            0s |             ::1 | GET     | /api/v1/admin/modules
[shibosi] 2026/07/31 17:55:02 logger.go:87: 2026-07-31 17:55:02.030 | 304 |      1.5601ms |             ::1 | GET     | /admin/
[shibosi] 2026/07/31 17:55:02 logger.go:87: 2026-07-31 17:55:02.073 | 401 |            0s |             ::1 | GET     | /api/v1/admin/modules
[shibosi] 2026/07/31 17:55:03 logger.go:87: 2026-07-31 17:55:03.263 | 200 |            0s |             ::1 | GET     | /api/health
[shibosi] 2026/07/31 17:55:03 logger.go:87: 2026-07-31 17:55:03.616 | 304 |       995.3µs |             ::1 | GET     | /admin/
[shibosi] 2026/07/31 17:55:03 logger.go:87: 2026-07-31 17:55:03.663 | 401 |            0s |             ::1 | GET     | /api/v1/admin/modules
[shibosi] 2026/07/31 17:55:05 logger.go:87: 2026-07-31 17:55:05.198 | 304 |       995.9µs |             ::1 | GET     | /admin/
[shibosi] 2026/07/31 17:55:05 logger.go:87: 2026-07-31 17:55:05.251 | 401 |            0s |             ::1 | GET     | /api/v1/admin/modules
[shibosi] 2026/07/31 17:55:06 logger.go:87: 2026-07-31 17:55:06.802 | 304 |      1.0025ms |             ::1 | GET     | /admin/
[shibosi] 2026/07/31 17:55:06 logger.go:87: 2026-07-31 17:55:06.847 | 401 |            0s |             ::1 | GET     | /api/v1/admin/modules
[shibosi] 2026/07/31 17:55:08 logger.go:87: 2026-07-31 17:55:08.386 | 304 |      1.1364ms |             ::1 | GET     | /admin/
[shibosi] 2026/07/31 17:55:08 logger.go:87: 2026-07-31 17:55:08.434 | 401 |       531.8µs |             ::1 | GET     | /api/v1/admin/modules
[shibosi] 2026/07/31 17:55:09 logger.go:87: 2026-07-31 17:55:09.960 | 304 |       563.5µs |             ::1 | GET     | /admin/
[shibosi] 2026/07/31 17:55:10 logger.go:87: 2026-07-31 17:55:10.002 | 401 |            0s |             ::1 | GET     | /api/v1/admin/modules
[shibosi] 2026/07/31 17:55:11 logger.go:87: 2026-07-31 17:55:11.545 | 304 |      1.0005ms |             ::1 | GET     | /admin/
[shibosi] 2026/07/31 17:55:11 logger.go:87: 2026-07-31 17:55:11.651 | 401 |            0s |             ::1 | GET     | /api/v1/admin/modules
[shibosi] 2026/07/31 17:55:13 logger.go:87: 2026-07-31 17:55:13.256 | 304 |            0s |             ::1 | GET     | /admin/
[shibosi] 2026/07/31 17:55:18 logger.go:87: 2026-07-31 17:55:18.251 | 200 |            0s |             ::1 | GET     | /api/health
[shibosi] 2026/07/31 17:55:24 logger.go:87: 2026-07-31 17:55:24.130 | 200 |    371.3009ms |             ::1 | POST    | /api/v1/auth/login
[shibosi] 2026/07/31 17:55:31 logger.go:87: 2026-07-31 17:55:31.274 | 200 |     324.972ms |             ::1 | POST    | /api/v1/auth/login
[shibosi] 2026/07/31 17:55:31 logger.go:87: 2026-07-31 17:55:31.282 | 304 |            0s |             ::1 | GET     | /admin/
[shibosi] 2026/07/31 17:55:31 logger.go:87: 2026-07-31 17:55:31.315 | 200 |      1.0002ms |             ::1 | GET     | /api/v1/admin/modules
[shibosi] 2026/07/31 17:55:31 logger.go:87: 2026-07-31 17:55:31.351 | 200 |            0s |             ::1 | GET     | /api/v2/bots/stats
[shibosi] 2026/07/31 17:55:31 logger.go:87: 2026-07-31 17:55:31.436 | 200 |            0s |             ::1 | GET     | /api/v2/bots
[shibosi] 2026/07/31 17:55:33 logger.go:87: 2026-07-31 17:55:33.265 | 200 |            0s |             ::1 | GET     | /api/health
[shibosi] 2026/07/31 17:55:48 logger.go:87: 2026-07-31 17:55:48.262 | 200 |            0s |             ::1 | GET     | /api/health
[shibosi] 2026/07/31 17:56:03 logger.go:87: 2026-07-31 17:56:03.266 | 200 |            0s |             ::1 | GET     | /api/health
[shibosi] 2026/07/31 17:56:13 logger.go:87: 2026-07-31 17:56:13.390 | 200 |         997µs |             ::1 | GET     | /api/v1/admin/services
[shibosi] 2026/07/31 17:56:18 logger.go:87: 2026-07-31 17:56:18.263 | 200 |            0s |             ::1 | GET     | /api/health
[shibosi] 2026/07/31 17:56:33 logger.go:87: 2026-07-31 17:56:33.260 | 200 |            0s |             ::1 | GET     | /api/health
[shibosi] 2026/07/31 17:56:48 logger.go:87: 2026-07-31 17:56:48.268 | 200 |            0s |             ::1 | GET     | /api/health
[shibosi] 2026/07/31 17:57:03 logger.go:87: 2026-07-31 17:57:03.265 | 200 |            0s |             ::1 | GET     | /api/health
[shibosi] 2026/07/31 17:57:18 logger.go:87: 2026-07-31 17:57:18.262 | 200 |            0s |             ::1 | GET     | /api/health
[shibosi] 2026/07/31 17:57:33 logger.go:87: 2026-07-31 17:57:33.262 | 200 |            0s |             ::1 | GET     | /api/health
[shibosi] 2026/07/31 17:57:48 logger.go:87: 2026-07-31 17:57:48.262 | 200 |            0s |             ::1 | GET     | /api/health
[shibosi] 2026/07/31 17:58:03 logger.go:87: 2026-07-31 17:58:03.261 | 200 |       535.4µs |             ::1 | GET     | /api/health
[shibosi] 2026/07/31 17:58:18 logger.go:87: 2026-07-31 17:58:18.252 | 200 |            0s |             ::1 | GET     | /api/health
[shibosi] 2026/07/31 17:58:33 logger.go:87: 2026-07-31 17:58:33.275 | 200 |            0s |             ::1 | GET     | /api/health
[shibosi] 2026/07/31 17:58:48 logger.go:87: 2026-07-31 17:58:48.266 | 200 |       525.4µs |             ::1 | GET     | /api/health
[shibosi] 2026/07/31 17:58:52 logger.go:87: 2026-07-31 17:58:52.423 | 200 |     50.8012ms |             ::1 | POST    | /api/v1/admin/services/user-service/start
[shibosi] 2026/07/31 17:58:53 logger.go:87: 2026-07-31 17:58:53.940 | 200 |            0s |             ::1 | GET     | /api/v1/admin/services/user-service
[shibosi] 2026/07/31 17:58:55 logger.go:87: 2026-07-31 17:58:55.445 | 200 |            0s |             ::1 | GET     | /api/health
[shibosi] 2026/07/31 17:58:55 logger.go:87: 2026-07-31 17:58:55.962 | 200 |            0s |             ::1 | GET     | /api/v1/admin/services/user-service
[shibosi] 2026/07/31 17:58:57 logger.go:87: 2026-07-31 17:58:57.985 | 200 |            0s |             ::1 | GET     | /api/v1/admin/services/user-service
[shibosi] 2026/07/31 17:59:00 logger.go:87: 2026-07-31 17:59:00.007 | 200 |            0s |             ::1 | GET     | /api/v1/admin/services/user-service
[shibosi] 2026/07/31 17:59:02 logger.go:87: 2026-07-31 17:59:02.025 | 200 |            0s |             ::1 | GET     | /api/v1/admin/services/user-service
[shibosi] 2026/07/31 17:59:03 logger.go:87: 2026-07-31 17:59:03.260 | 200 |            0s |             ::1 | GET     | /api/health
[shibosi] 2026/07/31 17:59:04 logger.go:87: 2026-07-31 17:59:04.036 | 200 |            0s |             ::1 | GET     | /api/v1/admin/services/user-service
[shibosi] 2026/07/31 17:59:06 logger.go:87: 2026-07-31 17:59:06.050 | 200 |            0s |             ::1 | GET     | /api/v1/admin/services/user-service
[shibosi] 2026/07/31 17:59:06 logger.go:87: 2026-07-31 17:59:06.796 | 200 |            0s |             ::1 | GET     | /api/health
[shibosi] 2026/07/31 17:59:06 logger.go:87: 2026-07-31 17:59:06.805 | 200 |     23.6828ms |             ::1 | POST    | /api/v1/admin/services/refresh
[shibosi] 2026/07/31 17:59:06 logger.go:87: 2026-07-31 17:59:06.812 | 200 |            0s |             ::1 | GET     | /api/v1/admin/services
[shibosi] 2026/07/31 17:59:08 logger.go:87: 2026-07-31 17:59:08.070 | 200 |            0s |             ::1 | GET     | /api/v1/admin/services/user-service
[shibosi] 2026/07/31 17:59:10 logger.go:87: 2026-07-31 17:59:10.081 | 200 |            0s |             ::1 | GET     | /api/v1/admin/services/user-service
[shibosi] 2026/07/31 17:59:12 logger.go:87: 2026-07-31 17:59:12.099 | 200 |            0s |             ::1 | GET     | /api/v1/admin/services/user-service
[shibosi] 2026/07/31 17:59:14 logger.go:87: 2026-07-31 17:59:14.124 | 200 |       497.1µs |             ::1 | GET     | /api/v1/admin/services
[shibosi] 2026/07/31 17:59:18 logger.go:87: 2026-07-31 17:59:18.262 | 200 |            0s |             ::1 | GET     | /api/health
[shibosi] 2026/07/31 17:59:33 logger.go:87: 2026-07-31 17:59:33.265 | 200 |            0s |             ::1 | GET     | /api/health
[shibosi] 2026/07/31 17:59:42 logger.go:87: 2026-07-31 17:59:42.322 | 200 |            0s |             ::1 | GET     | /api/v1/admin/services/user-service
[shibosi] 2026/07/31 17:59:48 logger.go:87: 2026-07-31 17:59:48.252 | 200 |            0s |             ::1 | GET     | /api/health
[shibosi] 2026/07/31 18:00:00 logger.go:55: [INFO] 定时任务: Redis黑名单同步
[shibosi] 2026/07/31 18:00:03 logger.go:87: 2026-07-31 18:00:03.263 | 200 |            0s |             ::1 | GET     | /api/health
[shibosi] 2026/07/31 18:00:18 logger.go:87: 2026-07-31 18:00:18.251 | 200 |            0s |             ::1 | GET     | /api/health
[shibosi] 2026/07/31 18:00:33 logger.go:87: 2026-07-31 18:00:33.268 | 200 |       520.5µs |             ::1 | GET     | /api/health
[shibosi] 2026/07/31 18:00:48 logger.go:87: 2026-07-31 18:00:48.253 | 200 |            0s |             ::1 | GET     | /api/health
[shibosi] 2026/07/31 18:01:03 logger.go:87: 2026-07-31 18:01:03.266 | 200 |            0s |             ::1 | GET     | /api/health
[shibosi] 2026/07/31 18:01:18 logger.go:87: 2026-07-31 18:01:18.264 | 200 |            0s |             ::1 | GET     | /api/health
[shibosi] 2026/07/31 18:01:33 logger.go:87: 2026-07-31 18:01:33.260 | 200 |        62.8µs |             ::1 | GET     | /api/health
[shibosi] 2026/07/31 18:01:48 logger.go:87: 2026-07-31 18:01:48.266 | 200 |            0s |             ::1 | GET     | /api/health
[shibosi] 2026/07/31 18:02:03 logger.go:87: 2026-07-31 18:02:03.257 | 200 |            0s |             ::1 | GET     | /api/health
[shibosi] 2026/07/31 18:02:18 logger.go:87: 2026-07-31 18:02:18.267 | 200 |            0s |             ::1 | GET     | /api/health
[shibosi] 2026/07/31 18:02:33 logger.go:87: 2026-07-31 18:02:33.266 | 200 |            0s |             ::1 | GET     | /api/health
[shibosi] 2026/07/31 18:02:48 logger.go:87: 2026-07-31 18:02:48.265 | 200 |            0s |             ::1 | GET     | /api/health
[shibosi] 2026/07/31 18:03:03 logger.go:87: 2026-07-31 18:03:03.270 | 200 |            0s |             ::1 | GET     | /api/health
[shibosi] 2026/07/31 18:03:18 logger.go:87: 2026-07-31 18:03:18.264 | 200 |            0s |             ::1 | GET     | /api/health
[shibosi] 2026/07/31 18:03:33 logger.go:87: 2026-07-31 18:03:33.257 | 200 |            0s |             ::1 | GET     | /api/health
[shibosi] 2026/07/31 18:03:48 logger.go:87: 2026-07-31 18:03:48.266 | 200 |            0s |             ::1 | GET     | /api/health
[shibosi] 2026/07/31 18:03:54 logger.go:87: 2026-07-31 18:03:54.416 | 200 |      2.1973ms |             ::1 | POST    | /api/v1/admin/services/user-service/stop
[shibosi] 2026/07/31 18:04:00 logger.go:87: 2026-07-31 18:04:00.634 | 200 |       801.2µs |             ::1 | GET     | /admin/
[shibosi] 2026/07/31 18:04:00 logger.go:87: 2026-07-31 18:04:00.650 | 200 |      1.8839ms |             ::1 | GET     | /admin/app-v2.js?v=20260731i
[shibosi] 2026/07/31 18:04:00 logger.go:87: 2026-07-31 18:04:00.673 | 200 |      3.0009ms |             ::1 | GET     | /api/v1/admin/modules
[shibosi] 2026/07/31 18:04:00 logger.go:87: 2026-07-31 18:04:00.686 | 200 |       999.5µs |             ::1 | GET     | /api/v2/bots/stats
[shibosi] 2026/07/31 18:04:00 logger.go:87: 2026-07-31 18:04:00.696 | 200 |         558µs |             ::1 | GET     | /api/v2/bots
[shibosi] 2026/07/31 18:04:03 logger.go:87: 2026-07-31 18:04:03.253 | 200 |            0s |             ::1 | GET     | /api/health
[shibosi] 2026/07/31 18:04:06 logger.go:87: 2026-07-31 18:04:06.909 | 200 |       491.2µs |             ::1 | GET     | /api/v1/admin/services
[shibosi] 2026/07/31 18:04:18 logger.go:87: 2026-07-31 18:04:18.266 | 200 |            0s |             ::1 | GET     | /api/health
[shibosi] 2026/07/31 18:04:33 logger.go:87: 2026-07-31 18:04:33.264 | 200 |            0s |             ::1 | GET     | /api/health
[shibosi] 2026/07/31 18:04:48 logger.go:87: 2026-07-31 18:04:48.261 | 200 |            0s |             ::1 | GET     | /api/health
[shibosi] 2026/07/31 18:05:00 logger.go:55: [INFO] 定时任务: Redis黑名单同步
[shibosi] 2026/07/31 18:05:03 logger.go:87: 2026-07-31 18:05:03.264 | 200 |            0s |             ::1 | GET     | /api/health
[shibosi] 2026/07/31 18:05:18 logger.go:87: 2026-07-31 18:05:18.266 | 200 |            0s |             ::1 | GET     | /api/health
[shibosi] 2026/07/31 18:05:33 logger.go:87: 2026-07-31 18:05:33.267 | 200 |            0s |             ::1 | GET     | /api/health
[shibosi] 2026/07/31 18:05:48 logger.go:87: 2026-07-31 18:05:48.253 | 200 |        54.3µs |             ::1 | GET     | /api/health
[shibosi] 2026/07/31 18:06:03 logger.go:87: 2026-07-31 18:06:03.262 | 200 |            0s |             ::1 | GET     | /api/health
[shibosi] 2026/07/31 18:06:18 logger.go:87: 2026-07-31 18:06:18.266 | 200 |            0s |             ::1 | GET     | /api/health
[shibosi] 2026/07/31 18:06:33 logger.go:87: 2026-07-31 18:06:33.540 | 200 |            0s |             ::1 | GET     | /api/health
[shibosi] 2026/07/31 18:06:48 logger.go:87: 2026-07-31 18:06:48.276 | 200 |       527.1µs |             ::1 | GET     | /api/health
[shibosi] 2026/07/31 18:07:03 logger.go:87: 2026-07-31 18:07:03.267 | 200 |      1.0257ms |             ::1 | GET     | /api/health
[shibosi] 2026/07/31 18:07:18 logger.go:87: 2026-07-31 18:07:18.254 | 200 |            0s |             ::1 | GET     | /api/health
[shibosi] 2026/07/31 18:07:33 logger.go:87: 2026-07-31 18:07:33.262 | 200 |            0s |             ::1 | GET     | /api/health
[shibosi] 2026/07/31 18:07:48 logger.go:87: 2026-07-31 18:07:48.256 | 200 |            0s |             ::1 | GET     | /api/health
[shibosi] 2026/07/31 18:08:03 logger.go:87: 2026-07-31 18:08:03.263 | 200 |            0s |             ::1 | GET     | /api/health
[shibosi] 2026/07/31 18:08:18 logger.go:87: 2026-07-31 18:08:18.261 | 200 |            0s |             ::1 | GET     | /api/health
[shibosi] 2026/07/31 18:08:33 logger.go:87: 2026-07-31 18:08:33.256 | 200 |            0s |             ::1 | GET     | /api/health
[shibosi] 2026/07/31 18:08:48 logger.go:87: 2026-07-31 18:08:48.262 | 200 |            0s |             ::1 | GET     | /api/health
[shibosi] 2026/07/31 18:09:03 logger.go:87: 2026-07-31 18:09:03.261 | 200 |            0s |             ::1 | GET     | /api/health
[shibosi] 2026/07/31 18:09:18 logger.go:87: 2026-07-31 18:09:18.264 | 200 |            0s |             ::1 | GET     | /api/health
[shibosi] 2026/07/31 18:09:33 logger.go:87: 2026-07-31 18:09:33.265 | 200 |            0s |             ::1 | GET     | /api/health
[shibosi] 2026/07/31 18:09:48 logger.go:87: 2026-07-31 18:09:48.257 | 200 |        61.3µs |             ::1 | GET     | /api/health
[shibosi] 2026/07/31 18:10:00 logger.go:55: [INFO] 定时任务: Redis黑名单同步
[shibosi] 2026/07/31 18:10:03 logger.go:87: 2026-07-31 18:10:03.258 | 200 |            0s |             ::1 | GET     | /api/health
[shibosi] 2026/07/31 18:10:18 logger.go:87: 2026-07-31 18:10:18.266 | 200 |            0s |             ::1 | GET     | /api/health
[shibosi] 2026/07/31 18:10:33 logger.go:87: 2026-07-31 18:10:33.264 | 200 |            0s |             ::1 | GET     | /api/health
[shibosi] 2026/07/31 18:10:48 logger.go:87: 2026-07-31 18:10:48.258 | 200 |            0s |             ::1 | GET     | /api/health
[shibosi] 2026/07/31 18:11:03 logger.go:87: 2026-07-31 18:11:03.261 | 200 |            0s |             ::1 | GET     | /api/health
[shibosi] 2026/07/31 18:11:18 logger.go:87: 2026-07-31 18:11:18.266 | 200 |            0s |             ::1 | GET     | /api/health
[shibosi] 2026/07/31 18:11:33 logger.go:87: 2026-07-31 18:11:33.257 | 200 |        24.5µs |             ::1 | GET     | /api/health
[shibosi] 2026/07/31 18:11:48 logger.go:87: 2026-07-31 18:11:48.262 | 200 |       535.2µs |             ::1 | GET     | /api/health
[shibosi] 2026/07/31 18:12:03 logger.go:87: 2026-07-31 18:12:03.254 | 200 |            0s |             ::1 | GET     | /api/health
[shibosi] 2026/07/31 18:12:18 logger.go:87: 2026-07-31 18:12:18.265 | 200 |            0s |             ::1 | GET     | /api/health
[shibosi] 2026/07/31 18:12:33 logger.go:87: 2026-07-31 18:12:33.261 | 200 |            0s |             ::1 | GET     | /api/health
[shibosi] 2026/07/31 18:12:48 logger.go:87: 2026-07-31 18:12:48.258 | 200 |            0s |             ::1 | GET     | /api/health
[shibosi] 2026/07/31 18:13:03 logger.go:87: 2026-07-31 18:13:03.259 | 200 |            0s |             ::1 | GET     | /api/health
[shibosi] 2026/07/31 18:13:18 logger.go:87: 2026-07-31 18:13:18.261 | 200 |            0s |             ::1 | GET     | /api/health
[shibosi] 2026/07/31 18:13:33 logger.go:87: 2026-07-31 18:13:33.260 | 200 |            0s |             ::1 | GET     | /api/health
[shibosi] 2026/07/31 18:13:48 logger.go:87: 2026-07-31 18:13:48.261 | 200 |            0s |             ::1 | GET     | /api/health
[shibosi] 2026/07/31 18:14:03 logger.go:87: 2026-07-31 18:14:03.261 | 200 |            0s |             ::1 | GET     | /api/health
[shibosi] 2026/07/31 18:14:18 logger.go:87: 2026-07-31 18:14:18.261 | 200 |            0s |             ::1 | GET     | /api/health
[shibosi] 2026/07/31 18:14:33 logger.go:87: 2026-07-31 18:14:33.253 | 200 |            0s |             ::1 | GET     | /api/health
[shibosi] 2026/07/31 18:14:48 logger.go:87: 2026-07-31 18:14:48.261 | 200 |            0s |             ::1 | GET     | /api/health
[shibosi] 2026/07/31 18:15:00 logger.go:55: [INFO] 定时任务: Redis黑名单同步
[shibosi] 2026/07/31 18:15:03 logger.go:87: 2026-07-31 18:15:03.259 | 200 |            0s |             ::1 | GET     | /api/health
[shibosi] 2026/07/31 18:15:18 logger.go:87: 2026-07-31 18:15:18.257 | 200 |            0s |             ::1 | GET     | /api/health
[shibosi] 2026/07/31 18:15:33 logger.go:87: 2026-07-31 18:15:33.264 | 200 |            0s |             ::1 | GET     | /api/health
[shibosi] 2026/07/31 18:15:48 logger.go:87: 2026-07-31 18:15:48.265 | 200 |            0s |             ::1 | GET     | /api/health
[shibosi] 2026/07/31 18:16:03 logger.go:87: 2026-07-31 18:16:03.252 | 200 |            0s |             ::1 | GET     | /api/health
[shibosi] 2026/07/31 18:16:18 logger.go:87: 2026-07-31 18:16:18.262 | 200 |            0s |             ::1 | GET     | /api/health
[shibosi] 2026/07/31 18:16:33 logger.go:87: 2026-07-31 18:16:33.258 | 200 |            0s |             ::1 | GET     | /api/health
[shibosi] 2026/07/31 18:16:48 logger.go:87: 2026-07-31 18:16:48.260 | 200 |            0s |             ::1 | GET     | /api/health
[shibosi] 2026/07/31 18:16:53 logger.go:55: [INFO] 正在关闭服务...
[shibosi] 2026/07/31 18:16:54 logger.go:55: [INFO] 服务已安全关闭
[shibosi] 2026/07/31 21:45:29 logger.go:55: [INFO] 定时任务已注册
[shibosi] 2026/07/31 21:45:29 logger.go:55: [INFO] 市舶司 v2 后台已就绪 - 6 大模块全部启用
[shibosi] 2026/07/31 21:45:29 logger.go:55: [INFO] 访问: http://localhost:8084/admin
[shibosi] 2026/07/31 21:45:29 logger.go:55: [INFO] ========================================
[shibosi] 2026/07/31 21:45:29 logger.go:55: [INFO]   市舶司 - 统一管理后台 v2.0
[shibosi] 2026/07/31 21:45:29 logger.go:55: [INFO] ========================================
[shibosi] 2026/07/31 21:45:29 logger.go:55: [INFO] 监听地址: http://localhost:8084
[shibosi] 2026/07/31 21:45:29 logger.go:55: [INFO] 管理面板: http://localhost:8084/admin
[shibosi] 2026/07/31 21:45:29 logger.go:55: [INFO] API文档:  http://localhost:8084/api/v1
[shibosi] 2026/07/31 21:45:29 logger.go:55: [INFO] ========================================
[shibosi] 2026/07/31 21:45:45 logger.go:87: 2026-07-31 21:45:45.000 | 200 |       521.4µs |             ::1 | GET     | /api/health
[shibosi] 2026/07/31 21:45:59 logger.go:87: 2026-07-31 21:45:59.843 | 200 |            0s |             ::1 | GET     | /api/health
[shibosi] 2026/07/31 21:46:14 logger.go:87: 2026-07-31 21:46:14.848 | 200 |            0s |             ::1 | GET     | /api/health
[shibosi] 2026/07/31 21:46:29 logger.go:87: 2026-07-31 21:46:29.851 | 200 |            0s |             ::1 | GET     | /api/health
[shibosi] 2026/07/31 21:46:44 logger.go:87: 2026-07-31 21:46:44.850 | 200 |       522.2µs |             ::1 | GET     | /api/health
[shibosi] 2026/07/31 21:46:59 logger.go:87: 2026-07-31 21:46:59.852 | 200 |            0s |             ::1 | GET     | /api/health
[shibosi] 2026/07/31 21:47:14 logger.go:87: 2026-07-31 21:47:14.856 | 200 |            0s |             ::1 | GET     | /api/health
[shibosi] 2026/07/31 21:47:29 logger.go:87: 2026-07-31 21:47:29.856 | 200 |            0s |             ::1 | GET     | /api/health
[shibosi] 2026/07/31 21:47:34 logger.go:87: 2026-07-31 21:47:34.282 | 204 |            0s |             ::1 | OPTIONS | /api/v1/user/data
[shibosi] 2026/07/31 21:47:34 logger.go:87: 2026-07-31 21:47:34.288 | 401 |            0s |             ::1 | GET     | /api/v1/user/data
[shibosi] 2026/07/31 21:47:39 logger.go:87: 2026-07-31 21:47:39.268 | 401 |            0s |             ::1 | GET     | /api/v1/user/data
[shibosi] 2026/07/31 21:47:39 logger.go:87: 2026-07-31 21:47:39.284 | 401 |            0s |             ::1 | GET     | /api/v1/user/data
[shibosi] 2026/07/31 21:47:44 logger.go:87: 2026-07-31 21:47:44.858 | 200 |            0s |             ::1 | GET     | /api/health
[shibosi] 2026/07/31 21:47:50 logger.go:87: 2026-07-31 21:47:50.567 | 401 |       126.8µs |             ::1 | GET     | /api/v1/user/data
[shibosi] 2026/07/31 21:47:50 logger.go:87: 2026-07-31 21:47:50.576 | 401 |            0s |             ::1 | GET     | /api/v1/user/data
[shibosi] 2026/07/31 21:47:59 logger.go:87: 2026-07-31 21:47:59.853 | 200 |            0s |             ::1 | GET     | /api/health
[shibosi] 2026/07/31 21:48:14 logger.go:87: 2026-07-31 21:48:14.848 | 200 |            0s |             ::1 | GET     | /api/health
[shibosi] 2026/07/31 21:48:29 logger.go:87: 2026-07-31 21:48:29.857 | 200 |            0s |             ::1 | GET     | /api/health
[shibosi] 2026/07/31 21:48:44 logger.go:87: 2026-07-31 21:48:44.848 | 200 |       509.3µs |             ::1 | GET     | /api/health
[shibosi] 2026/07/31 21:49:00 logger.go:87: 2026-07-31 21:49:00.118 | 200 |            0s |             ::1 | GET     | /api/health
[shibosi] 2026/07/31 21:49:14 logger.go:87: 2026-07-31 21:49:14.849 | 200 |       549.3µs |             ::1 | GET     | /api/health
[shibosi] 2026/07/31 21:49:29 logger.go:87: 2026-07-31 21:49:29.771 | 401 |            0s |             ::1 | GET     | /api/v1/user/data
[shibosi] 2026/07/31 21:49:29 logger.go:87: 2026-07-31 21:49:29.780 | 401 |            0s |             ::1 | GET     | /api/v1/user/data
[shibosi] 2026/07/31 21:49:29 logger.go:87: 2026-07-31 21:49:29.872 | 200 |            0s |             ::1 | GET     | /api/health
[shibosi] 2026/07/31 21:49:44 logger.go:87: 2026-07-31 21:49:44.844 | 200 |            0s |             ::1 | GET     | /api/health
[shibosi] 2026/07/31 21:49:59 logger.go:87: 2026-07-31 21:49:59.843 | 200 |          29µs |             ::1 | GET     | /api/health
[shibosi] 2026/07/31 21:50:00 logger.go:55: [INFO] 定时任务: Redis黑名单同步
[shibosi] 2026/07/31 21:50:14 logger.go:87: 2026-07-31 21:50:14.928 | 200 |            0s |             ::1 | GET     | /api/health
[shibosi] 2026/07/31 21:50:29 logger.go:87: 2026-07-31 21:50:29.844 | 200 |            0s |             ::1 | GET     | /api/health
[shibosi] 2026/07/31 21:50:44 logger.go:87: 2026-07-31 21:50:44.848 | 200 |            0s |             ::1 | GET     | /api/health
[shibosi] 2026/07/31 21:50:59 logger.go:87: 2026-07-31 21:50:59.854 | 200 |            0s |             ::1 | GET     | /api/health
[shibosi] 2026/07/31 21:51:14 logger.go:87: 2026-07-31 21:51:14.852 | 200 |            0s |             ::1 | GET     | /api/health
[shibosi] 2026/07/31 21:51:29 logger.go:87: 2026-07-31 21:51:29.852 | 200 |            0s |             ::1 | GET     | /api/health
[shibosi] 2026/07/31 21:51:44 logger.go:87: 2026-07-31 21:51:44.847 | 200 |            0s |             ::1 | GET     | /api/health
[shibosi] 2026/07/31 21:51:59 logger.go:87: 2026-07-31 21:51:59.847 | 200 |            0s |             ::1 | GET     | /api/health
[shibosi] 2026/07/31 21:52:14 logger.go:87: 2026-07-31 21:52:14.860 | 200 |            0s |             ::1 | GET     | /api/health
[shibosi] 2026/07/31 21:52:29 logger.go:87: 2026-07-31 21:52:29.843 | 200 |       522.1µs |             ::1 | GET     | /api/health
[shibosi] 2026/07/31 21:52:44 logger.go:87: 2026-07-31 21:52:44.855 | 200 |       522.2µs |             ::1 | GET     | /api/health
[shibosi] 2026/07/31 21:52:59 logger.go:87: 2026-07-31 21:52:59.855 | 200 |            0s |             ::1 | GET     | /api/health
[shibosi] 2026/07/31 21:53:14 logger.go:87: 2026-07-31 21:53:14.857 | 200 |            0s |             ::1 | GET     | /api/health
[shibosi] 2026/07/31 21:53:29 logger.go:87: 2026-07-31 21:53:29.844 | 200 |        13.3µs |             ::1 | GET     | /api/health
[shibosi] 2026/07/31 21:53:44 logger.go:87: 2026-07-31 21:53:44.867 | 200 |            0s |             ::1 | GET     | /api/health
[shibosi] 2026/07/31 21:53:59 logger.go:87: 2026-07-31 21:53:59.855 | 200 |            0s |             ::1 | GET     | /api/health
[shibosi] 2026/07/31 21:54:14 logger.go:87: 2026-07-31 21:54:14.889 | 200 |            0s |             ::1 | GET     | /api/health
[shibosi] 2026/07/31 21:54:29 logger.go:87: 2026-07-31 21:54:29.860 | 200 |            0s |             ::1 | GET     | /api/health
[shibosi] 2026/07/31 21:54:44 logger.go:87: 2026-07-31 21:54:44.848 | 200 |            0s |             ::1 | GET     | /api/health
[shibosi] 2026/07/31 21:54:59 logger.go:87: 2026-07-31 21:54:59.854 | 200 |            0s |             ::1 | GET     | /api/health
[shibosi] 2026/07/31 21:55:00 logger.go:55: [INFO] 定时任务: Redis黑名单同步
[shibosi] 2026/07/31 21:55:14 logger.go:87: 2026-07-31 21:55:14.858 | 200 |            0s |             ::1 | GET     | /api/health
[shibosi] 2026/07/31 21:55:29 logger.go:87: 2026-07-31 21:55:29.855 | 200 |            0s |             ::1 | GET     | /api/health
[shibosi] 2026/07/31 21:55:44 logger.go:87: 2026-07-31 21:55:44.857 | 200 |            0s |             ::1 | GET     | /api/health
[shibosi] 2026/07/31 21:55:59 logger.go:87: 2026-07-31 21:55:59.843 | 200 |            0s |             ::1 | GET     | /api/health
[shibosi] 2026/07/31 21:56:14 logger.go:87: 2026-07-31 21:56:14.843 | 200 |            0s |             ::1 | GET     | /api/health
[shibosi] 2026/07/31 21:56:29 logger.go:87: 2026-07-31 21:56:29.891 | 200 |            0s |             ::1 | GET     | /api/health
[shibosi] 2026/07/31 21:56:44 logger.go:87: 2026-07-31 21:56:44.862 | 200 |            0s |             ::1 | GET     | /api/health
[shibosi] 2026/07/31 21:56:59 logger.go:87: 2026-07-31 21:56:59.856 | 200 |            0s |             ::1 | GET     | /api/health
[shibosi] 2026/07/31 21:57:14 logger.go:87: 2026-07-31 21:57:14.859 | 200 |            0s |             ::1 | GET     | /api/health
[shibosi] 2026/07/31 21:57:29 logger.go:87: 2026-07-31 21:57:29.857 | 200 |            0s |             ::1 | GET     | /api/health
[shibosi] 2026/07/31 21:57:44 logger.go:87: 2026-07-31 21:57:44.850 | 200 |            0s |             ::1 | GET     | /api/health
[shibosi] 2026/07/31 21:57:59 logger.go:87: 2026-07-31 21:57:59.851 | 200 |            0s |             ::1 | GET     | /api/health
[shibosi] 2026/07/31 21:58:14 logger.go:87: 2026-07-31 21:58:14.854 | 200 |            0s |             ::1 | GET     | /api/health
[shibosi] 2026/07/31 21:58:29 logger.go:87: 2026-07-31 21:58:29.844 | 200 |            0s |             ::1 | GET     | /api/health
[shibosi] 2026/07/31 21:58:44 logger.go:87: 2026-07-31 21:58:44.855 | 200 |        23.7µs |             ::1 | GET     | /api/health
[shibosi] 2026/07/31 21:58:59 logger.go:87: 2026-07-31 21:58:59.849 | 200 |       521.9µs |             ::1 | GET     | /api/health
[shibosi] 2026/07/31 21:59:14 logger.go:87: 2026-07-31 21:59:14.848 | 200 |            0s |             ::1 | GET     | /api/health
[shibosi] 2026/07/31 21:59:29 logger.go:87: 2026-07-31 21:59:29.848 | 200 |            0s |             ::1 | GET     | /api/health
[shibosi] 2026/07/31 21:59:44 logger.go:87: 2026-07-31 21:59:44.855 | 200 |            0s |             ::1 | GET     | /api/health
[shibosi] 2026/07/31 21:59:59 logger.go:87: 2026-07-31 21:59:59.857 | 200 |            0s |             ::1 | GET     | /api/health
[shibosi] 2026/07/31 22:00:00 logger.go:55: [INFO] 定时任务: Redis黑名单同步
[shibosi] 2026/07/31 22:00:14 logger.go:87: 2026-07-31 22:00:14.853 | 200 |            0s |             ::1 | GET     | /api/health
[shibosi] 2026/07/31 22:00:29 logger.go:87: 2026-07-31 22:00:29.855 | 200 |            0s |             ::1 | GET     | /api/health
[shibosi] 2026/07/31 22:00:44 logger.go:87: 2026-07-31 22:00:44.847 | 200 |            0s |             ::1 | GET     | /api/health
[shibosi] 2026/07/31 22:00:59 logger.go:87: 2026-07-31 22:00:59.850 | 200 |            0s |             ::1 | GET     | /api/health
[shibosi] 2026/07/31 22:01:14 logger.go:87: 2026-07-31 22:01:14.851 | 200 |            0s |             ::1 | GET     | /api/health
[shibosi] 2026/07/31 22:01:29 logger.go:87: 2026-07-31 22:01:29.846 | 200 |            0s |             ::1 | GET     | /api/health
[shibosi] 2026/07/31 22:01:44 logger.go:87: 2026-07-31 22:01:44.853 | 200 |            0s |             ::1 | GET     | /api/health
[shibosi] 2026/07/31 22:01:59 logger.go:87: 2026-07-31 22:01:59.853 | 200 |            0s |             ::1 | GET     | /api/health
[shibosi] 2026/07/31 22:02:14 logger.go:87: 2026-07-31 22:02:14.844 | 200 |            0s |             ::1 | GET     | /api/health
[shibosi] 2026/07/31 22:02:29 logger.go:87: 2026-07-31 22:02:29.854 | 200 |            0s |             ::1 | GET     | /api/health
[shibosi] 2026/07/31 22:02:44 logger.go:87: 2026-07-31 22:02:44.844 | 200 |            0s |             ::1 | GET     | /api/health
[shibosi] 2026/07/31 22:02:59 logger.go:87: 2026-07-31 22:02:59.845 | 200 |            0s |             ::1 | GET     | /api/health
[shibosi] 2026/07/31 22:03:14 logger.go:87: 2026-07-31 22:03:14.858 | 200 |        53.3µs |             ::1 | GET     | /api/health
[shibosi] 2026/07/31 22:03:29 logger.go:87: 2026-07-31 22:03:29.947 | 200 |       503.1µs |             ::1 | GET     | /api/health
[shibosi] 2026/07/31 22:03:45 logger.go:87: 2026-07-31 22:03:45.392 | 200 |            0s |             ::1 | GET     | /api/health
[shibosi] 2026/07/31 22:03:52 logger.go:87: 2026-07-31 22:03:52.572 | 204 |            0s |             ::1 | OPTIONS | /api/v1/auth/login
[shibosi] 2026/07/31 22:03:52 logger.go:87: 2026-07-31 22:03:52.648 | 200 |     24.8321ms |             ::1 | POST    | /api/v1/auth/login
[shibosi] 2026/07/31 22:03:55 logger.go:87: 2026-07-31 22:03:55.185 | 200 |         550µs |             ::1 | POST    | /api/v1/auth/login
[shibosi] 2026/07/31 22:03:55 logger.go:87: 2026-07-31 22:03:55.605 | 200 |      6.1349ms |             ::1 | POST    | /api/v1/auth/login
[shibosi] 2026/07/31 22:03:55 logger.go:87: 2026-07-31 22:03:55.773 | 200 |      3.9774ms |             ::1 | POST    | /api/v1/auth/login
[shibosi] 2026/07/31 22:03:55 logger.go:87: 2026-07-31 22:03:55.973 | 200 |      1.9587ms |             ::1 | POST    | /api/v1/auth/login
[shibosi] 2026/07/31 22:03:56 logger.go:87: 2026-07-31 22:03:56.130 | 200 |      2.0444ms |             ::1 | POST    | /api/v1/auth/login
[shibosi] 2026/07/31 22:03:59 logger.go:87: 2026-07-31 22:03:59.858 | 200 |            0s |             ::1 | GET     | /api/health
[shibosi] 2026/07/31 22:04:14 logger.go:87: 2026-07-31 22:04:14.852 | 200 |            0s |             ::1 | GET     | /api/health
[shibosi] 2026/07/31 22:04:29 logger.go:87: 2026-07-31 22:04:29.858 | 200 |            0s |             ::1 | GET     | /api/health
[shibosi] 2026/07/31 22:04:45 logger.go:87: 2026-07-31 22:04:45.265 | 200 |            0s |             ::1 | GET     | /api/health
[shibosi] 2026/07/31 22:04:59 logger.go:87: 2026-07-31 22:04:59.869 | 200 |            0s |             ::1 | GET     | /api/health
[shibosi] 2026/07/31 22:05:00 logger.go:55: [INFO] 定时任务: Redis黑名单同步
[shibosi] 2026/07/31 22:05:14 logger.go:87: 2026-07-31 22:05:14.860 | 200 |            0s |             ::1 | GET     | /api/health
[shibosi] 2026/07/31 22:05:29 logger.go:87: 2026-07-31 22:05:29.864 | 200 |       995.3µs |             ::1 | GET     | /api/health
[shibosi] 2026/07/31 22:05:44 logger.go:87: 2026-07-31 22:05:44.845 | 200 |            0s |             ::1 | GET     | /api/health
[shibosi] 2026/07/31 22:05:59 logger.go:87: 2026-07-31 22:05:59.852 | 200 |            0s |             ::1 | GET     | /api/health
[shibosi] 2026/07/31 22:06:14 logger.go:87: 2026-07-31 22:06:14.857 | 200 |            0s |             ::1 | GET     | /api/health
[shibosi] 2026/07/31 22:06:29 logger.go:87: 2026-07-31 22:06:29.846 | 200 |            0s |             ::1 | GET     | /api/health
[shibosi] 2026/07/31 22:06:44 logger.go:87: 2026-07-31 22:06:44.850 | 200 |            0s |             ::1 | GET     | /api/health
[shibosi] 2026/07/31 22:06:59 logger.go:87: 2026-07-31 22:06:59.864 | 200 |            0s |             ::1 | GET     | /api/health
[shibosi] 2026/07/31 22:07:14 logger.go:87: 2026-07-31 22:07:14.857 | 200 |            0s |             ::1 | GET     | /api/health
[shibosi] 2026/07/31 22:07:29 logger.go:87: 2026-07-31 22:07:29.844 | 200 |            0s |             ::1 | GET     | /api/health
[shibosi] 2026/07/31 22:07:44 logger.go:87: 2026-07-31 22:07:44.855 | 200 |            0s |             ::1 | GET     | /api/health
[shibosi] 2026/07/31 22:07:59 logger.go:87: 2026-07-31 22:07:59.848 | 200 |            0s |             ::1 | GET     | /api/health
[shibosi] 2026/07/31 22:08:14 logger.go:87: 2026-07-31 22:08:14.852 | 200 |            0s |             ::1 | GET     | /api/health
[shibosi] 2026/07/31 22:08:29 logger.go:87: 2026-07-31 22:08:29.857 | 200 |            0s |             ::1 | GET     | /api/health
[shibosi] 2026/07/31 22:08:44 logger.go:87: 2026-07-31 22:08:44.860 | 200 |       414.4µs |             ::1 | GET     | /api/health
[shibosi] 2026/07/31 22:08:59 logger.go:87: 2026-07-31 22:08:59.855 | 200 |            0s |             ::1 | GET     | /api/health
[shibosi] 2026/07/31 22:09:10 logger.go:87: 2026-07-31 22:09:10.385 | 200 |      1.3475ms |             ::1 | POST    | /api/v1/auth/login
[shibosi] 2026/07/31 22:09:11 logger.go:87: 2026-07-31 22:09:11.069 | 200 |       625.7µs |             ::1 | POST    | /api/v1/auth/login
[shibosi] 2026/07/31 22:09:11 logger.go:87: 2026-07-31 22:09:11.247 | 200 |       995.9µs |             ::1 | POST    | /api/v1/auth/login
[shibosi] 2026/07/31 22:09:11 logger.go:87: 2026-07-31 22:09:11.452 | 200 |       5.116ms |             ::1 | POST    | /api/v1/auth/login
[shibosi] 2026/07/31 22:09:11 logger.go:87: 2026-07-31 22:09:11.618 | 200 |      2.0551ms |             ::1 | POST    | /api/v1/auth/login
[shibosi] 2026/07/31 22:09:11 logger.go:87: 2026-07-31 22:09:11.799 | 200 |         632µs |             ::1 | POST    | /api/v1/auth/login
[shibosi] 2026/07/31 22:09:11 logger.go:87: 2026-07-31 22:09:11.973 | 200 |      1.5605ms |             ::1 | POST    | /api/v1/auth/login
[shibosi] 2026/07/31 22:09:12 logger.go:87: 2026-07-31 22:09:12.114 | 200 |      1.1208ms |             ::1 | POST    | /api/v1/auth/login
[shibosi] 2026/07/31 22:09:12 logger.go:87: 2026-07-31 22:09:12.269 | 200 |       530.5µs |             ::1 | POST    | /api/v1/auth/login
[shibosi] 2026/07/31 22:09:14 logger.go:87: 2026-07-31 22:09:14.850 | 200 |       514.4µs |             ::1 | GET     | /api/health
[shibosi] 2026/07/31 22:09:29 logger.go:87: 2026-07-31 22:09:29.853 | 200 |            0s |             ::1 | GET     | /api/health
[shibosi] 2026/07/31 22:09:44 logger.go:87: 2026-07-31 22:09:44.855 | 200 |            0s |             ::1 | GET     | /api/health
[shibosi] 2026/07/31 22:09:59 logger.go:87: 2026-07-31 22:09:59.854 | 200 |            0s |             ::1 | GET     | /api/health
[shibosi] 2026/07/31 22:10:00 logger.go:55: [INFO] 定时任务: Redis黑名单同步
[shibosi] 2026/07/31 22:10:14 logger.go:87: 2026-07-31 22:10:14.846 | 200 |            0s |             ::1 | GET     | /api/health
[shibosi] 2026/07/31 22:10:29 logger.go:87: 2026-07-31 22:10:29.847 | 200 |            0s |             ::1 | GET     | /api/health
[shibosi] 2026/07/31 22:10:44 logger.go:87: 2026-07-31 22:10:44.856 | 200 |            0s |             ::1 | GET     | /api/health
[shibosi] 2026/07/31 22:10:59 logger.go:87: 2026-07-31 22:10:59.852 | 200 |            0s |             ::1 | GET     | /api/health
[shibosi] 2026/07/31 22:11:14 logger.go:87: 2026-07-31 22:11:14.850 | 200 |            0s |             ::1 | GET     | /api/health
[shibosi] 2026/07/31 22:11:29 logger.go:87: 2026-07-31 22:11:29.849 | 200 |            0s |             ::1 | GET     | /api/health
[shibosi] 2026/07/31 22:11:44 logger.go:87: 2026-07-31 22:11:44.858 | 200 |            0s |             ::1 | GET     | /api/health
[shibosi] 2026/07/31 22:11:59 logger.go:87: 2026-07-31 22:11:59.861 | 200 |            0s |             ::1 | GET     | /api/health
[shibosi] 2026/07/31 22:12:14 logger.go:87: 2026-07-31 22:12:14.851 | 200 |            0s |             ::1 | GET     | /api/health
[shibosi] 2026/07/31 22:12:29 logger.go:87: 2026-07-31 22:12:29.859 | 200 |            0s |             ::1 | GET     | /api/health
[shibosi] 2026/07/31 22:12:44 logger.go:87: 2026-07-31 22:12:44.854 | 200 |            0s |             ::1 | GET     | /api/health
[shibosi] 2026/07/31 22:12:59 logger.go:87: 2026-07-31 22:12:59.898 | 200 |            0s |             ::1 | GET     | /api/health
[shibosi] 2026/07/31 22:13:14 logger.go:87: 2026-07-31 22:13:14.847 | 200 |            0s |             ::1 | GET     | /api/health
[shibosi] 2026/07/31 22:13:29 logger.go:87: 2026-07-31 22:13:29.845 | 200 |            0s |             ::1 | GET     | /api/health
[shibosi] 2026/07/31 22:13:44 logger.go:87: 2026-07-31 22:13:44.848 | 200 |            0s |             ::1 | GET     | /api/health
[shibosi] 2026/07/31 22:13:59 logger.go:87: 2026-07-31 22:13:59.859 | 200 |            0s |             ::1 | GET     | /api/health
[shibosi] 2026/07/31 22:14:14 logger.go:87: 2026-07-31 22:14:14.852 | 200 |            0s |             ::1 | GET     | /api/health
[shibosi] 2026/07/31 22:14:29 logger.go:87: 2026-07-31 22:14:29.852 | 200 |            0s |             ::1 | GET     | /api/health
[shibosi] 2026/07/31 22:14:44 logger.go:87: 2026-07-31 22:14:44.853 | 200 |        18.1µs |             ::1 | GET     | /api/health
[shibosi] 2026/07/31 22:14:59 logger.go:87: 2026-07-31 22:14:59.860 | 200 |            0s |             ::1 | GET     | /api/health
[shibosi] 2026/07/31 22:15:00 logger.go:55: [INFO] 定时任务: Redis黑名单同步
[shibosi] 2026/07/31 22:15:14 logger.go:87: 2026-07-31 22:15:14.852 | 200 |       548.4µs |             ::1 | GET     | /api/health
[shibosi] 2026/07/31 22:15:18 logger.go:87: 2026-07-31 22:15:18.380 | 200 |     16.2044ms |             ::1 | POST    | /api/v1/auth/login
[shibosi] 2026/07/31 22:15:19 logger.go:87: 2026-07-31 22:15:19.148 | 200 |       560.1µs |             ::1 | POST    | /api/v1/auth/login
[shibosi] 2026/07/31 22:15:19 logger.go:87: 2026-07-31 22:15:19.336 | 200 |       1.556ms |             ::1 | POST    | /api/v1/auth/login
[shibosi] 2026/07/31 22:15:27 logger.go:87: 2026-07-31 22:15:27.443 | 200 |       547.5µs |             ::1 | POST    | /api/v1/auth/login
[shibosi] 2026/07/31 22:15:28 logger.go:87: 2026-07-31 22:15:28.038 | 200 |      5.3932ms |             ::1 | POST    | /api/v1/auth/login
[shibosi] 2026/07/31 22:15:28 logger.go:87: 2026-07-31 22:15:28.219 | 200 |        1.11ms |             ::1 | POST    | /api/v1/auth/login
[shibosi] 2026/07/31 22:15:28 logger.go:87: 2026-07-31 22:15:28.387 | 200 |      2.0039ms |             ::1 | POST    | /api/v1/auth/login
[shibosi] 2026/07/31 22:15:28 logger.go:87: 2026-07-31 22:15:28.569 | 200 |            0s |             ::1 | POST    | /api/v1/auth/login
[shibosi] 2026/07/31 22:15:28 logger.go:87: 2026-07-31 22:15:28.706 | 200 |      1.3383ms |             ::1 | POST    | /api/v1/auth/login
[shibosi] 2026/07/31 22:15:28 logger.go:87: 2026-07-31 22:15:28.873 | 200 |     15.1476ms |             ::1 | POST    | /api/v1/auth/login
[shibosi] 2026/07/31 22:15:29 logger.go:87: 2026-07-31 22:15:29.890 | 200 |            0s |             ::1 | GET     | /api/health
[shibosi] 2026/07/31 22:15:44 logger.go:87: 2026-07-31 22:15:44.852 | 200 |            0s |             ::1 | GET     | /api/health
[shibosi] 2026/07/31 22:15:59 logger.go:87: 2026-07-31 22:15:59.851 | 200 |            0s |             ::1 | GET     | /api/health
[shibosi] 2026/07/31 22:16:14 logger.go:87: 2026-07-31 22:16:14.844 | 200 |            0s |             ::1 | GET     | /api/health
[shibosi] 2026/07/31 22:16:29 logger.go:87: 2026-07-31 22:16:29.851 | 200 |            0s |             ::1 | GET     | /api/health
[shibosi] 2026/07/31 22:16:44 logger.go:87: 2026-07-31 22:16:44.848 | 200 |            0s |             ::1 | GET     | /api/health
[shibosi] 2026/07/31 22:16:59 logger.go:87: 2026-07-31 22:16:59.849 | 200 |            0s |             ::1 | GET     | /api/health
[shibosi] 2026/07/31 22:17:14 logger.go:87: 2026-07-31 22:17:14.854 | 200 |            0s |             ::1 | GET     | /api/health
[shibosi] 2026/07/31 22:17:29 logger.go:87: 2026-07-31 22:17:29.844 | 200 |            0s |             ::1 | GET     | /api/health
[shibosi] 2026/07/31 22:17:44 logger.go:87: 2026-07-31 22:17:44.851 | 200 |            0s |             ::1 | GET     | /api/health
[shibosi] 2026/07/31 22:17:59 logger.go:87: 2026-07-31 22:17:59.856 | 200 |       534.5µs |             ::1 | GET     | /api/health
[shibosi] 2026/07/31 22:18:14 logger.go:87: 2026-07-31 22:18:14.852 | 200 |            0s |             ::1 | GET     | /api/health
[shibosi] 2026/07/31 22:18:29 logger.go:87: 2026-07-31 22:18:29.845 | 200 |       518.9µs |             ::1 | GET     | /api/health
[shibosi] 2026/07/31 22:18:44 logger.go:87: 2026-07-31 22:18:44.850 | 200 |            0s |             ::1 | GET     | /api/health
[shibosi] 2026/07/31 22:18:59 logger.go:87: 2026-07-31 22:18:59.842 | 200 |            0s |             ::1 | GET     | /api/health
[shibosi] 2026/07/31 22:19:14 logger.go:87: 2026-07-31 22:19:14.847 | 200 |            0s |             ::1 | GET     | /api/health
[shibosi] 2026/07/31 22:19:29 logger.go:87: 2026-07-31 22:19:29.852 | 200 |            0s |             ::1 | GET     | /api/health
[shibosi] 2026/07/31 22:19:44 logger.go:87: 2026-07-31 22:19:44.848 | 200 |            0s |             ::1 | GET     | /api/health
[shibosi] 2026/07/31 22:19:59 logger.go:87: 2026-07-31 22:19:59.853 | 200 |            0s |             ::1 | GET     | /api/health
[shibosi] 2026/07/31 22:20:00 logger.go:55: [INFO] 定时任务: Redis黑名单同步
[shibosi] 2026/07/31 22:20:14 logger.go:87: 2026-07-31 22:20:14.845 | 200 |            0s |             ::1 | GET     | /api/health
[shibosi] 2026/07/31 22:20:29 logger.go:87: 2026-07-31 22:20:29.848 | 200 |       536.8µs |             ::1 | GET     | /api/health
[shibosi] 2026/07/31 22:20:45 logger.go:87: 2026-07-31 22:20:45.034 | 200 |            0s |             ::1 | GET     | /api/health
[shibosi] 2026/07/31 22:20:59 logger.go:87: 2026-07-31 22:20:59.854 | 200 |            0s |             ::1 | GET     | /api/health
[shibosi] 2026/07/31 22:21:14 logger.go:87: 2026-07-31 22:21:14.856 | 200 |            0s |             ::1 | GET     | /api/health
[shibosi] 2026/07/31 22:21:29 logger.go:87: 2026-07-31 22:21:29.854 | 200 |            0s |             ::1 | GET     | /api/health
[shibosi] 2026/07/31 22:21:44 logger.go:87: 2026-07-31 22:21:44.852 | 200 |            0s |             ::1 | GET     | /api/health
[shibosi] 2026/07/31 22:21:59 logger.go:87: 2026-07-31 22:21:59.850 | 200 |        74.8µs |             ::1 | GET     | /api/health
[shibosi] 2026/07/31 22:22:14 logger.go:87: 2026-07-31 22:22:14.852 | 200 |            0s |             ::1 | GET     | /api/health
[shibosi] 2026/07/31 22:22:29 logger.go:87: 2026-07-31 22:22:29.848 | 200 |            0s |             ::1 | GET     | /api/health
[shibosi] 2026/07/31 22:22:44 logger.go:87: 2026-07-31 22:22:44.852 | 200 |            0s |             ::1 | GET     | /api/health
[shibosi] 2026/07/31 22:22:59 logger.go:87: 2026-07-31 22:22:59.846 | 200 |         523µs |             ::1 | GET     | /api/health
[shibosi] 2026/07/31 22:23:14 logger.go:87: 2026-07-31 22:23:14.851 | 200 |            0s |             ::1 | GET     | /api/health
[shibosi] 2026/07/31 22:23:29 logger.go:87: 2026-07-31 22:23:29.847 | 200 |            0s |             ::1 | GET     | /api/health
[shibosi] 2026/07/31 22:23:44 logger.go:87: 2026-07-31 22:23:44.850 | 200 |            0s |             ::1 | GET     | /api/health
[shibosi] 2026/07/31 22:23:59 logger.go:87: 2026-07-31 22:23:59.857 | 200 |            0s |             ::1 | GET     | /api/health
[shibosi] 2026/07/31 22:24:01 logger.go:87: 2026-07-31 22:24:01.991 | 200 |      1.0826ms |             ::1 | POST    | /api/v1/auth/login
[shibosi] 2026/07/31 22:24:02 logger.go:87: 2026-07-31 22:24:02.054 | 200 |         546µs |             ::1 | POST    | /api/v1/auth/login
[shibosi] 2026/07/31 22:24:02 logger.go:87: 2026-07-31 22:24:02.609 | 200 |       858.4µs |             ::1 | POST    | /api/v1/auth/login
[shibosi] 2026/07/31 22:24:02 logger.go:87: 2026-07-31 22:24:02.803 | 200 |      4.5395ms |             ::1 | POST    | /api/v1/auth/login
[shibosi] 2026/07/31 22:24:02 logger.go:87: 2026-07-31 22:24:02.974 | 200 |       770.2µs |             ::1 | POST    | /api/v1/auth/login
[shibosi] 2026/07/31 22:24:03 logger.go:87: 2026-07-31 22:24:03.138 | 200 |      3.4526ms |             ::1 | POST    | /api/v1/auth/login
[shibosi] 2026/07/31 22:24:03 logger.go:87: 2026-07-31 22:24:03.305 | 200 |      1.0448ms |             ::1 | POST    | /api/v1/auth/login
[shibosi] 2026/07/31 22:24:03 logger.go:87: 2026-07-31 22:24:03.474 | 200 |      2.0572ms |             ::1 | POST    | /api/v1/auth/login
[shibosi] 2026/07/31 22:24:03 logger.go:87: 2026-07-31 22:24:03.621 | 200 |      2.5675ms |             ::1 | POST    | /api/v1/auth/login
[shibosi] 2026/07/31 22:24:03 logger.go:87: 2026-07-31 22:24:03.789 | 200 |      1.3652ms |             ::1 | POST    | /api/v1/auth/login
[shibosi] 2026/07/31 22:24:03 logger.go:87: 2026-07-31 22:24:03.962 | 200 |      1.2159ms |             ::1 | POST    | /api/v1/auth/login
[shibosi] 2026/07/31 22:24:05 logger.go:87: 2026-07-31 22:24:05.447 | 200 |      1.8949ms |             ::1 | POST    | /api/v1/auth/login
[shibosi] 2026/07/31 22:24:14 logger.go:87: 2026-07-31 22:24:14.863 | 200 |            0s |             ::1 | GET     | /api/health
[shibosi] 2026/07/31 22:24:29 logger.go:87: 2026-07-31 22:24:29.858 | 200 |            0s |             ::1 | GET     | /api/health
[shibosi] 2026/07/31 22:24:33 logger.go:55: [INFO] 正在关闭服务...
[shibosi] 2026/07/31 22:24:33 logger.go:55: [INFO] 服务已安全关闭
[shibosi] 2026/07/31 22:25:06 logger.go:55: [INFO] 定时任务已注册
[shibosi] 2026/07/31 22:25:06 logger.go:55: [INFO] 市舶司 v2 后台已就绪 - 6 大模块全部启用
[shibosi] 2026/07/31 22:25:06 logger.go:55: [INFO] 访问: http://localhost:8084/admin
[shibosi] 2026/07/31 22:25:06 logger.go:55: [INFO] ========================================
[shibosi] 2026/07/31 22:25:06 logger.go:55: [INFO]   市舶司 - 统一管理后台 v2.0
[shibosi] 2026/07/31 22:25:06 logger.go:55: [INFO] ========================================
[shibosi] 2026/07/31 22:25:06 logger.go:55: [INFO] 监听地址: http://localhost:8084
[shibosi] 2026/07/31 22:25:06 logger.go:55: [INFO] 管理面板: http://localhost:8084/admin
[shibosi] 2026/07/31 22:25:06 logger.go:55: [INFO] API文档:  http://localhost:8084/api/v1
[shibosi] 2026/07/31 22:25:06 logger.go:55: [INFO] ========================================
[shibosi] 2026/07/31 22:25:21 logger.go:87: 2026-07-31 22:25:21.278 | 200 |            0s |             ::1 | GET     | /api/health
[shibosi] 2026/07/31 22:25:36 logger.go:87: 2026-07-31 22:25:36.265 | 200 |            0s |             ::1 | GET     | /api/health
[shibosi] 2026/07/31 22:25:51 logger.go:87: 2026-07-31 22:25:51.262 | 200 |            0s |             ::1 | GET     | /api/health
[shibosi] 2026/07/31 22:26:06 logger.go:87: 2026-07-31 22:26:06.290 | 200 |            0s |             ::1 | GET     | /api/health
[shibosi] 2026/07/31 22:26:21 logger.go:87: 2026-07-31 22:26:21.262 | 200 |            0s |             ::1 | GET     | /api/health
[shibosi] 2026/07/31 22:26:36 logger.go:87: 2026-07-31 22:26:36.259 | 200 |            0s |             ::1 | GET     | /api/health
[shibosi] 2026/07/31 22:26:51 logger.go:87: 2026-07-31 22:26:51.267 | 200 |            0s |             ::1 | GET     | /api/health
[shibosi] 2026/07/31 22:27:06 logger.go:87: 2026-07-31 22:27:06.272 | 200 |            0s |             ::1 | GET     | /api/health
[shibosi] 2026/07/31 22:27:21 logger.go:87: 2026-07-31 22:27:21.419 | 200 |            0s |             ::1 | GET     | /api/health
[shibosi] 2026/07/31 22:27:36 logger.go:87: 2026-07-31 22:27:36.258 | 200 |            0s |             ::1 | GET     | /api/health
[shibosi] 2026/07/31 22:27:51 logger.go:87: 2026-07-31 22:27:51.257 | 200 |            0s |             ::1 | GET     | /api/health
[shibosi] 2026/07/31 22:28:06 logger.go:87: 2026-07-31 22:28:06.264 | 200 |            0s |             ::1 | GET     | /api/health
[shibosi] 2026/07/31 22:28:21 logger.go:87: 2026-07-31 22:28:21.285 | 200 |            0s |             ::1 | GET     | /api/health
[shibosi] 2026/07/31 22:28:36 logger.go:87: 2026-07-31 22:28:36.256 | 200 |            0s |             ::1 | GET     | /api/health
[shibosi] 2026/07/31 22:28:51 logger.go:87: 2026-07-31 22:28:51.267 | 200 |            0s |             ::1 | GET     | /api/health
[shibosi] 2026/07/31 22:29:06 logger.go:87: 2026-07-31 22:29:06.262 | 200 |            0s |             ::1 | GET     | /api/health
[shibosi] 2026/07/31 22:29:21 logger.go:87: 2026-07-31 22:29:21.261 | 200 |            0s |             ::1 | GET     | /api/health
[shibosi] 2026/07/31 22:29:36 logger.go:87: 2026-07-31 22:29:36.265 | 200 |            0s |             ::1 | GET     | /api/health
[shibosi] 2026/07/31 22:29:51 logger.go:87: 2026-07-31 22:29:51.260 | 200 |            0s |             ::1 | GET     | /api/health
[shibosi] 2026/07/31 22:30:00 logger.go:55: [INFO] 定时任务: Redis黑名单同步
[shibosi] 2026/07/31 22:30:06 logger.go:87: 2026-07-31 22:30:06.354 | 200 |            0s |             ::1 | GET     | /api/health
[shibosi] 2026/07/31 22:30:21 logger.go:87: 2026-07-31 22:30:21.268 | 200 |        62.8µs |             ::1 | GET     | /api/health
[shibosi] 2026/07/31 22:30:36 logger.go:87: 2026-07-31 22:30:36.265 | 200 |            0s |             ::1 | GET     | /api/health
[shibosi] 2026/07/31 22:30:51 logger.go:87: 2026-07-31 22:30:51.262 | 200 |            0s |             ::1 | GET     | /api/health
[shibosi] 2026/07/31 22:31:06 logger.go:87: 2026-07-31 22:31:06.269 | 200 |            0s |             ::1 | GET     | /api/health
[shibosi] 2026/07/31 22:31:21 logger.go:87: 2026-07-31 22:31:21.269 | 200 |            0s |             ::1 | GET     | /api/health
[shibosi] 2026/07/31 22:31:36 logger.go:87: 2026-07-31 22:31:36.263 | 200 |            0s |             ::1 | GET     | /api/health
[shibosi] 2026/07/31 22:31:51 logger.go:87: 2026-07-31 22:31:51.259 | 200 |            0s |             ::1 | GET     | /api/health
[shibosi] 2026/07/31 22:32:06 logger.go:87: 2026-07-31 22:32:06.270 | 200 |            0s |             ::1 | GET     | /api/health
[shibosi] 2026/07/31 22:32:21 logger.go:87: 2026-07-31 22:32:21.265 | 200 |            0s |             ::1 | GET     | /api/health
[shibosi] 2026/07/31 22:32:36 logger.go:87: 2026-07-31 22:32:36.262 | 200 |            0s |             ::1 | GET     | /api/health
[shibosi] 2026/07/31 22:32:51 logger.go:87: 2026-07-31 22:32:51.269 | 200 |       511.4µs |             ::1 | GET     | /api/health
[shibosi] 2026/07/31 22:33:06 logger.go:87: 2026-07-31 22:33:06.266 | 200 |            0s |             ::1 | GET     | /api/health
[shibosi] 2026/07/31 22:33:21 logger.go:87: 2026-07-31 22:33:21.258 | 200 |            0s |             ::1 | GET     | /api/health
[shibosi] 2026/07/31 22:33:36 logger.go:87: 2026-07-31 22:33:36.261 | 200 |            0s |             ::1 | GET     | /api/health
[shibosi] 2026/07/31 22:33:51 logger.go:87: 2026-07-31 22:33:51.264 | 200 |       516.4µs |             ::1 | GET     | /api/health
[shibosi] 2026/07/31 22:34:06 logger.go:87: 2026-07-31 22:34:06.270 | 200 |        15.1µs |             ::1 | GET     | /api/health
[shibosi] 2026/07/31 22:34:21 logger.go:87: 2026-07-31 22:34:21.272 | 200 |            0s |             ::1 | GET     | /api/health
[shibosi] 2026/07/31 22:34:36 logger.go:87: 2026-07-31 22:34:36.266 | 200 |            0s |             ::1 | GET     | /api/health
[shibosi] 2026/07/31 22:34:51 logger.go:87: 2026-07-31 22:34:51.260 | 200 |        28.5µs |             ::1 | GET     | /api/health
[shibosi] 2026/07/31 22:35:00 logger.go:55: [INFO] 定时任务: Redis黑名单同步
[shibosi] 2026/07/31 22:35:06 logger.go:87: 2026-07-31 22:35:06.264 | 200 |            0s |             ::1 | GET     | /api/health
[shibosi] 2026/07/31 22:35:21 logger.go:87: 2026-07-31 22:35:21.268 | 200 |            0s |             ::1 | GET     | /api/health
[shibosi] 2026/07/31 22:35:36 logger.go:87: 2026-07-31 22:35:36.265 | 200 |            0s |             ::1 | GET     | /api/health
[shibosi] 2026/07/31 22:35:51 logger.go:87: 2026-07-31 22:35:51.270 | 200 |            0s |             ::1 | GET     | /api/health
[shibosi] 2026/07/31 22:36:06 logger.go:87: 2026-07-31 22:36:06.264 | 200 |            0s |             ::1 | GET     | /api/health
[shibosi] 2026/07/31 22:36:21 logger.go:87: 2026-07-31 22:36:21.265 | 200 |            0s |             ::1 | GET     | /api/health
[shibosi] 2026/07/31 22:36:36 logger.go:87: 2026-07-31 22:36:36.267 | 200 |       537.2µs |             ::1 | GET     | /api/health
[shibosi] 2026/07/31 22:36:51 logger.go:87: 2026-07-31 22:36:51.262 | 200 |            0s |             ::1 | GET     | /api/health
[shibosi] 2026/07/31 22:37:06 logger.go:87: 2026-07-31 22:37:06.270 | 200 |            0s |             ::1 | GET     | /api/health
[shibosi] 2026/07/31 22:37:21 logger.go:87: 2026-07-31 22:37:21.261 | 200 |       521.6µs |             ::1 | GET     | /api/health
[shibosi] 2026/07/31 22:37:36 logger.go:87: 2026-07-31 22:37:36.265 | 200 |       534.3µs |             ::1 | GET     | /api/health
[shibosi] 2026/07/31 22:37:51 logger.go:87: 2026-07-31 22:37:51.263 | 200 |            0s |             ::1 | GET     | /api/health
[shibosi] 2026/07/31 22:38:06 logger.go:87: 2026-07-31 22:38:06.267 | 200 |            0s |             ::1 | GET     | /api/health
[shibosi] 2026/07/31 22:38:21 logger.go:87: 2026-07-31 22:38:21.261 | 200 |            0s |             ::1 | GET     | /api/health
[shibosi] 2026/07/31 22:38:36 logger.go:87: 2026-07-31 22:38:36.265 | 200 |            0s |             ::1 | GET     | /api/health
[shibosi] 2026/07/31 22:38:51 logger.go:87: 2026-07-31 22:38:51.266 | 200 |            0s |             ::1 | GET     | /api/health
[shibosi] 2026/07/31 22:39:06 logger.go:87: 2026-07-31 22:39:06.267 | 200 |       534.7µs |             ::1 | GET     | /api/health
[shibosi] 2026/07/31 22:39:21 logger.go:87: 2026-07-31 22:39:21.266 | 200 |            0s |             ::1 | GET     | /api/health
[shibosi] 2026/07/31 22:39:36 logger.go:87: 2026-07-31 22:39:36.266 | 200 |            0s |             ::1 | GET     | /api/health
[shibosi] 2026/07/31 22:39:51 logger.go:87: 2026-07-31 22:39:51.336 | 200 |            0s |             ::1 | GET     | /api/health
[shibosi] 2026/07/31 22:40:00 logger.go:55: [INFO] 定时任务: Redis黑名单同步
[shibosi] 2026/07/31 22:40:06 logger.go:87: 2026-07-31 22:40:06.261 | 200 |            0s |             ::1 | GET     | /api/health
[shibosi] 2026/07/31 22:40:21 logger.go:87: 2026-07-31 22:40:21.262 | 200 |            0s |             ::1 | GET     | /api/health
[shibosi] 2026/07/31 22:40:36 logger.go:87: 2026-07-31 22:40:36.259 | 200 |       543.5µs |             ::1 | GET     | /api/health
[shibosi] 2026/07/31 22:40:51 logger.go:87: 2026-07-31 22:40:51.259 | 200 |            0s |             ::1 | GET     | /api/health
[shibosi] 2026/07/31 22:41:06 logger.go:87: 2026-07-31 22:41:06.331 | 200 |       814.8µs |             ::1 | GET     | /api/health
[shibosi] 2026/07/31 22:41:21 logger.go:87: 2026-07-31 22:41:21.269 | 200 |            0s |             ::1 | GET     | /api/health
[shibosi] 2026/07/31 22:41:36 logger.go:87: 2026-07-31 22:41:36.274 | 200 |            0s |             ::1 | GET     | /api/health
[shibosi] 2026/07/31 22:41:51 logger.go:87: 2026-07-31 22:41:51.267 | 200 |            0s |             ::1 | GET     | /api/health
[shibosi] 2026/07/31 22:42:06 logger.go:87: 2026-07-31 22:42:06.256 | 200 |            0s |             ::1 | GET     | /api/health
[shibosi] 2026/07/31 22:42:21 logger.go:87: 2026-07-31 22:42:21.266 | 200 |            0s |             ::1 | GET     | /api/health
[shibosi] 2026/07/31 22:42:36 logger.go:87: 2026-07-31 22:42:36.268 | 200 |            0s |             ::1 | GET     | /api/health
[shibosi] 2026/07/31 22:42:51 logger.go:87: 2026-07-31 22:42:51.256 | 200 |            0s |             ::1 | GET     | /api/health
[shibosi] 2026/07/31 22:43:06 logger.go:87: 2026-07-31 22:43:06.268 | 200 |            0s |             ::1 | GET     | /api/health
[shibosi] 2026/07/31 22:43:21 logger.go:87: 2026-07-31 22:43:21.268 | 200 |            0s |             ::1 | GET     | /api/health
[shibosi] 2026/07/31 22:43:36 logger.go:87: 2026-07-31 22:43:36.261 | 200 |            0s |             ::1 | GET     | /api/health
[shibosi] 2026/07/31 22:43:51 logger.go:87: 2026-07-31 22:43:51.271 | 200 |            0s |             ::1 | GET     | /api/health
[shibosi] 2026/07/31 22:44:06 logger.go:87: 2026-07-31 22:44:06.261 | 200 |       527.4µs |             ::1 | GET     | /api/health
[shibosi] 2026/07/31 22:44:21 logger.go:87: 2026-07-31 22:44:21.269 | 200 |            0s |             ::1 | GET     | /api/health
[shibosi] 2026/07/31 22:44:36 logger.go:87: 2026-07-31 22:44:36.261 | 200 |            0s |             ::1 | GET     | /api/health
[shibosi] 2026/07/31 22:44:51 logger.go:87: 2026-07-31 22:44:51.263 | 200 |       521.1µs |             ::1 | GET     | /api/health
[shibosi] 2026/07/31 22:45:00 logger.go:55: [INFO] 定时任务: Redis黑名单同步
[shibosi] 2026/07/31 22:45:06 logger.go:87: 2026-07-31 22:45:06.264 | 200 |            0s |             ::1 | GET     | /api/health
[shibosi] 2026/07/31 22:45:21 logger.go:87: 2026-07-31 22:45:21.267 | 200 |            0s |             ::1 | GET     | /api/health
[shibosi] 2026/07/31 22:45:36 logger.go:87: 2026-07-31 22:45:36.265 | 200 |            0s |             ::1 | GET     | /api/health
[shibosi] 2026/07/31 22:45:51 logger.go:87: 2026-07-31 22:45:51.268 | 200 |            0s |             ::1 | GET     | /api/health
[shibosi] 2026/07/31 22:46:06 logger.go:87: 2026-07-31 22:46:06.258 | 200 |            0s |             ::1 | GET     | /api/health
[shibosi] 2026/07/31 22:46:21 logger.go:87: 2026-07-31 22:46:21.261 | 200 |            0s |             ::1 | GET     | /api/health
[shibosi] 2026/07/31 22:46:36 logger.go:87: 2026-07-31 22:46:36.256 | 200 |            0s |             ::1 | GET     | /api/health
[shibosi] 2026/07/31 22:46:51 logger.go:87: 2026-07-31 22:46:51.271 | 200 |            0s |             ::1 | GET     | /api/health
[shibosi] 2026/07/31 22:47:06 logger.go:87: 2026-07-31 22:47:06.266 | 200 |            0s |             ::1 | GET     | /api/health
[shibosi] 2026/07/31 22:47:21 logger.go:87: 2026-07-31 22:47:21.262 | 200 |            0s |             ::1 | GET     | /api/health
[shibosi] 2026/07/31 22:47:36 logger.go:87: 2026-07-31 22:47:36.256 | 200 |            0s |             ::1 | GET     | /api/health
[shibosi] 2026/07/31 22:47:51 logger.go:87: 2026-07-31 22:47:51.262 | 200 |            0s |             ::1 | GET     | /api/health
[shibosi] 2026/07/31 22:48:06 logger.go:87: 2026-07-31 22:48:06.257 | 200 |            0s |             ::1 | GET     | /api/health
[shibosi] 2026/07/31 22:48:21 logger.go:87: 2026-07-31 22:48:21.266 | 200 |            0s |             ::1 | GET     | /api/health
[shibosi] 2026/07/31 22:48:36 logger.go:87: 2026-07-31 22:48:36.261 | 200 |            0s |             ::1 | GET     | /api/health
[shibosi] 2026/07/31 22:48:51 logger.go:87: 2026-07-31 22:48:51.257 | 200 |            0s |             ::1 | GET     | /api/health
[shibosi] 2026/07/31 22:49:06 logger.go:87: 2026-07-31 22:49:06.264 | 200 |            0s |             ::1 | GET     | /api/health
[shibosi] 2026/07/31 22:49:21 logger.go:87: 2026-07-31 22:49:21.258 | 200 |            0s |             ::1 | GET     | /api/health
[shibosi] 2026/07/31 22:49:36 logger.go:87: 2026-07-31 22:49:36.267 | 200 |        56.1µs |             ::1 | GET     | /api/health
[shibosi] 2026/07/31 22:49:51 logger.go:87: 2026-07-31 22:49:51.267 | 200 |            0s |             ::1 | GET     | /api/health
[shibosi] 2026/07/31 22:50:00 logger.go:55: [INFO] 定时任务: Redis黑名单同步
[shibosi] 2026/07/31 22:50:06 logger.go:87: 2026-07-31 22:50:06.262 | 200 |            0s |             ::1 | GET     | /api/health
[shibosi] 2026/07/31 22:50:21 logger.go:87: 2026-07-31 22:50:21.266 | 200 |            0s |             ::1 | GET     | /api/health
[shibosi] 2026/07/31 22:50:36 logger.go:87: 2026-07-31 22:50:36.258 | 200 |            0s |             ::1 | GET     | /api/health
[shibosi] 2026/07/31 22:50:51 logger.go:87: 2026-07-31 22:50:51.257 | 200 |            0s |             ::1 | GET     | /api/health
[shibosi] 2026/07/31 22:51:06 logger.go:87: 2026-07-31 22:51:06.263 | 200 |            0s |             ::1 | GET     | /api/health
[shibosi] 2026/07/31 22:51:21 logger.go:87: 2026-07-31 22:51:21.261 | 200 |       537.3µs |             ::1 | GET     | /api/health
[shibosi] 2026/07/31 22:51:36 logger.go:87: 2026-07-31 22:51:36.266 | 200 |            0s |             ::1 | GET     | /api/health
[shibosi] 2026/07/31 22:51:51 logger.go:87: 2026-07-31 22:51:51.263 | 200 |            0s |             ::1 | GET     | /api/health
[shibosi] 2026/07/31 22:52:06 logger.go:87: 2026-07-31 22:52:06.264 | 200 |            0s |             ::1 | GET     | /api/health
[shibosi] 2026/07/31 22:52:21 logger.go:87: 2026-07-31 22:52:21.271 | 200 |            0s |             ::1 | GET     | /api/health
[shibosi] 2026/07/31 22:52:36 logger.go:87: 2026-07-31 22:52:36.260 | 200 |            0s |             ::1 | GET     | /api/health
[shibosi] 2026/07/31 22:52:51 logger.go:87: 2026-07-31 22:52:51.261 | 200 |            0s |             ::1 | GET     | /api/health
[shibosi] 2026/07/31 22:53:06 logger.go:87: 2026-07-31 22:53:06.260 | 200 |       533.1µs |             ::1 | GET     | /api/health
[shibosi] 2026/07/31 22:53:21 logger.go:87: 2026-07-31 22:53:21.260 | 200 |            0s |             ::1 | GET     | /api/health
[shibosi] 2026/07/31 22:53:36 logger.go:87: 2026-07-31 22:53:36.263 | 200 |            0s |             ::1 | GET     | /api/health
[shibosi] 2026/07/31 22:53:51 logger.go:87: 2026-07-31 22:53:51.269 | 200 |            0s |             ::1 | GET     | /api/health
[shibosi] 2026/07/31 22:54:06 logger.go:87: 2026-07-31 22:54:06.265 | 200 |            0s |             ::1 | GET     | /api/health
[shibosi] 2026/07/31 22:54:21 logger.go:87: 2026-07-31 22:54:21.262 | 200 |            0s |             ::1 | GET     | /api/health
[shibosi] 2026/07/31 22:54:36 logger.go:87: 2026-07-31 22:54:36.266 | 200 |            0s |             ::1 | GET     | /api/health
[shibosi] 2026/07/31 22:54:51 logger.go:87: 2026-07-31 22:54:51.261 | 200 |            0s |             ::1 | GET     | /api/health
[shibosi] 2026/07/31 22:55:00 logger.go:55: [INFO] 定时任务: Redis黑名单同步
[shibosi] 2026/07/31 22:55:06 logger.go:87: 2026-07-31 22:55:06.266 | 200 |            0s |             ::1 | GET     | /api/health
[shibosi] 2026/07/31 22:55:21 logger.go:87: 2026-07-31 22:55:21.260 | 200 |            0s |             ::1 | GET     | /api/health
[shibosi] 2026/07/31 22:55:36 logger.go:87: 2026-07-31 22:55:36.266 | 200 |            0s |             ::1 | GET     | /api/health
[shibosi] 2026/07/31 22:55:51 logger.go:87: 2026-07-31 22:55:51.267 | 200 |            0s |             ::1 | GET     | /api/health
[shibosi] 2026/07/31 22:56:06 logger.go:87: 2026-07-31 22:56:06.269 | 200 |            0s |             ::1 | GET     | /api/health
[shibosi] 2026/07/31 22:56:21 logger.go:87: 2026-07-31 22:56:21.266 | 200 |            0s |             ::1 | GET     | /api/health
[shibosi] 2026/07/31 22:56:36 logger.go:87: 2026-07-31 22:56:36.272 | 200 |            0s |             ::1 | GET     | /api/health
[shibosi] 2026/07/31 22:56:51 logger.go:87: 2026-07-31 22:56:51.268 | 200 |       543.7µs |             ::1 | GET     | /api/health
[shibosi] 2026/07/31 22:57:06 logger.go:87: 2026-07-31 22:57:06.257 | 200 |            0s |             ::1 | GET     | /api/health
[shibosi] 2026/07/31 22:57:21 logger.go:87: 2026-07-31 22:57:21.256 | 200 |            0s |             ::1 | GET     | /api/health
[shibosi] 2026/07/31 22:57:36 logger.go:87: 2026-07-31 22:57:36.262 | 200 |            0s |             ::1 | GET     | /api/health
[shibosi] 2026/07/31 22:57:51 logger.go:87: 2026-07-31 22:57:51.258 | 200 |            0s |             ::1 | GET     | /api/health
[shibosi] 2026/07/31 22:58:06 logger.go:87: 2026-07-31 22:58:06.257 | 200 |            0s |             ::1 | GET     | /api/health
[shibosi] 2026/07/31 22:58:21 logger.go:87: 2026-07-31 22:58:21.265 | 200 |            0s |             ::1 | GET     | /api/health
[shibosi] 2026/07/31 22:58:36 logger.go:87: 2026-07-31 22:58:36.268 | 200 |            0s |             ::1 | GET     | /api/health
[shibosi] 2026/07/31 22:58:51 logger.go:87: 2026-07-31 22:58:51.262 | 200 |            0s |             ::1 | GET     | /api/health
[shibosi] 2026/07/31 22:59:06 logger.go:87: 2026-07-31 22:59:06.265 | 200 |       517.8µs |             ::1 | GET     | /api/health
[shibosi] 2026/07/31 22:59:21 logger.go:87: 2026-07-31 22:59:21.262 | 200 |            0s |             ::1 | GET     | /api/health
[shibosi] 2026/07/31 22:59:36 logger.go:87: 2026-07-31 22:59:36.262 | 200 |            0s |             ::1 | GET     | /api/health
[shibosi] 2026/07/31 22:59:51 logger.go:87: 2026-07-31 22:59:51.257 | 200 |            0s |             ::1 | GET     | /api/health
[shibosi] 2026/07/31 23:00:00 logger.go:55: [INFO] 定时任务: Redis黑名单同步
[shibosi] 2026/07/31 23:00:06 logger.go:87: 2026-07-31 23:00:06.267 | 200 |            0s |             ::1 | GET     | /api/health
[shibosi] 2026/07/31 23:00:21 logger.go:87: 2026-07-31 23:00:21.263 | 200 |            0s |             ::1 | GET     | /api/health
[shibosi] 2026/07/31 23:00:36 logger.go:87: 2026-07-31 23:00:36.266 | 200 |            0s |             ::1 | GET     | /api/health
[shibosi] 2026/07/31 23:00:51 logger.go:87: 2026-07-31 23:00:51.265 | 200 |            0s |             ::1 | GET     | /api/health
[shibosi] 2026/07/31 23:01:06 logger.go:87: 2026-07-31 23:01:06.258 | 200 |            0s |             ::1 | GET     | /api/health
[shibosi] 2026/07/31 23:01:21 logger.go:87: 2026-07-31 23:01:21.269 | 200 |        69.9µs |             ::1 | GET     | /api/health
[shibosi] 2026/07/31 23:01:36 logger.go:87: 2026-07-31 23:01:36.264 | 200 |            0s |             ::1 | GET     | /api/health
[shibosi] 2026/07/31 23:01:51 logger.go:87: 2026-07-31 23:01:51.260 | 200 |        30.2µs |             ::1 | GET     | /api/health
[shibosi] 2026/07/31 23:02:06 logger.go:87: 2026-07-31 23:02:06.258 | 200 |            0s |             ::1 | GET     | /api/health
[shibosi] 2026/07/31 23:02:21 logger.go:87: 2026-07-31 23:02:21.260 | 200 |        23.6µs |             ::1 | GET     | /api/health
[shibosi] 2026/07/31 23:02:36 logger.go:87: 2026-07-31 23:02:36.265 | 200 |            0s |             ::1 | GET     | /api/health
[shibosi] 2026/07/31 23:02:51 logger.go:87: 2026-07-31 23:02:51.264 | 200 |            0s |             ::1 | GET     | /api/health
[shibosi] 2026/07/31 23:03:06 logger.go:87: 2026-07-31 23:03:06.267 | 200 |            0s |             ::1 | GET     | /api/health
[shibosi] 2026/07/31 23:03:21 logger.go:87: 2026-07-31 23:03:21.261 | 200 |            0s |             ::1 | GET     | /api/health
[shibosi] 2026/07/31 23:03:36 logger.go:87: 2026-07-31 23:03:36.257 | 200 |            0s |             ::1 | GET     | /api/health
[shibosi] 2026/07/31 23:03:51 logger.go:87: 2026-07-31 23:03:51.265 | 200 |            0s |             ::1 | GET     | /api/health
[shibosi] 2026/07/31 23:04:06 logger.go:87: 2026-07-31 23:04:06.265 | 200 |            0s |             ::1 | GET     | /api/health
[shibosi] 2026/07/31 23:04:21 logger.go:87: 2026-07-31 23:04:21.262 | 200 |            0s |             ::1 | GET     | /api/health
[shibosi] 2026/07/31 23:04:36 logger.go:87: 2026-07-31 23:04:36.265 | 200 |            0s |             ::1 | GET     | /api/health
[shibosi] 2026/07/31 23:04:51 logger.go:87: 2026-07-31 23:04:51.271 | 200 |            0s |             ::1 | GET     | /api/health
[shibosi] 2026/07/31 23:05:00 logger.go:55: [INFO] 定时任务: Redis黑名单同步
[shibosi] 2026/07/31 23:05:06 logger.go:87: 2026-07-31 23:05:06.266 | 200 |            0s |             ::1 | GET     | /api/health
[shibosi] 2026/07/31 23:05:21 logger.go:87: 2026-07-31 23:05:21.266 | 200 |            0s |             ::1 | GET     | /api/health
[shibosi] 2026/07/31 23:05:36 logger.go:87: 2026-07-31 23:05:36.267 | 200 |            0s |             ::1 | GET     | /api/health
[shibosi] 2026/07/31 23:05:51 logger.go:87: 2026-07-31 23:05:51.267 | 200 |            0s |             ::1 | GET     | /api/health
[shibosi] 2026/07/31 23:06:06 logger.go:87: 2026-07-31 23:06:06.261 | 200 |          11µs |             ::1 | GET     | /api/health
[shibosi] 2026/07/31 23:06:21 logger.go:87: 2026-07-31 23:06:21.266 | 200 |            0s |             ::1 | GET     | /api/health
[shibosi] 2026/07/31 23:06:36 logger.go:87: 2026-07-31 23:06:36.267 | 200 |            0s |             ::1 | GET     | /api/health
[shibosi] 2026/07/31 23:06:51 logger.go:87: 2026-07-31 23:06:51.257 | 200 |            0s |             ::1 | GET     | /api/health
[shibosi] 2026/07/31 23:07:06 logger.go:87: 2026-07-31 23:07:06.263 | 200 |            0s |             ::1 | GET     | /api/health
[shibosi] 2026/07/31 23:07:21 logger.go:87: 2026-07-31 23:07:21.258 | 200 |            0s |             ::1 | GET     | /api/health
[shibosi] 2026/07/31 23:07:36 logger.go:87: 2026-07-31 23:07:36.261 | 200 |            0s |             ::1 | GET     | /api/health
[shibosi] 2026/07/31 23:07:51 logger.go:87: 2026-07-31 23:07:51.264 | 200 |            0s |             ::1 | GET     | /api/health
[shibosi] 2026/07/31 23:08:06 logger.go:87: 2026-07-31 23:08:06.267 | 200 |            0s |             ::1 | GET     | /api/health
[shibosi] 2026/07/31 23:08:21 logger.go:87: 2026-07-31 23:08:21.264 | 200 |       511.8µs |             ::1 | GET     | /api/health
[shibosi] 2026/07/31 23:08:36 logger.go:87: 2026-07-31 23:08:36.262 | 200 |            0s |             ::1 | GET     | /api/health
[shibosi] 2026/07/31 23:08:51 logger.go:87: 2026-07-31 23:08:51.262 | 200 |            0s |             ::1 | GET     | /api/health
[shibosi] 2026/07/31 23:09:06 logger.go:87: 2026-07-31 23:09:06.267 | 200 |            0s |             ::1 | GET     | /api/health
[shibosi] 2026/07/31 23:09:21 logger.go:87: 2026-07-31 23:09:21.258 | 200 |            0s |             ::1 | GET     | /api/health
[shibosi] 2026/07/31 23:09:36 logger.go:87: 2026-07-31 23:09:36.257 | 200 |       524.4µs |             ::1 | GET     | /api/health
[shibosi] 2026/07/31 23:09:51 logger.go:87: 2026-07-31 23:09:51.264 | 200 |            0s |             ::1 | GET     | /api/health
[shibosi] 2026/07/31 23:10:00 logger.go:55: [INFO] 定时任务: Redis黑名单同步
[shibosi] 2026/07/31 23:10:06 logger.go:87: 2026-07-31 23:10:06.262 | 200 |            0s |             ::1 | GET     | /api/health
[shibosi] 2026/07/31 23:10:21 logger.go:87: 2026-07-31 23:10:21.266 | 200 |            0s |             ::1 | GET     | /api/health
[shibosi] 2026/07/31 23:10:36 logger.go:87: 2026-07-31 23:10:36.268 | 200 |            0s |             ::1 | GET     | /api/health
[shibosi] 2026/07/31 23:10:51 logger.go:87: 2026-07-31 23:10:51.267 | 200 |            0s |             ::1 | GET     | /api/health
[shibosi] 2026/07/31 23:11:06 logger.go:87: 2026-07-31 23:11:06.256 | 200 |            0s |             ::1 | GET     | /api/health
[shibosi] 2026/07/31 23:11:21 logger.go:87: 2026-07-31 23:11:21.263 | 200 |            0s |             ::1 | GET     | /api/health
[shibosi] 2026/07/31 23:11:36 logger.go:87: 2026-07-31 23:11:36.268 | 200 |            0s |             ::1 | GET     | /api/health
[shibosi] 2026/07/31 23:11:51 logger.go:87: 2026-07-31 23:11:51.262 | 200 |            0s |             ::1 | GET     | /api/health
[shibosi] 2026/07/31 23:12:06 logger.go:87: 2026-07-31 23:12:06.264 | 200 |            0s |             ::1 | GET     | /api/health
[shibosi] 2026/07/31 23:12:21 logger.go:87: 2026-07-31 23:12:21.261 | 200 |            0s |             ::1 | GET     | /api/health
[shibosi] 2026/07/31 23:12:36 logger.go:87: 2026-07-31 23:12:36.260 | 200 |            0s |             ::1 | GET     | /api/health
[shibosi] 2026/07/31 23:12:51 logger.go:87: 2026-07-31 23:12:51.261 | 200 |            0s |             ::1 | GET     | /api/health
[shibosi] 2026/07/31 23:13:06 logger.go:87: 2026-07-31 23:13:06.263 | 200 |            0s |             ::1 | GET     | /api/health
[shibosi] 2026/07/31 23:13:21 logger.go:87: 2026-07-31 23:13:21.265 | 200 |            0s |             ::1 | GET     | /api/health
[shibosi] 2026/07/31 23:13:36 logger.go:87: 2026-07-31 23:13:36.269 | 200 |            0s |             ::1 | GET     | /api/health
[shibosi] 2026/07/31 23:13:51 logger.go:87: 2026-07-31 23:13:51.264 | 200 |            0s |             ::1 | GET     | /api/health
[shibosi] 2026/07/31 23:14:06 logger.go:87: 2026-07-31 23:14:06.259 | 200 |            0s |             ::1 | GET     | /api/health
[shibosi] 2026/07/31 23:14:21 logger.go:87: 2026-07-31 23:14:21.263 | 200 |            0s |             ::1 | GET     | /api/health
[shibosi] 2026/07/31 23:14:36 logger.go:87: 2026-07-31 23:14:36.265 | 200 |            0s |             ::1 | GET     | /api/health
[shibosi] 2026/07/31 23:14:51 logger.go:87: 2026-07-31 23:14:51.264 | 200 |            0s |             ::1 | GET     | /api/health
[shibosi] 2026/07/31 23:15:00 logger.go:55: [INFO] 定时任务: Redis黑名单同步
[shibosi] 2026/07/31 23:15:06 logger.go:87: 2026-07-31 23:15:06.258 | 200 |            0s |             ::1 | GET     | /api/health
[shibosi] 2026/07/31 23:15:21 logger.go:87: 2026-07-31 23:15:21.274 | 200 |            0s |             ::1 | GET     | /api/health
[shibosi] 2026/07/31 23:15:27 logger.go:87: 2026-07-31 23:15:27.589 | 204 |            0s |             ::1 | OPTIONS | /api/v1/auth/login
[shibosi] 2026/07/31 23:15:27 logger.go:87: 2026-07-31 23:15:27.592 | 200 |      1.1077ms |             ::1 | POST    | /api/v1/auth/login
[shibosi] 2026/07/31 23:15:28 logger.go:87: 2026-07-31 23:15:28.136 | 200 |       3.554ms |             ::1 | POST    | /api/v1/auth/login
[shibosi] 2026/07/31 23:15:28 logger.go:87: 2026-07-31 23:15:28.305 | 200 |       1.591ms |             ::1 | POST    | /api/v1/auth/login
[shibosi] 2026/07/31 23:15:28 logger.go:87: 2026-07-31 23:15:28.479 | 200 |       3.343ms |             ::1 | POST    | /api/v1/auth/login
[shibosi] 2026/07/31 23:15:28 logger.go:87: 2026-07-31 23:15:28.636 | 200 |      3.1223ms |             ::1 | POST    | /api/v1/auth/login
[shibosi] 2026/07/31 23:15:28 logger.go:87: 2026-07-31 23:15:28.798 | 200 |      6.5587ms |             ::1 | POST    | /api/v1/auth/login
[shibosi] 2026/07/31 23:15:28 logger.go:87: 2026-07-31 23:15:28.988 | 200 |      2.0019ms |             ::1 | POST    | /api/v1/auth/login
[shibosi] 2026/07/31 23:15:29 logger.go:87: 2026-07-31 23:15:29.167 | 200 |       549.1µs |             ::1 | POST    | /api/v1/auth/login
[shibosi] 2026/07/31 23:15:36 logger.go:87: 2026-07-31 23:15:36.262 | 200 |            0s |             ::1 | GET     | /api/health
[shibosi] 2026/07/31 23:15:51 logger.go:55: [INFO] 正在关闭服务...
[shibosi] 2026/07/31 23:15:51 logger.go:55: [INFO] 服务已安全关闭
[shibosi] 2026/07/31 23:16:05 logger.go:55: [INFO] 定时任务已注册
[shibosi] 2026/07/31 23:16:05 logger.go:55: [INFO] 市舶司 v2 后台已就绪 - 6 大模块全部启用
[shibosi] 2026/07/31 23:16:05 logger.go:55: [INFO] 访问: http://localhost:8084/admin
[shibosi] 2026/07/31 23:16:05 logger.go:55: [INFO] ========================================
[shibosi] 2026/07/31 23:16:05 logger.go:55: [INFO]   市舶司 - 统一管理后台 v2.0
[shibosi] 2026/07/31 23:16:05 logger.go:55: [INFO] ========================================
[shibosi] 2026/07/31 23:16:05 logger.go:55: [INFO] 监听地址: http://localhost:8084
[shibosi] 2026/07/31 23:16:05 logger.go:55: [INFO] 管理面板: http://localhost:8084/admin
[shibosi] 2026/07/31 23:16:05 logger.go:55: [INFO] API文档:  http://localhost:8084/api/v1
[shibosi] 2026/07/31 23:16:05 logger.go:55: [INFO] ========================================
[shibosi] 2026/07/31 23:16:35 logger.go:87: 2026-07-31 23:16:35.532 | 200 |            0s |             ::1 | GET     | /api/health
[shibosi] 2026/07/31 23:16:50 logger.go:87: 2026-07-31 23:16:50.602 | 200 |            0s |             ::1 | GET     | /api/health
[shibosi] 2026/07/31 23:16:50 logger.go:87: 2026-07-31 23:16:50.604 | 200 |       521.7µs |             ::1 | GET     | /api/health
[shibosi] 2026/07/31 23:17:20 logger.go:87: 2026-07-31 23:17:20.636 | 200 |            0s |             ::1 | GET     | /api/health
[shibosi] 2026/07/31 23:17:35 logger.go:87: 2026-07-31 23:17:35.656 | 200 |            0s |             ::1 | GET     | /api/health
[shibosi] 2026/07/31 23:17:35 logger.go:87: 2026-07-31 23:17:35.667 | 200 |            0s |             ::1 | GET     | /api/health
[shibosi] 2026/07/31 23:17:50 logger.go:87: 2026-07-31 23:17:50.538 | 200 |            0s |             ::1 | GET     | /api/health
[shibosi] 2026/07/31 23:18:05 logger.go:87: 2026-07-31 23:18:05.533 | 200 |            0s |             ::1 | GET     | /api/health
[shibosi] 2026/07/31 23:18:20 logger.go:87: 2026-07-31 23:18:20.528 | 200 |            0s |             ::1 | GET     | /api/health
[shibosi] 2026/07/31 23:18:35 logger.go:87: 2026-07-31 23:18:35.533 | 200 |            0s |             ::1 | GET     | /api/health
[shibosi] 2026/07/31 23:18:50 logger.go:87: 2026-07-31 23:18:50.531 | 200 |            0s |             ::1 | GET     | /api/health
[shibosi] 2026/07/31 23:19:05 logger.go:87: 2026-07-31 23:19:05.529 | 200 |         523µs |             ::1 | GET     | /api/health
[shibosi] 2026/07/31 23:19:20 logger.go:87: 2026-07-31 23:19:20.533 | 200 |            0s |             ::1 | GET     | /api/health
[shibosi] 2026/07/31 23:19:35 logger.go:87: 2026-07-31 23:19:35.541 | 200 |            0s |             ::1 | GET     | /api/health
[shibosi] 2026/07/31 23:19:50 logger.go:87: 2026-07-31 23:19:50.532 | 200 |            0s |             ::1 | GET     | /api/health
[shibosi] 2026/07/31 23:20:00 logger.go:55: [INFO] 定时任务: Redis黑名单同步
[shibosi] 2026/07/31 23:20:05 logger.go:87: 2026-07-31 23:20:05.529 | 200 |            0s |             ::1 | GET     | /api/health
[shibosi] 2026/07/31 23:20:20 logger.go:87: 2026-07-31 23:20:20.533 | 200 |            0s |             ::1 | GET     | /api/health
[shibosi] 2026/07/31 23:20:35 logger.go:87: 2026-07-31 23:20:35.530 | 200 |            0s |             ::1 | GET     | /api/health
[shibosi] 2026/07/31 23:20:50 logger.go:87: 2026-07-31 23:20:50.533 | 200 |            0s |             ::1 | GET     | /api/health
[shibosi] 2026/07/31 23:21:05 logger.go:87: 2026-07-31 23:21:05.532 | 200 |            0s |             ::1 | GET     | /api/health
[shibosi] 2026/07/31 23:21:20 logger.go:87: 2026-07-31 23:21:20.534 | 200 |            0s |             ::1 | GET     | /api/health
[shibosi] 2026/07/31 23:21:35 logger.go:87: 2026-07-31 23:21:35.542 | 200 |            0s |             ::1 | GET     | /api/health
[shibosi] 2026/07/31 23:21:50 logger.go:87: 2026-07-31 23:21:50.532 | 200 |            0s |             ::1 | GET     | /api/health
[shibosi] 2026/07/31 23:22:05 logger.go:87: 2026-07-31 23:22:05.532 | 200 |            0s |             ::1 | GET     | /api/health
[shibosi] 2026/07/31 23:22:20 logger.go:87: 2026-07-31 23:22:20.543 | 200 |       524.3µs |             ::1 | GET     | /api/health
[shibosi] 2026/07/31 23:22:35 logger.go:87: 2026-07-31 23:22:35.533 | 200 |            0s |             ::1 | GET     | /api/health
[shibosi] 2026/07/31 23:22:50 logger.go:87: 2026-07-31 23:22:50.533 | 200 |       535.6µs |             ::1 | GET     | /api/health
[shibosi] 2026/07/31 23:23:05 logger.go:87: 2026-07-31 23:23:05.531 | 200 |        63.1µs |             ::1 | GET     | /api/health
[shibosi] 2026/07/31 23:23:20 logger.go:87: 2026-07-31 23:23:20.723 | 200 |            0s |             ::1 | GET     | /api/health
[shibosi] 2026/07/31 23:23:35 logger.go:87: 2026-07-31 23:23:35.544 | 200 |            0s |             ::1 | GET     | /api/health
[shibosi] 2026/07/31 23:23:50 logger.go:87: 2026-07-31 23:23:50.539 | 200 |            0s |             ::1 | GET     | /api/health
[shibosi] 2026/07/31 23:24:05 logger.go:87: 2026-07-31 23:24:05.541 | 200 |            0s |             ::1 | GET     | /api/health
[shibosi] 2026/07/31 23:24:20 logger.go:87: 2026-07-31 23:24:20.559 | 200 |            0s |             ::1 | GET     | /api/health
[shibosi] 2026/07/31 23:24:35 logger.go:87: 2026-07-31 23:24:35.530 | 200 |            0s |             ::1 | GET     | /api/health
[shibosi] 2026/07/31 23:24:50 logger.go:87: 2026-07-31 23:24:50.533 | 200 |            0s |             ::1 | GET     | /api/health
[shibosi] 2026/07/31 23:25:00 logger.go:55: [INFO] 定时任务: Redis黑名单同步
[shibosi] 2026/07/31 23:25:05 logger.go:87: 2026-07-31 23:25:05.536 | 200 |            0s |             ::1 | GET     | /api/health
[shibosi] 2026/07/31 23:25:20 logger.go:87: 2026-07-31 23:25:20.535 | 200 |            0s |             ::1 | GET     | /api/health
[shibosi] 2026/07/31 23:25:35 logger.go:87: 2026-07-31 23:25:35.535 | 200 |        24.5µs |             ::1 | GET     | /api/health
[shibosi] 2026/07/31 23:25:50 logger.go:87: 2026-07-31 23:25:50.533 | 200 |        62.8µs |             ::1 | GET     | /api/health
[shibosi] 2026/07/31 23:26:20 logger.go:87: 2026-07-31 23:26:20.545 | 200 |            0s |             ::1 | GET     | /api/health
[shibosi] 2026/07/31 23:26:35 logger.go:87: 2026-07-31 23:26:35.556 | 200 |        17.8µs |             ::1 | GET     | /api/health
[shibosi] 2026/07/31 23:26:50 logger.go:87: 2026-07-31 23:26:50.574 | 200 |            0s |             ::1 | GET     | /api/health
[shibosi] 2026/07/31 23:27:05 logger.go:87: 2026-07-31 23:27:05.612 | 200 |            0s |             ::1 | GET     | /api/health
[shibosi] 2026/07/31 23:27:20 logger.go:87: 2026-07-31 23:27:20.649 | 200 |            0s |             ::1 | GET     | /api/health
[shibosi] 2026/07/31 23:27:20 logger.go:87: 2026-07-31 23:27:20.671 | 200 |            0s |             ::1 | GET     | /api/health
[shibosi] 2026/07/31 23:27:35 logger.go:87: 2026-07-31 23:27:35.550 | 200 |            0s |             ::1 | GET     | /api/health
[shibosi] 2026/07/31 23:27:50 logger.go:87: 2026-07-31 23:27:50.575 | 200 |            0s |             ::1 | GET     | /api/health
[shibosi] 2026/07/31 23:28:05 logger.go:87: 2026-07-31 23:28:05.558 | 200 |            0s |             ::1 | GET     | /api/health
[shibosi] 2026/07/31 23:28:20 logger.go:87: 2026-07-31 23:28:20.583 | 200 |       512.7µs |             ::1 | GET     | /api/health
[shibosi] 2026/07/31 23:28:35 logger.go:87: 2026-07-31 23:28:35.566 | 200 |            0s |             ::1 | GET     | /api/health
[shibosi] 2026/07/31 23:28:50 logger.go:87: 2026-07-31 23:28:50.535 | 200 |            0s |             ::1 | GET     | /api/health
[shibosi] 2026/07/31 23:29:05 logger.go:87: 2026-07-31 23:29:05.538 | 200 |            0s |             ::1 | GET     | /api/health
[shibosi] 2026/07/31 23:29:20 logger.go:87: 2026-07-31 23:29:20.539 | 200 |            0s |             ::1 | GET     | /api/health
[shibosi] 2026/07/31 23:29:35 logger.go:87: 2026-07-31 23:29:35.540 | 200 |            0s |             ::1 | GET     | /api/health
[shibosi] 2026/07/31 23:29:50 logger.go:87: 2026-07-31 23:29:50.536 | 200 |            0s |             ::1 | GET     | /api/health
[shibosi] 2026/07/31 23:30:00 logger.go:55: [INFO] 定时任务: Redis黑名单同步
[shibosi] 2026/07/31 23:30:05 logger.go:87: 2026-07-31 23:30:05.528 | 200 |            0s |             ::1 | GET     | /api/health
[shibosi] 2026/07/31 23:30:20 logger.go:87: 2026-07-31 23:30:20.534 | 200 |            0s |             ::1 | GET     | /api/health
[shibosi] 2026/07/31 23:30:35 logger.go:87: 2026-07-31 23:30:35.535 | 200 |            0s |             ::1 | GET     | /api/health
[shibosi] 2026/07/31 23:30:50 logger.go:87: 2026-07-31 23:30:50.538 | 200 |            0s |             ::1 | GET     | /api/health
[shibosi] 2026/07/31 23:31:05 logger.go:87: 2026-07-31 23:31:05.798 | 200 |            0s |             ::1 | GET     | /api/health
[shibosi] 2026/07/31 23:31:20 logger.go:87: 2026-07-31 23:31:20.544 | 200 |            0s |             ::1 | GET     | /api/health
[shibosi] 2026/07/31 23:31:35 logger.go:87: 2026-07-31 23:31:35.662 | 200 |            0s |             ::1 | GET     | /api/health
[shibosi] 2026/07/31 23:31:50 logger.go:87: 2026-07-31 23:31:50.539 | 200 |            0s |             ::1 | GET     | /api/health
[shibosi] 2026/07/31 23:32:05 logger.go:87: 2026-07-31 23:32:05.633 | 200 |            0s |             ::1 | GET     | /api/health
[shibosi] 2026/07/31 23:32:20 logger.go:87: 2026-07-31 23:32:20.558 | 200 |            0s |             ::1 | GET     | /api/health
[shibosi] 2026/07/31 23:32:35 logger.go:87: 2026-07-31 23:32:35.756 | 200 |       526.1µs |             ::1 | GET     | /api/health
[shibosi] 2026/07/31 23:32:50 logger.go:87: 2026-07-31 23:32:50.532 | 200 |            0s |             ::1 | GET     | /api/health
[shibosi] 2026/07/31 23:33:05 logger.go:87: 2026-07-31 23:33:05.535 | 200 |            0s |             ::1 | GET     | /api/health
[shibosi] 2026/07/31 23:33:20 logger.go:87: 2026-07-31 23:33:20.552 | 200 |            0s |             ::1 | GET     | /api/health
[shibosi] 2026/07/31 23:33:35 logger.go:87: 2026-07-31 23:33:35.539 | 200 |            0s |             ::1 | GET     | /api/health
[shibosi] 2026/07/31 23:33:50 logger.go:87: 2026-07-31 23:33:50.541 | 200 |            0s |             ::1 | GET     | /api/health
[shibosi] 2026/07/31 23:34:05 logger.go:87: 2026-07-31 23:34:05.770 | 200 |       534.5µs |             ::1 | GET     | /api/health
[shibosi] 2026/07/31 23:34:20 logger.go:87: 2026-07-31 23:34:20.539 | 200 |            0s |             ::1 | GET     | /api/health
[shibosi] 2026/07/31 23:34:35 logger.go:87: 2026-07-31 23:34:35.541 | 200 |        44.4µs |             ::1 | GET     | /api/health
[shibosi] 2026/07/31 23:34:50 logger.go:87: 2026-07-31 23:34:50.633 | 200 |            0s |             ::1 | GET     | /api/health
[shibosi] 2026/07/31 23:35:00 logger.go:55: [INFO] 定时任务: Redis黑名单同步
[shibosi] 2026/07/31 23:35:05 logger.go:87: 2026-07-31 23:35:05.532 | 200 |            0s |             ::1 | GET     | /api/health
[shibosi] 2026/07/31 23:35:20 logger.go:87: 2026-07-31 23:35:20.533 | 200 |            0s |             ::1 | GET     | /api/health
[shibosi] 2026/07/31 23:35:35 logger.go:87: 2026-07-31 23:35:35.537 | 200 |            0s |             ::1 | GET     | /api/health
[shibosi] 2026/07/31 23:35:50 logger.go:87: 2026-07-31 23:35:50.548 | 200 |       522.8µs |             ::1 | GET     | /api/health
[shibosi] 2026/07/31 23:36:05 logger.go:87: 2026-07-31 23:36:05.929 | 200 |            0s |             ::1 | GET     | /api/health
[shibosi] 2026/07/31 23:36:20 logger.go:87: 2026-07-31 23:36:20.551 | 200 |            0s |             ::1 | GET     | /api/health
[shibosi] 2026/07/31 23:36:35 logger.go:87: 2026-07-31 23:36:35.528 | 200 |            0s |             ::1 | GET     | /api/health
[shibosi] 2026/07/31 23:36:50 logger.go:87: 2026-07-31 23:36:50.544 | 200 |            0s |             ::1 | GET     | /api/health
[shibosi] 2026/07/31 23:37:05 logger.go:87: 2026-07-31 23:37:05.534 | 200 |            0s |             ::1 | GET     | /api/health
[shibosi] 2026/07/31 23:37:20 logger.go:87: 2026-07-31 23:37:20.538 | 200 |            0s |             ::1 | GET     | /api/health
[shibosi] 2026/07/31 23:37:35 logger.go:87: 2026-07-31 23:37:35.539 | 200 |            0s |             ::1 | GET     | /api/health
[shibosi] 2026/07/31 23:37:50 logger.go:87: 2026-07-31 23:37:50.540 | 200 |            0s |             ::1 | GET     | /api/health
[shibosi] 2026/07/31 23:38:05 logger.go:87: 2026-07-31 23:38:05.539 | 200 |            0s |             ::1 | GET     | /api/health
[shibosi] 2026/07/31 23:38:20 logger.go:87: 2026-07-31 23:38:20.538 | 200 |       517.9µs |             ::1 | GET     | /api/health
[shibosi] 2026/07/31 23:38:35 logger.go:87: 2026-07-31 23:38:35.537 | 200 |            0s |             ::1 | GET     | /api/health
[shibosi] 2026/07/31 23:38:50 logger.go:87: 2026-07-31 23:38:50.539 | 200 |            0s |             ::1 | GET     | /api/health
[shibosi] 2026/07/31 23:39:05 logger.go:87: 2026-07-31 23:39:05.533 | 200 |            0s |             ::1 | GET     | /api/health
[shibosi] 2026/07/31 23:39:20 logger.go:87: 2026-07-31 23:39:20.542 | 200 |            0s |             ::1 | GET     | /api/health
[shibosi] 2026/07/31 23:39:35 logger.go:87: 2026-07-31 23:39:35.556 | 200 |            0s |             ::1 | GET     | /api/health
[shibosi] 2026/07/31 23:39:50 logger.go:87: 2026-07-31 23:39:50.529 | 200 |            0s |             ::1 | GET     | /api/health
[shibosi] 2026/07/31 23:40:00 logger.go:55: [INFO] 定时任务: Redis黑名单同步
[shibosi] 2026/07/31 23:40:05 logger.go:87: 2026-07-31 23:40:05.541 | 200 |            0s |             ::1 | GET     | /api/health
[shibosi] 2026/07/31 23:40:20 logger.go:87: 2026-07-31 23:40:20.533 | 200 |            0s |             ::1 | GET     | /api/health
[shibosi] 2026/07/31 23:40:35 logger.go:87: 2026-07-31 23:40:35.541 | 200 |            0s |             ::1 | GET     | /api/health
[shibosi] 2026/07/31 23:40:50 logger.go:87: 2026-07-31 23:40:50.545 | 200 |            0s |             ::1 | GET     | /api/health
[shibosi] 2026/07/31 23:41:05 logger.go:87: 2026-07-31 23:41:05.547 | 200 |            0s |             ::1 | GET     | /api/health
[shibosi] 2026/07/31 23:41:20 logger.go:87: 2026-07-31 23:41:20.541 | 200 |            0s |             ::1 | GET     | /api/health
[shibosi] 2026/07/31 23:41:35 logger.go:87: 2026-07-31 23:41:35.547 | 200 |            0s |             ::1 | GET     | /api/health
[shibosi] 2026/07/31 23:41:50 logger.go:87: 2026-07-31 23:41:50.538 | 200 |       509.6µs |             ::1 | GET     | /api/health
[shibosi] 2026/07/31 23:42:05 logger.go:87: 2026-07-31 23:42:05.541 | 200 |            0s |             ::1 | GET     | /api/health
[shibosi] 2026/07/31 23:42:20 logger.go:87: 2026-07-31 23:42:20.671 | 200 |       537.9µs |             ::1 | GET     | /api/health
[shibosi] 2026/07/31 23:42:35 logger.go:87: 2026-07-31 23:42:35.540 | 200 |       532.8µs |             ::1 | GET     | /api/health
[shibosi] 2026/07/31 23:42:50 logger.go:87: 2026-07-31 23:42:50.534 | 200 |            0s |             ::1 | GET     | /api/health
[shibosi] 2026/07/31 23:43:05 logger.go:87: 2026-07-31 23:43:05.542 | 200 |            0s |             ::1 | GET     | /api/health
[shibosi] 2026/07/31 23:43:20 logger.go:87: 2026-07-31 23:43:20.539 | 200 |            0s |             ::1 | GET     | /api/health
[shibosi] 2026/07/31 23:43:35 logger.go:87: 2026-07-31 23:43:35.544 | 200 |            0s |             ::1 | GET     | /api/health
[shibosi] 2026/07/31 23:43:50 logger.go:87: 2026-07-31 23:43:50.534 | 200 |            0s |             ::1 | GET     | /api/health
[shibosi] 2026/07/31 23:44:05 logger.go:87: 2026-07-31 23:44:05.534 | 200 |            0s |             ::1 | GET     | /api/health
[shibosi] 2026/07/31 23:44:20 logger.go:87: 2026-07-31 23:44:20.542 | 200 |            0s |             ::1 | GET     | /api/health
[shibosi] 2026/07/31 23:44:35 logger.go:87: 2026-07-31 23:44:35.534 | 200 |       525.9µs |             ::1 | GET     | /api/health
[shibosi] 2026/07/31 23:44:50 logger.go:87: 2026-07-31 23:44:50.531 | 200 |            0s |             ::1 | GET     | /api/health
[shibosi] 2026/07/31 23:45:00 logger.go:55: [INFO] 定时任务: Redis黑名单同步
[shibosi] 2026/07/31 23:45:05 logger.go:87: 2026-07-31 23:45:05.539 | 200 |            0s |             ::1 | GET     | /api/health
[shibosi] 2026/07/31 23:45:20 logger.go:87: 2026-07-31 23:45:20.532 | 200 |            0s |             ::1 | GET     | /api/health
[shibosi] 2026/07/31 23:45:35 logger.go:87: 2026-07-31 23:45:35.558 | 200 |            0s |             ::1 | GET     | /api/health
[shibosi] 2026/07/31 23:45:50 logger.go:87: 2026-07-31 23:45:50.538 | 200 |            0s |             ::1 | GET     | /api/health
[shibosi] 2026/07/31 23:46:05 logger.go:87: 2026-07-31 23:46:05.538 | 200 |            0s |             ::1 | GET     | /api/health
[shibosi] 2026/07/31 23:46:20 logger.go:87: 2026-07-31 23:46:20.553 | 200 |            0s |             ::1 | GET     | /api/health
[shibosi] 2026/07/31 23:46:35 logger.go:87: 2026-07-31 23:46:35.783 | 200 |            0s |             ::1 | GET     | /api/health
[shibosi] 2026/07/31 23:46:50 logger.go:87: 2026-07-31 23:46:50.533 | 200 |       588.9µs |             ::1 | GET     | /api/health
[shibosi] 2026/07/31 23:47:05 logger.go:87: 2026-07-31 23:47:05.532 | 200 |            0s |             ::1 | GET     | /api/health
[shibosi] 2026/07/31 23:47:20 logger.go:87: 2026-07-31 23:47:20.552 | 200 |            0s |             ::1 | GET     | /api/health
[shibosi] 2026/07/31 23:47:35 logger.go:87: 2026-07-31 23:47:35.561 | 200 |       519.2µs |             ::1 | GET     | /api/health
[shibosi] 2026/07/31 23:47:50 logger.go:87: 2026-07-31 23:47:50.539 | 200 |            0s |             ::1 | GET     | /api/health
[shibosi] 2026/07/31 23:48:05 logger.go:87: 2026-07-31 23:48:05.534 | 200 |            0s |             ::1 | GET     | /api/health
[shibosi] 2026/07/31 23:48:20 logger.go:87: 2026-07-31 23:48:20.546 | 200 |            0s |             ::1 | GET     | /api/health
[shibosi] 2026/07/31 23:48:28 logger.go:87: 2026-07-31 23:48:28.170 | 404 |            0s |             ::1 | GET     | /Service/user/user.html
[shibosi] 2026/07/31 23:48:50 logger.go:87: 2026-07-31 23:48:50.549 | 200 |            0s |             ::1 | GET     | /api/health
[shibosi] 2026/07/31 23:49:05 logger.go:87: 2026-07-31 23:49:05.567 | 200 |            0s |             ::1 | GET     | /api/health
[shibosi] 2026/07/31 23:49:20 logger.go:87: 2026-07-31 23:49:20.585 | 200 |            0s |             ::1 | GET     | /api/health
[shibosi] 2026/07/31 23:49:35 logger.go:87: 2026-07-31 23:49:35.607 | 200 |            0s |             ::1 | GET     | /api/health
[shibosi] 2026/07/31 23:49:50 logger.go:87: 2026-07-31 23:49:50.635 | 200 |            0s |             ::1 | GET     | /api/health
[shibosi] 2026/07/31 23:49:50 logger.go:87: 2026-07-31 23:49:50.647 | 200 |            0s |             ::1 | GET     | /api/health
[shibosi] 2026/07/31 23:50:00 logger.go:55: [INFO] 定时任务: Redis黑名单同步
[shibosi] 2026/07/31 23:50:05 logger.go:87: 2026-07-31 23:50:05.533 | 200 |            0s |             ::1 | GET     | /api/health
[shibosi] 2026/07/31 23:50:20 logger.go:87: 2026-07-31 23:50:20.530 | 200 |            0s |             ::1 | GET     | /api/health
[shibosi] 2026/07/31 23:50:35 logger.go:87: 2026-07-31 23:50:35.537 | 200 |            0s |             ::1 | GET     | /api/health
[shibosi] 2026/07/31 23:50:50 logger.go:87: 2026-07-31 23:50:50.530 | 200 |            0s |             ::1 | GET     | /api/health
[shibosi] 2026/07/31 23:51:05 logger.go:87: 2026-07-31 23:51:05.539 | 200 |            0s |             ::1 | GET     | /api/health
[shibosi] 2026/07/31 23:51:20 logger.go:87: 2026-07-31 23:51:20.536 | 200 |            0s |             ::1 | GET     | /api/health
[shibosi] 2026/07/31 23:51:35 logger.go:87: 2026-07-31 23:51:35.531 | 200 |            0s |             ::1 | GET     | /api/health
[shibosi] 2026/07/31 23:51:50 logger.go:87: 2026-07-31 23:51:50.538 | 200 |            0s |             ::1 | GET     | /api/health
[shibosi] 2026/07/31 23:52:05 logger.go:87: 2026-07-31 23:52:05.538 | 200 |            0s |             ::1 | GET     | /api/health
[shibosi] 2026/07/31 23:52:20 logger.go:87: 2026-07-31 23:52:20.539 | 200 |            0s |             ::1 | GET     | /api/health
[shibosi] 2026/07/31 23:52:35 logger.go:87: 2026-07-31 23:52:35.536 | 200 |            0s |             ::1 | GET     | /api/health
[shibosi] 2026/07/31 23:52:50 logger.go:87: 2026-07-31 23:52:50.530 | 200 |            0s |             ::1 | GET     | /api/health
[shibosi] 2026/07/31 23:53:05 logger.go:87: 2026-07-31 23:53:05.530 | 200 |            0s |             ::1 | GET     | /api/health
[shibosi] 2026/07/31 23:53:20 logger.go:87: 2026-07-31 23:53:20.529 | 200 |            0s |             ::1 | GET     | /api/health
[shibosi] 2026/07/31 23:53:35 logger.go:87: 2026-07-31 23:53:35.530 | 200 |            0s |             ::1 | GET     | /api/health
[shibosi] 2026/07/31 23:53:50 logger.go:87: 2026-07-31 23:53:50.536 | 200 |            0s |             ::1 | GET     | /api/health
[shibosi] 2026/07/31 23:54:05 logger.go:87: 2026-07-31 23:54:05.537 | 200 |            0s |             ::1 | GET     | /api/health
[shibosi] 2026/07/31 23:54:20 logger.go:87: 2026-07-31 23:54:20.535 | 200 |            0s |             ::1 | GET     | /api/health
[shibosi] 2026/07/31 23:54:35 logger.go:87: 2026-07-31 23:54:35.527 | 200 |            0s |             ::1 | GET     | /api/health
[shibosi] 2026/07/31 23:54:50 logger.go:87: 2026-07-31 23:54:50.537 | 200 |            0s |             ::1 | GET     | /api/health
[shibosi] 2026/07/31 23:55:00 logger.go:55: [INFO] 定时任务: Redis黑名单同步
[shibosi] 2026/07/31 23:55:05 logger.go:87: 2026-07-31 23:55:05.530 | 200 |            0s |             ::1 | GET     | /api/health
[shibosi] 2026/07/31 23:55:20 logger.go:87: 2026-07-31 23:55:20.538 | 200 |            0s |             ::1 | GET     | /api/health
[shibosi] 2026/07/31 23:55:35 logger.go:87: 2026-07-31 23:55:35.537 | 200 |            0s |             ::1 | GET     | /api/health
[shibosi] 2026/07/31 23:55:50 logger.go:87: 2026-07-31 23:55:50.537 | 200 |            0s |             ::1 | GET     | /api/health
[shibosi] 2026/07/31 23:56:05 logger.go:87: 2026-07-31 23:56:05.536 | 200 |            0s |             ::1 | GET     | /api/health
[shibosi] 2026/07/31 23:56:20 logger.go:87: 2026-07-31 23:56:20.541 | 200 |            0s |             ::1 | GET     | /api/health
[shibosi] 2026/07/31 23:56:35 logger.go:87: 2026-07-31 23:56:35.529 | 200 |            0s |             ::1 | GET     | /api/health
[shibosi] 2026/07/31 23:56:50 logger.go:87: 2026-07-31 23:56:50.528 | 200 |            0s |             ::1 | GET     | /api/health
[shibosi] 2026/07/31 23:57:05 logger.go:87: 2026-07-31 23:57:05.528 | 200 |            0s |             ::1 | GET     | /api/health
[shibosi] 2026/07/31 23:57:20 logger.go:87: 2026-07-31 23:57:20.529 | 200 |            0s |             ::1 | GET     | /api/health
[shibosi] 2026/07/31 23:57:35 logger.go:87: 2026-07-31 23:57:35.541 | 200 |            0s |             ::1 | GET     | /api/health
[shibosi] 2026/07/31 23:57:50 logger.go:87: 2026-07-31 23:57:50.532 | 200 |            0s |             ::1 | GET     | /api/health
[shibosi] 2026/07/31 23:58:05 logger.go:87: 2026-07-31 23:58:05.537 | 200 |            0s |             ::1 | GET     | /api/health
[shibosi] 2026/07/31 23:58:20 logger.go:87: 2026-07-31 23:58:20.532 | 200 |       545.2µs |             ::1 | GET     | /api/health
[shibosi] 2026/07/31 23:58:35 logger.go:87: 2026-07-31 23:58:35.537 | 200 |            0s |             ::1 | GET     | /api/health
[shibosi] 2026/07/31 23:58:50 logger.go:87: 2026-07-31 23:58:50.537 | 200 |            0s |             ::1 | GET     | /api/health
[shibosi] 2026/07/31 23:59:05 logger.go:87: 2026-07-31 23:59:05.530 | 200 |            0s |             ::1 | GET     | /api/health
[shibosi] 2026/07/31 23:59:20 logger.go:87: 2026-07-31 23:59:20.539 | 200 |            0s |             ::1 | GET     | /api/health
[shibosi] 2026/07/31 23:59:35 logger.go:87: 2026-07-31 23:59:35.540 | 200 |            0s |             ::1 | GET     | /api/health
[shibosi] 2026/07/31 23:59:50 logger.go:87: 2026-07-31 23:59:50.529 | 200 |            0s |             ::1 | GET     | /api/health
[shibosi] 2026/08/01 00:00:00 logger.go:55: [INFO] 定时任务: Redis黑名单同步
[shibosi] 2026/08/01 00:00:05 logger.go:87: 2026-08-01 00:00:05.537 | 200 |            0s |             ::1 | GET     | /api/health
[shibosi] 2026/08/01 00:00:20 logger.go:87: 2026-08-01 00:00:20.532 | 200 |            0s |             ::1 | GET     | /api/health
[shibosi] 2026/08/01 00:00:35 logger.go:87: 2026-08-01 00:00:35.529 | 200 |            0s |             ::1 | GET     | /api/health
[shibosi] 2026/08/01 00:00:50 logger.go:87: 2026-08-01 00:00:50.537 | 200 |            0s |             ::1 | GET     | /api/health
[shibosi] 2026/08/01 00:01:05 logger.go:87: 2026-08-01 00:01:05.539 | 200 |            0s |             ::1 | GET     | /api/health
[shibosi] 2026/08/01 00:01:20 logger.go:87: 2026-08-01 00:01:20.528 | 200 |            0s |             ::1 | GET     | /api/health
[shibosi] 2026/08/01 00:01:35 logger.go:87: 2026-08-01 00:01:35.530 | 200 |            0s |             ::1 | GET     | /api/health
[shibosi] 2026/08/01 00:01:50 logger.go:87: 2026-08-01 00:01:50.540 | 200 |            0s |             ::1 | GET     | /api/health
[shibosi] 2026/08/01 00:02:05 logger.go:87: 2026-08-01 00:02:05.531 | 200 |            0s |             ::1 | GET     | /api/health
[shibosi] 2026/08/01 00:02:20 logger.go:87: 2026-08-01 00:02:20.534 | 200 |            0s |             ::1 | GET     | /api/health
[shibosi] 2026/08/01 00:02:35 logger.go:87: 2026-08-01 00:02:35.538 | 200 |            0s |             ::1 | GET     | /api/health
[shibosi] 2026/08/01 00:02:50 logger.go:87: 2026-08-01 00:02:50.530 | 200 |            0s |             ::1 | GET     | /api/health
[shibosi] 2026/08/01 00:03:05 logger.go:87: 2026-08-01 00:03:05.531 | 200 |            0s |             ::1 | GET     | /api/health
[shibosi] 2026/08/01 00:03:20 logger.go:87: 2026-08-01 00:03:20.531 | 200 |            0s |             ::1 | GET     | /api/health
[shibosi] 2026/08/01 00:03:35 logger.go:87: 2026-08-01 00:03:35.531 | 200 |            0s |             ::1 | GET     | /api/health
[shibosi] 2026/08/01 00:03:50 logger.go:87: 2026-08-01 00:03:50.539 | 200 |            0s |             ::1 | GET     | /api/health
[shibosi] 2026/08/01 00:04:05 logger.go:87: 2026-08-01 00:04:05.542 | 200 |            0s |             ::1 | GET     | /api/health
[shibosi] 2026/08/01 00:04:20 logger.go:87: 2026-08-01 00:04:20.542 | 200 |            0s |             ::1 | GET     | /api/health
[shibosi] 2026/08/01 00:04:35 logger.go:87: 2026-08-01 00:04:35.541 | 200 |            0s |             ::1 | GET     | /api/health
[shibosi] 2026/08/01 00:04:50 logger.go:87: 2026-08-01 00:04:50.537 | 200 |        19.1µs |             ::1 | GET     | /api/health
[shibosi] 2026/08/01 00:05:00 logger.go:55: [INFO] 定时任务: Redis黑名单同步
[shibosi] 2026/08/01 00:05:05 logger.go:87: 2026-08-01 00:05:05.531 | 200 |            0s |             ::1 | GET     | /api/health
[shibosi] 2026/08/01 00:05:20 logger.go:87: 2026-08-01 00:05:20.533 | 200 |            0s |             ::1 | GET     | /api/health
[shibosi] 2026/08/01 00:05:35 logger.go:87: 2026-08-01 00:05:35.541 | 200 |            0s |             ::1 | GET     | /api/health
[shibosi] 2026/08/01 00:05:50 logger.go:87: 2026-08-01 00:05:50.531 | 200 |            0s |             ::1 | GET     | /api/health
[shibosi] 2026/08/01 00:06:05 logger.go:87: 2026-08-01 00:06:05.531 | 200 |       520.3µs |             ::1 | GET     | /api/health
[shibosi] 2026/08/01 00:06:20 logger.go:87: 2026-08-01 00:06:20.548 | 200 |            0s |             ::1 | GET     | /api/health
[shibosi] 2026/08/01 00:06:35 logger.go:87: 2026-08-01 00:06:35.541 | 200 |            0s |             ::1 | GET     | /api/health
[shibosi] 2026/08/01 00:06:50 logger.go:87: 2026-08-01 00:06:50.538 | 200 |            0s |             ::1 | GET     | /api/health
[shibosi] 2026/08/01 00:07:05 logger.go:87: 2026-08-01 00:07:05.530 | 200 |            0s |             ::1 | GET     | /api/health
[shibosi] 2026/08/01 00:07:20 logger.go:87: 2026-08-01 00:07:20.532 | 200 |            0s |             ::1 | GET     | /api/health
[shibosi] 2026/08/01 00:07:35 logger.go:87: 2026-08-01 00:07:35.540 | 200 |            0s |             ::1 | GET     | /api/health
[shibosi] 2026/08/01 00:07:50 logger.go:87: 2026-08-01 00:07:50.533 | 200 |        24.2µs |             ::1 | GET     | /api/health
[shibosi] 2026/08/01 00:08:05 logger.go:87: 2026-08-01 00:08:05.538 | 200 |            0s |             ::1 | GET     | /api/health
[shibosi] 2026/08/01 00:08:20 logger.go:87: 2026-08-01 00:08:20.543 | 200 |            0s |             ::1 | GET     | /api/health
[shibosi] 2026/08/01 00:08:35 logger.go:87: 2026-08-01 00:08:35.536 | 200 |            0s |             ::1 | GET     | /api/health
[shibosi] 2026/08/01 00:08:50 logger.go:87: 2026-08-01 00:08:50.532 | 200 |            0s |             ::1 | GET     | /api/health
[shibosi] 2026/08/01 00:09:05 logger.go:87: 2026-08-01 00:09:05.539 | 200 |            0s |             ::1 | GET     | /api/health
[shibosi] 2026/08/01 00:09:20 logger.go:87: 2026-08-01 00:09:20.530 | 200 |            0s |             ::1 | GET     | /api/health
[shibosi] 2026/08/01 00:09:35 logger.go:87: 2026-08-01 00:09:35.539 | 200 |            0s |             ::1 | GET     | /api/health
[shibosi] 2026/08/01 00:09:50 logger.go:87: 2026-08-01 00:09:50.537 | 200 |            0s |             ::1 | GET     | /api/health
[shibosi] 2026/08/01 00:10:00 logger.go:55: [INFO] 定时任务: Redis黑名单同步
[shibosi] 2026/08/01 00:10:05 logger.go:87: 2026-08-01 00:10:05.537 | 200 |            0s |             ::1 | GET     | /api/health
[shibosi] 2026/08/01 00:10:20 logger.go:87: 2026-08-01 00:10:20.533 | 200 |            0s |             ::1 | GET     | /api/health
[shibosi] 2026/08/01 00:10:35 logger.go:87: 2026-08-01 00:10:35.531 | 200 |            0s |             ::1 | GET     | /api/health
[shibosi] 2026/08/01 00:10:50 logger.go:87: 2026-08-01 00:10:50.537 | 200 |            0s |             ::1 | GET     | /api/health
[shibosi] 2026/08/01 00:11:05 logger.go:87: 2026-08-01 00:11:05.536 | 200 |            0s |             ::1 | GET     | /api/health
[shibosi] 2026/08/01 00:11:20 logger.go:87: 2026-08-01 00:11:20.538 | 200 |       527.6µs |             ::1 | GET     | /api/health
[shibosi] 2026/08/01 00:11:35 logger.go:87: 2026-08-01 00:11:35.531 | 200 |            0s |             ::1 | GET     | /api/health
[shibosi] 2026/08/01 00:11:50 logger.go:87: 2026-08-01 00:11:50.530 | 200 |            0s |             ::1 | GET     | /api/health
[shibosi] 2026/08/01 00:12:05 logger.go:87: 2026-08-01 00:12:05.540 | 200 |            0s |             ::1 | GET     | /api/health
[shibosi] 2026/08/01 00:12:19 logger.go:55: [INFO] 正在关闭服务...
[shibosi] 2026/08/01 00:12:19 logger.go:55: [INFO] 服务已安全关闭
[shibosi] 2026/08/01 00:12:34 logger.go:55: [INFO] 定时任务已注册
[shibosi] 2026/08/01 00:12:34 logger.go:55: [INFO] 市舶司 v2 后台已就绪 - 6 大模块全部启用
[shibosi] 2026/08/01 00:12:34 logger.go:55: [INFO] 访问: http://localhost:8084/admin
[shibosi] 2026/08/01 00:12:34 logger.go:55: [INFO] ========================================
[shibosi] 2026/08/01 00:12:34 logger.go:55: [INFO]   市舶司 - 统一管理后台 v2.0
[shibosi] 2026/08/01 00:12:34 logger.go:55: [INFO] ========================================
[shibosi] 2026/08/01 00:12:34 logger.go:55: [INFO] 监听地址: http://localhost:8084
[shibosi] 2026/08/01 00:12:34 logger.go:55: [INFO] 管理面板: http://localhost:8084/admin
[shibosi] 2026/08/01 00:12:34 logger.go:55: [INFO] API文档:  http://localhost:8084/api/v1
[shibosi] 2026/08/01 00:12:34 logger.go:55: [INFO] ========================================
[shibosi] 2026/08/01 00:12:49 logger.go:87: 2026-08-01 00:12:49.615 | 200 |       190.9µs |             ::1 | GET     | /api/health
[shibosi] 2026/08/01 00:13:09 logger.go:87: 2026-08-01 00:13:09.539 | 200 |            0s |             ::1 | GET     | /api/health
[shibosi] 2026/08/01 00:13:19 logger.go:87: 2026-08-01 00:13:19.596 | 200 |            0s |             ::1 | GET     | /api/health
[shibosi] 2026/08/01 00:13:36 logger.go:87: 2026-08-01 00:13:36.500 | 204 |            0s |             ::1 | OPTIONS | /api/v1/user/data
[shibosi] 2026/08/01 00:13:36 logger.go:87: 2026-08-01 00:13:36.505 | 401 |       546.4µs |             ::1 | GET     | /api/v1/user/data
[shibosi] 2026/08/01 00:13:38 logger.go:87: 2026-08-01 00:13:38.370 | 200 |            0s |             ::1 | GET     | /api/health
[shibosi] 2026/08/01 00:13:49 logger.go:87: 2026-08-01 00:13:49.591 | 200 |            0s |             ::1 | GET     | /api/health
[shibosi] 2026/08/01 00:14:20 logger.go:87: 2026-08-01 00:14:20.526 | 200 |            0s |             ::1 | GET     | /api/health
[shibosi] 2026/08/01 00:14:35 logger.go:87: 2026-08-01 00:14:35.581 | 200 |            0s |             ::1 | GET     | /api/health
[shibosi] 2026/08/01 00:14:43 logger.go:87: 2026-08-01 00:14:43.381 | 200 |            0s |             ::1 | GET     | /api/health
[shibosi] 2026/08/01 00:14:49 logger.go:87: 2026-08-01 00:14:49.624 | 200 |            0s |             ::1 | GET     | /api/health
[shibosi] 2026/08/01 00:15:00 logger.go:55: [INFO] 定时任务: Redis黑名单同步
[shibosi] 2026/08/01 00:15:04 logger.go:87: 2026-08-01 00:15:04.599 | 200 |            0s |             ::1 | GET     | /api/health
[shibosi] 2026/08/01 00:15:19 logger.go:87: 2026-08-01 00:15:19.588 | 200 |            0s |             ::1 | GET     | /api/health
[shibosi] 2026/08/01 00:15:34 logger.go:87: 2026-08-01 00:15:34.600 | 200 |            0s |             ::1 | GET     | /api/health
[shibosi] 2026/08/01 00:15:49 logger.go:87: 2026-08-01 00:15:49.594 | 200 |            0s |             ::1 | GET     | /api/health
[shibosi] 2026/08/01 00:16:04 logger.go:87: 2026-08-01 00:16:04.870 | 200 |            0s |             ::1 | GET     | /api/health
[shibosi] 2026/08/01 00:16:19 logger.go:87: 2026-08-01 00:16:19.759 | 200 |            0s |             ::1 | GET     | /api/health
[shibosi] 2026/08/01 00:16:34 logger.go:87: 2026-08-01 00:16:34.600 | 200 |            0s |             ::1 | GET     | /api/health
[shibosi] 2026/08/01 00:16:49 logger.go:87: 2026-08-01 00:16:49.593 | 200 |            0s |             ::1 | GET     | /api/health
[shibosi] 2026/08/01 00:17:04 logger.go:87: 2026-08-01 00:17:04.590 | 200 |            0s |             ::1 | GET     | /api/health
[shibosi] 2026/08/01 00:17:19 logger.go:87: 2026-08-01 00:17:19.601 | 200 |            0s |             ::1 | GET     | /api/health
[shibosi] 2026/08/01 00:17:34 logger.go:87: 2026-08-01 00:17:34.599 | 200 |            0s |             ::1 | GET     | /api/health
[shibosi] 2026/08/01 00:17:49 logger.go:87: 2026-08-01 00:17:49.592 | 200 |            0s |             ::1 | GET     | /api/health
[shibosi] 2026/08/01 00:18:04 logger.go:87: 2026-08-01 00:18:04.595 | 200 |       529.1µs |             ::1 | GET     | /api/health
[shibosi] 2026/08/01 00:18:19 logger.go:87: 2026-08-01 00:18:19.600 | 200 |            0s |             ::1 | GET     | /api/health
[shibosi] 2026/08/01 00:18:34 logger.go:87: 2026-08-01 00:18:34.600 | 200 |            0s |             ::1 | GET     | /api/health
[shibosi] 2026/08/01 00:18:49 logger.go:87: 2026-08-01 00:18:49.599 | 200 |            0s |             ::1 | GET     | /api/health
[shibosi] 2026/08/01 00:19:04 logger.go:87: 2026-08-01 00:19:04.598 | 200 |            0s |             ::1 | GET     | /api/health
[shibosi] 2026/08/01 00:19:19 logger.go:87: 2026-08-01 00:19:19.603 | 200 |            0s |             ::1 | GET     | /api/health
[shibosi] 2026/08/01 00:19:34 logger.go:87: 2026-08-01 00:19:34.590 | 200 |            0s |             ::1 | GET     | /api/health
[shibosi] 2026/08/01 00:19:49 logger.go:87: 2026-08-01 00:19:49.591 | 200 |            0s |             ::1 | GET     | /api/health
[shibosi] 2026/08/01 00:20:00 logger.go:55: [INFO] 定时任务: Redis黑名单同步
[shibosi] 2026/08/01 00:20:04 logger.go:87: 2026-08-01 00:20:04.590 | 200 |            0s |             ::1 | GET     | /api/health
[shibosi] 2026/08/01 00:20:19 logger.go:87: 2026-08-01 00:20:19.590 | 200 |            0s |             ::1 | GET     | /api/health
[shibosi] 2026/08/01 00:20:34 logger.go:87: 2026-08-01 00:20:34.601 | 200 |            0s |             ::1 | GET     | /api/health
[shibosi] 2026/08/01 00:20:49 logger.go:87: 2026-08-01 00:20:49.597 | 200 |            0s |             ::1 | GET     | /api/health
[shibosi] 2026/08/01 00:21:04 logger.go:87: 2026-08-01 00:21:04.592 | 200 |            0s |             ::1 | GET     | /api/health
[shibosi] 2026/08/01 00:21:19 logger.go:87: 2026-08-01 00:21:19.596 | 200 |            0s |             ::1 | GET     | /api/health
[shibosi] 2026/08/01 00:21:34 logger.go:87: 2026-08-01 00:21:34.598 | 200 |            0s |             ::1 | GET     | /api/health
[shibosi] 2026/08/01 00:21:49 logger.go:87: 2026-08-01 00:21:49.600 | 200 |            0s |             ::1 | GET     | /api/health
[shibosi] 2026/08/01 00:22:04 logger.go:87: 2026-08-01 00:22:04.592 | 200 |            0s |             ::1 | GET     | /api/health
[shibosi] 2026/08/01 00:22:19 logger.go:87: 2026-08-01 00:22:19.597 | 200 |       545.5µs |             ::1 | GET     | /api/health
[shibosi] 2026/08/01 00:22:34 logger.go:87: 2026-08-01 00:22:34.594 | 200 |            0s |             ::1 | GET     | /api/health
[shibosi] 2026/08/01 00:22:49 logger.go:87: 2026-08-01 00:22:49.601 | 200 |            0s |             ::1 | GET     | /api/health
[shibosi] 2026/08/01 00:23:04 logger.go:87: 2026-08-01 00:23:04.590 | 200 |            0s |             ::1 | GET     | /api/health
[shibosi] 2026/08/01 00:23:19 logger.go:87: 2026-08-01 00:23:19.599 | 200 |            0s |             ::1 | GET     | /api/health
[shibosi] 2026/08/01 00:23:34 logger.go:87: 2026-08-01 00:23:34.604 | 200 |            0s |             ::1 | GET     | /api/health
[shibosi] 2026/08/01 00:23:49 logger.go:87: 2026-08-01 00:23:49.599 | 200 |            0s |             ::1 | GET     | /api/health
[shibosi] 2026/08/01 00:24:04 logger.go:87: 2026-08-01 00:24:04.598 | 200 |            0s |             ::1 | GET     | /api/health
[shibosi] 2026/08/01 00:24:19 logger.go:87: 2026-08-01 00:24:19.601 | 200 |       575.6µs |             ::1 | GET     | /api/health
[shibosi] 2026/08/01 00:24:34 logger.go:87: 2026-08-01 00:24:34.594 | 200 |            0s |             ::1 | GET     | /api/health
[shibosi] 2026/08/01 00:24:49 logger.go:87: 2026-08-01 00:24:49.719 | 200 |            0s |             ::1 | GET     | /api/health
[shibosi] 2026/08/01 00:25:00 logger.go:55: [INFO] 定时任务: Redis黑名单同步
[shibosi] 2026/08/01 00:25:04 logger.go:87: 2026-08-01 00:25:04.589 | 200 |            0s |             ::1 | GET     | /api/health
[shibosi] 2026/08/01 00:25:19 logger.go:87: 2026-08-01 00:25:19.591 | 200 |            0s |             ::1 | GET     | /api/health
[shibosi] 2026/08/01 00:25:34 logger.go:87: 2026-08-01 00:25:34.596 | 200 |            0s |             ::1 | GET     | /api/health
[shibosi] 2026/08/01 00:25:49 logger.go:87: 2026-08-01 00:25:49.592 | 200 |        67.6µs |             ::1 | GET     | /api/health
[shibosi] 2026/08/01 00:26:04 logger.go:87: 2026-08-01 00:26:04.591 | 200 |        55.8µs |             ::1 | GET     | /api/health
[shibosi] 2026/08/01 00:26:19 logger.go:87: 2026-08-01 00:26:19.589 | 200 |            0s |             ::1 | GET     | /api/health
[shibosi] 2026/08/01 00:26:34 logger.go:87: 2026-08-01 00:26:34.598 | 200 |            0s |             ::1 | GET     | /api/health
[shibosi] 2026/08/01 00:26:49 logger.go:87: 2026-08-01 00:26:49.599 | 200 |            0s |             ::1 | GET     | /api/health
[shibosi] 2026/08/01 00:27:04 logger.go:87: 2026-08-01 00:27:04.597 | 200 |            0s |             ::1 | GET     | /api/health
[shibosi] 2026/08/01 00:27:19 logger.go:87: 2026-08-01 00:27:19.596 | 200 |            0s |             ::1 | GET     | /api/health
[shibosi] 2026/08/01 00:27:34 logger.go:87: 2026-08-01 00:27:34.594 | 200 |       520.7µs |             ::1 | GET     | /api/health
[shibosi] 2026/08/01 00:27:49 logger.go:87: 2026-08-01 00:27:49.592 | 200 |            0s |             ::1 | GET     | /api/health
[shibosi] 2026/08/01 00:28:04 logger.go:87: 2026-08-01 00:28:04.594 | 200 |            0s |             ::1 | GET     | /api/health
[shibosi] 2026/08/01 00:28:19 logger.go:87: 2026-08-01 00:28:19.593 | 200 |       522.9µs |             ::1 | GET     | /api/health
[shibosi] 2026/08/01 00:28:34 logger.go:87: 2026-08-01 00:28:34.590 | 200 |            0s |             ::1 | GET     | /api/health
[shibosi] 2026/08/01 00:28:49 logger.go:87: 2026-08-01 00:28:49.589 | 200 |            0s |             ::1 | GET     | /api/health
[shibosi] 2026/08/01 00:29:04 logger.go:87: 2026-08-01 00:29:04.593 | 200 |            0s |             ::1 | GET     | /api/health
[shibosi] 2026/08/01 00:29:19 logger.go:87: 2026-08-01 00:29:19.591 | 200 |            0s |             ::1 | GET     | /api/health
[shibosi] 2026/08/01 00:29:34 logger.go:87: 2026-08-01 00:29:34.597 | 200 |        52.3µs |             ::1 | GET     | /api/health
[shibosi] 2026/08/01 00:29:49 logger.go:87: 2026-08-01 00:29:49.589 | 200 |            0s |             ::1 | GET     | /api/health
[shibosi] 2026/08/01 00:30:00 logger.go:55: [INFO] 定时任务: Redis黑名单同步
[shibosi] 2026/08/01 00:30:04 logger.go:87: 2026-08-01 00:30:04.597 | 200 |            0s |             ::1 | GET     | /api/health
[shibosi] 2026/08/01 00:30:19 logger.go:87: 2026-08-01 00:30:19.588 | 200 |            0s |             ::1 | GET     | /api/health
[shibosi] 2026/08/01 00:30:34 logger.go:87: 2026-08-01 00:30:34.594 | 200 |            0s |             ::1 | GET     | /api/health
[shibosi] 2026/08/01 00:30:49 logger.go:87: 2026-08-01 00:30:49.598 | 200 |            0s |             ::1 | GET     | /api/health
[shibosi] 2026/08/01 00:31:04 logger.go:87: 2026-08-01 00:31:04.601 | 200 |            0s |             ::1 | GET     | /api/health
[shibosi] 2026/08/01 00:31:19 logger.go:87: 2026-08-01 00:31:19.596 | 200 |        56.5µs |             ::1 | GET     | /api/health
[shibosi] 2026/08/01 00:31:34 logger.go:87: 2026-08-01 00:31:34.608 | 200 |            0s |             ::1 | GET     | /api/health
[shibosi] 2026/08/01 00:31:49 logger.go:87: 2026-08-01 00:31:49.589 | 200 |            0s |             ::1 | GET     | /api/health
[shibosi] 2026/08/01 00:32:04 logger.go:87: 2026-08-01 00:32:04.589 | 200 |            0s |             ::1 | GET     | /api/health
[shibosi] 2026/08/01 00:32:19 logger.go:87: 2026-08-01 00:32:19.595 | 200 |            0s |             ::1 | GET     | /api/health
[shibosi] 2026/08/01 00:32:34 logger.go:87: 2026-08-01 00:32:34.596 | 200 |            0s |             ::1 | GET     | /api/health
[shibosi] 2026/08/01 00:32:49 logger.go:87: 2026-08-01 00:32:49.596 | 200 |            0s |             ::1 | GET     | /api/health
[shibosi] 2026/08/01 00:33:04 logger.go:87: 2026-08-01 00:33:04.604 | 200 |            0s |             ::1 | GET     | /api/health
[shibosi] 2026/08/01 00:33:19 logger.go:87: 2026-08-01 00:33:19.591 | 200 |            0s |             ::1 | GET     | /api/health
[shibosi] 2026/08/01 00:33:34 logger.go:87: 2026-08-01 00:33:34.589 | 200 |            0s |             ::1 | GET     | /api/health
[shibosi] 2026/08/01 00:33:49 logger.go:87: 2026-08-01 00:33:49.597 | 200 |            0s |             ::1 | GET     | /api/health
[shibosi] 2026/08/01 00:34:04 logger.go:87: 2026-08-01 00:34:04.591 | 200 |            0s |             ::1 | GET     | /api/health
[shibosi] 2026/08/01 00:34:19 logger.go:87: 2026-08-01 00:34:19.589 | 200 |            0s |             ::1 | GET     | /api/health
[shibosi] 2026/08/01 00:34:34 logger.go:87: 2026-08-01 00:34:34.596 | 200 |            0s |             ::1 | GET     | /api/health
[shibosi] 2026/08/01 00:34:49 logger.go:87: 2026-08-01 00:34:49.596 | 200 |            0s |             ::1 | GET     | /api/health
[shibosi] 2026/08/01 00:35:00 logger.go:55: [INFO] 定时任务: Redis黑名单同步
[shibosi] 2026/08/01 00:35:04 logger.go:87: 2026-08-01 00:35:04.600 | 200 |            0s |             ::1 | GET     | /api/health
[shibosi] 2026/08/01 00:35:19 logger.go:87: 2026-08-01 00:35:19.590 | 200 |            0s |             ::1 | GET     | /api/health
[shibosi] 2026/08/01 00:35:34 logger.go:87: 2026-08-01 00:35:34.590 | 200 |            0s |             ::1 | GET     | /api/health
[shibosi] 2026/08/01 00:35:49 logger.go:87: 2026-08-01 00:35:49.589 | 200 |            0s |             ::1 | GET     | /api/health
[shibosi] 2026/08/01 00:36:04 logger.go:87: 2026-08-01 00:36:04.599 | 200 |            0s |             ::1 | GET     | /api/health
[shibosi] 2026/08/01 00:36:19 logger.go:87: 2026-08-01 00:36:19.597 | 200 |            0s |             ::1 | GET     | /api/health
[shibosi] 2026/08/01 00:36:34 logger.go:87: 2026-08-01 00:36:34.602 | 200 |            0s |             ::1 | GET     | /api/health
[shibosi] 2026/08/01 00:36:49 logger.go:87: 2026-08-01 00:36:49.598 | 200 |        18.2µs |             ::1 | GET     | /api/health
[shibosi] 2026/08/01 00:37:04 logger.go:87: 2026-08-01 00:37:04.597 | 200 |            0s |             ::1 | GET     | /api/health
[shibosi] 2026/08/01 00:37:19 logger.go:87: 2026-08-01 00:37:19.594 | 200 |            0s |             ::1 | GET     | /api/health
[shibosi] 2026/08/01 00:37:34 logger.go:87: 2026-08-01 00:37:34.590 | 200 |            0s |             ::1 | GET     | /api/health
[shibosi] 2026/08/01 00:37:49 logger.go:87: 2026-08-01 00:37:49.594 | 200 |            0s |             ::1 | GET     | /api/health
[shibosi] 2026/08/01 00:38:04 logger.go:87: 2026-08-01 00:38:04.591 | 200 |            0s |             ::1 | GET     | /api/health
[shibosi] 2026/08/01 00:38:19 logger.go:87: 2026-08-01 00:38:19.589 | 200 |            0s |             ::1 | GET     | /api/health
[shibosi] 2026/08/01 00:38:34 logger.go:87: 2026-08-01 00:38:34.591 | 200 |            0s |             ::1 | GET     | /api/health
[shibosi] 2026/08/01 00:38:49 logger.go:87: 2026-08-01 00:38:49.599 | 200 |            0s |             ::1 | GET     | /api/health
[shibosi] 2026/08/01 00:39:04 logger.go:87: 2026-08-01 00:39:04.591 | 200 |       542.6µs |             ::1 | GET     | /api/health
[shibosi] 2026/08/01 00:39:19 logger.go:87: 2026-08-01 00:39:19.597 | 200 |        14.3µs |             ::1 | GET     | /api/health
[shibosi] 2026/08/01 00:39:34 logger.go:87: 2026-08-01 00:39:34.590 | 200 |       515.2µs |             ::1 | GET     | /api/health
[shibosi] 2026/08/01 00:39:49 logger.go:87: 2026-08-01 00:39:49.589 | 200 |            0s |             ::1 | GET     | /api/health
[shibosi] 2026/08/01 00:40:00 logger.go:55: [INFO] 定时任务: Redis黑名单同步
[shibosi] 2026/08/01 00:40:04 logger.go:87: 2026-08-01 00:40:04.597 | 200 |            0s |             ::1 | GET     | /api/health
[shibosi] 2026/08/01 00:40:19 logger.go:87: 2026-08-01 00:40:19.590 | 200 |            0s |             ::1 | GET     | /api/health
[shibosi] 2026/08/01 00:40:34 logger.go:87: 2026-08-01 00:40:34.595 | 200 |            0s |             ::1 | GET     | /api/health
[shibosi] 2026/08/01 00:40:49 logger.go:87: 2026-08-01 00:40:49.598 | 200 |            0s |             ::1 | GET     | /api/health
[shibosi] 2026/08/01 00:41:04 logger.go:87: 2026-08-01 00:41:04.594 | 200 |            0s |             ::1 | GET     | /api/health
[shibosi] 2026/08/01 00:41:19 logger.go:87: 2026-08-01 00:41:19.597 | 200 |         515µs |             ::1 | GET     | /api/health
[shibosi] 2026/08/01 00:41:34 logger.go:87: 2026-08-01 00:41:34.600 | 200 |            0s |             ::1 | GET     | /api/health
[shibosi] 2026/08/01 00:41:49 logger.go:87: 2026-08-01 00:41:49.589 | 200 |            0s |             ::1 | GET     | /api/health
[shibosi] 2026/08/01 00:42:04 logger.go:87: 2026-08-01 00:42:04.596 | 200 |            0s |             ::1 | GET     | /api/health
[shibosi] 2026/08/01 00:42:19 logger.go:87: 2026-08-01 00:42:19.591 | 200 |            0s |             ::1 | GET     | /api/health
[shibosi] 2026/08/01 00:42:34 logger.go:87: 2026-08-01 00:42:34.594 | 200 |       514.7µs |             ::1 | GET     | /api/health
[shibosi] 2026/08/01 00:42:49 logger.go:87: 2026-08-01 00:42:49.600 | 200 |            0s |             ::1 | GET     | /api/health
[shibosi] 2026/08/01 00:43:04 logger.go:87: 2026-08-01 00:43:04.593 | 200 |            0s |             ::1 | GET     | /api/health
[shibosi] 2026/08/01 00:43:19 logger.go:87: 2026-08-01 00:43:19.596 | 200 |            0s |             ::1 | GET     | /api/health
[shibosi] 2026/08/01 00:43:34 logger.go:87: 2026-08-01 00:43:34.595 | 200 |            0s |             ::1 | GET     | /api/health
[shibosi] 2026/08/01 00:43:49 logger.go:87: 2026-08-01 00:43:49.600 | 200 |            0s |             ::1 | GET     | /api/health
[shibosi] 2026/08/01 00:44:04 logger.go:87: 2026-08-01 00:44:04.592 | 200 |            0s |             ::1 | GET     | /api/health
[shibosi] 2026/08/01 00:44:19 logger.go:87: 2026-08-01 00:44:19.591 | 200 |            0s |             ::1 | GET     | /api/health
[shibosi] 2026/08/01 00:44:34 logger.go:87: 2026-08-01 00:44:34.598 | 200 |            0s |             ::1 | GET     | /api/health
[shibosi] 2026/08/01 00:44:49 logger.go:87: 2026-08-01 00:44:49.599 | 200 |            0s |             ::1 | GET     | /api/health
[shibosi] 2026/08/01 00:45:00 logger.go:55: [INFO] 定时任务: Redis黑名单同步
[shibosi] 2026/08/01 00:45:04 logger.go:87: 2026-08-01 00:45:04.599 | 200 |            0s |             ::1 | GET     | /api/health
[shibosi] 2026/08/01 00:45:19 logger.go:87: 2026-08-01 00:45:19.601 | 200 |            0s |             ::1 | GET     | /api/health
[shibosi] 2026/08/01 00:45:34 logger.go:87: 2026-08-01 00:45:34.597 | 200 |            0s |             ::1 | GET     | /api/health
[shibosi] 2026/08/01 00:45:49 logger.go:87: 2026-08-01 00:45:49.597 | 200 |            0s |             ::1 | GET     | /api/health
[shibosi] 2026/08/01 00:46:04 logger.go:87: 2026-08-01 00:46:04.597 | 200 |         524µs |             ::1 | GET     | /api/health
[shibosi] 2026/08/01 00:46:19 logger.go:87: 2026-08-01 00:46:19.597 | 200 |            0s |             ::1 | GET     | /api/health
[shibosi] 2026/08/01 00:46:34 logger.go:87: 2026-08-01 00:46:34.599 | 200 |            0s |             ::1 | GET     | /api/health
[shibosi] 2026/08/01 00:46:49 logger.go:87: 2026-08-01 00:46:49.590 | 200 |            0s |             ::1 | GET     | /api/health
[shibosi] 2026/08/01 00:47:04 logger.go:87: 2026-08-01 00:47:04.599 | 200 |       507.3µs |             ::1 | GET     | /api/health
[shibosi] 2026/08/01 00:47:19 logger.go:87: 2026-08-01 00:47:19.596 | 200 |            0s |             ::1 | GET     | /api/health
[shibosi] 2026/08/01 00:47:34 logger.go:87: 2026-08-01 00:47:34.590 | 200 |            0s |             ::1 | GET     | /api/health
[shibosi] 2026/08/01 00:47:49 logger.go:87: 2026-08-01 00:47:49.597 | 200 |            0s |             ::1 | GET     | /api/health
[shibosi] 2026/08/01 00:48:04 logger.go:87: 2026-08-01 00:48:04.596 | 200 |            0s |             ::1 | GET     | /api/health
[shibosi] 2026/08/01 00:48:19 logger.go:87: 2026-08-01 00:48:19.596 | 200 |            0s |             ::1 | GET     | /api/health
[shibosi] 2026/08/01 00:48:34 logger.go:87: 2026-08-01 00:48:34.590 | 200 |            0s |             ::1 | GET     | /api/health
[shibosi] 2026/08/01 00:48:49 logger.go:87: 2026-08-01 00:48:49.590 | 200 |            0s |             ::1 | GET     | /api/health
[shibosi] 2026/08/01 00:49:04 logger.go:87: 2026-08-01 00:49:04.592 | 200 |            0s |             ::1 | GET     | /api/health
[shibosi] 2026/08/01 00:49:19 logger.go:87: 2026-08-01 00:49:19.598 | 200 |            0s |             ::1 | GET     | /api/health
[shibosi] 2026/08/01 00:49:34 logger.go:87: 2026-08-01 00:49:34.591 | 200 |            0s |             ::1 | GET     | /api/health
[shibosi] 2026/08/01 00:49:49 logger.go:87: 2026-08-01 00:49:49.598 | 200 |            0s |             ::1 | GET     | /api/health
[shibosi] 2026/08/01 00:50:00 logger.go:55: [INFO] 定时任务: Redis黑名单同步
[shibosi] 2026/08/01 00:50:04 logger.go:87: 2026-08-01 00:50:04.589 | 200 |            0s |             ::1 | GET     | /api/health
[shibosi] 2026/08/01 00:50:19 logger.go:87: 2026-08-01 00:50:19.597 | 200 |            0s |             ::1 | GET     | /api/health
[shibosi] 2026/08/01 00:50:34 logger.go:87: 2026-08-01 00:50:34.598 | 200 |            0s |             ::1 | GET     | /api/health
[shibosi] 2026/08/01 00:50:49 logger.go:87: 2026-08-01 00:50:49.597 | 200 |            0s |             ::1 | GET     | /api/health
[shibosi] 2026/08/01 00:51:04 logger.go:87: 2026-08-01 00:51:04.593 | 200 |            0s |             ::1 | GET     | /api/health
[shibosi] 2026/08/01 00:51:19 logger.go:87: 2026-08-01 00:51:19.598 | 200 |       525.3µs |             ::1 | GET     | /api/health
[shibosi] 2026/08/01 00:51:34 logger.go:87: 2026-08-01 00:51:34.590 | 200 |        17.2µs |             ::1 | GET     | /api/health
[shibosi] 2026/08/01 00:51:49 logger.go:87: 2026-08-01 00:51:49.594 | 200 |        44.7µs |             ::1 | GET     | /api/health
[shibosi] 2026/08/01 00:52:04 logger.go:87: 2026-08-01 00:52:04.589 | 200 |            0s |             ::1 | GET     | /api/health
[shibosi] 2026/08/01 00:52:19 logger.go:87: 2026-08-01 00:52:19.599 | 200 |       756.7µs |             ::1 | GET     | /api/health
[shibosi] 2026/08/01 00:52:34 logger.go:87: 2026-08-01 00:52:34.593 | 200 |            0s |             ::1 | GET     | /api/health
[shibosi] 2026/08/01 00:52:49 logger.go:87: 2026-08-01 00:52:49.599 | 200 |            0s |             ::1 | GET     | /api/health
[shibosi] 2026/08/01 00:53:04 logger.go:87: 2026-08-01 00:53:04.591 | 200 |            0s |             ::1 | GET     | /api/health
[shibosi] 2026/08/01 00:53:19 logger.go:87: 2026-08-01 00:53:19.599 | 200 |            0s |             ::1 | GET     | /api/health
[shibosi] 2026/08/01 00:53:34 logger.go:87: 2026-08-01 00:53:34.590 | 200 |            0s |             ::1 | GET     | /api/health
[shibosi] 2026/08/01 00:53:49 logger.go:87: 2026-08-01 00:53:49.598 | 200 |            0s |             ::1 | GET     | /api/health
[shibosi] 2026/08/01 00:54:04 logger.go:87: 2026-08-01 00:54:04.842 | 200 |            0s |             ::1 | GET     | /api/health
[shibosi] 2026/08/01 00:54:19 logger.go:87: 2026-08-01 00:54:19.605 | 200 |            0s |             ::1 | GET     | /api/health
[shibosi] 2026/08/01 00:54:34 logger.go:87: 2026-08-01 00:54:34.605 | 200 |        87.9µs |             ::1 | GET     | /api/health
[shibosi] 2026/08/01 00:54:49 logger.go:87: 2026-08-01 00:54:49.589 | 200 |            0s |             ::1 | GET     | /api/health
[shibosi] 2026/08/01 00:55:00 logger.go:55: [INFO] 定时任务: Redis黑名单同步
[shibosi] 2026/08/01 00:55:04 logger.go:87: 2026-08-01 00:55:04.599 | 200 |            0s |             ::1 | GET     | /api/health
[shibosi] 2026/08/01 00:55:11 logger.go:87: 2026-08-01 00:55:11.876 | 204 |            0s |             ::1 | OPTIONS | /api/v1/auth/register
[shibosi] 2026/08/01 00:55:12 logger.go:87: 2026-08-01 00:55:12.314 | 200 |     436.827ms |             ::1 | POST    | /api/v1/auth/register
[shibosi] 2026/08/01 00:55:19 logger.go:87: 2026-08-01 00:55:19.596 | 200 |            0s |             ::1 | GET     | /api/health
[shibosi] 2026/08/01 00:55:31 logger.go:87: 2026-08-01 00:55:31.473 | 200 |      1.2984ms |             ::1 | POST    | /api/v1/auth/register
[shibosi] 2026/08/01 00:55:32 logger.go:87: 2026-08-01 00:55:32.335 | 200 |            0s |             ::1 | POST    | /api/v1/auth/register
[shibosi] 2026/08/01 00:55:32 logger.go:87: 2026-08-01 00:55:32.485 | 200 |      1.5661ms |             ::1 | POST    | /api/v1/auth/register
[shibosi] 2026/08/01 00:55:32 logger.go:87: 2026-08-01 00:55:32.825 | 200 |       563.1µs |             ::1 | POST    | /api/v1/auth/register
[shibosi] 2026/08/01 00:55:34 logger.go:87: 2026-08-01 00:55:34.599 | 200 |            0s |             ::1 | GET     | /api/health
[shibosi] 2026/08/01 00:55:49 logger.go:87: 2026-08-01 00:55:49.592 | 200 |            0s |             ::1 | GET     | /api/health
[shibosi] 2026/08/01 00:56:04 logger.go:87: 2026-08-01 00:56:04.615 | 200 |            0s |             ::1 | GET     | /api/health
[shibosi] 2026/08/01 00:56:19 logger.go:87: 2026-08-01 00:56:19.588 | 200 |            0s |             ::1 | GET     | /api/health
[shibosi] 2026/08/01 00:56:34 logger.go:87: 2026-08-01 00:56:34.591 | 200 |            0s |             ::1 | GET     | /api/health
[shibosi] 2026/08/01 00:56:49 logger.go:87: 2026-08-01 00:56:49.590 | 200 |            0s |             ::1 | GET     | /api/health
[shibosi] 2026/08/01 00:57:04 logger.go:87: 2026-08-01 00:57:04.590 | 200 |            0s |             ::1 | GET     | /api/health
[shibosi] 2026/08/01 00:57:19 logger.go:87: 2026-08-01 00:57:19.597 | 200 |            0s |             ::1 | GET     | /api/health
[shibosi] 2026/08/01 00:57:34 logger.go:87: 2026-08-01 00:57:34.595 | 200 |            0s |             ::1 | GET     | /api/health
[shibosi] 2026/08/01 00:57:49 logger.go:87: 2026-08-01 00:57:49.590 | 200 |            0s |             ::1 | GET     | /api/health
[shibosi] 2026/08/01 00:58:04 logger.go:87: 2026-08-01 00:58:04.591 | 200 |            0s |             ::1 | GET     | /api/health
[shibosi] 2026/08/01 00:58:19 logger.go:87: 2026-08-01 00:58:19.601 | 200 |         532µs |             ::1 | GET     | /api/health
[shibosi] 2026/08/01 00:58:34 logger.go:87: 2026-08-01 00:58:34.607 | 200 |            0s |             ::1 | GET     | /api/health
[shibosi] 2026/08/01 00:58:49 logger.go:87: 2026-08-01 00:58:49.604 | 200 |            0s |             ::1 | GET     | /api/health
[shibosi] 2026/08/01 00:59:04 logger.go:87: 2026-08-01 00:59:04.600 | 200 |            0s |             ::1 | GET     | /api/health
[shibosi] 2026/08/01 00:59:19 logger.go:87: 2026-08-01 00:59:19.599 | 200 |       540.7µs |             ::1 | GET     | /api/health
[shibosi] 2026/08/01 00:59:34 logger.go:87: 2026-08-01 00:59:34.599 | 200 |            0s |             ::1 | GET     | /api/health
[shibosi] 2026/08/01 00:59:49 logger.go:87: 2026-08-01 00:59:49.602 | 200 |            0s |             ::1 | GET     | /api/health
[shibosi] 2026/08/01 01:00:00 logger.go:55: [INFO] 定时任务: Redis黑名单同步
[shibosi] 2026/08/01 01:00:04 logger.go:87: 2026-08-01 01:00:04.592 | 200 |            0s |             ::1 | GET     | /api/health
[shibosi] 2026/08/01 01:00:19 logger.go:87: 2026-08-01 01:00:19.601 | 200 |            0s |             ::1 | GET     | /api/health
[shibosi] 2026/08/01 01:00:34 logger.go:87: 2026-08-01 01:00:34.601 | 200 |            0s |             ::1 | GET     | /api/health
[shibosi] 2026/08/01 01:00:49 logger.go:87: 2026-08-01 01:00:49.589 | 200 |            0s |             ::1 | GET     | /api/health
[shibosi] 2026/08/01 01:01:04 logger.go:87: 2026-08-01 01:01:04.597 | 200 |            0s |             ::1 | GET     | /api/health
[shibosi] 2026/08/01 01:01:19 logger.go:87: 2026-08-01 01:01:19.604 | 200 |            0s |             ::1 | GET     | /api/health
[shibosi] 2026/08/01 01:01:34 logger.go:87: 2026-08-01 01:01:34.601 | 200 |       508.2µs |             ::1 | GET     | /api/health
[shibosi] 2026/08/01 01:01:49 logger.go:87: 2026-08-01 01:01:49.598 | 200 |            0s |             ::1 | GET     | /api/health
[shibosi] 2026/08/01 01:02:04 logger.go:87: 2026-08-01 01:02:04.597 | 200 |            0s |             ::1 | GET     | /api/health
[shibosi] 2026/08/01 01:02:19 logger.go:87: 2026-08-01 01:02:19.599 | 200 |            0s |             ::1 | GET     | /api/health
[shibosi] 2026/08/01 01:02:34 logger.go:87: 2026-08-01 01:02:34.603 | 200 |            0s |             ::1 | GET     | /api/health
[shibosi] 2026/08/01 01:02:49 logger.go:87: 2026-08-01 01:02:49.590 | 200 |            0s |             ::1 | GET     | /api/health
[shibosi] 2026/08/01 01:02:59 logger.go:87: 2026-08-01 01:02:59.632 | 200 |       887.3µs |             ::1 | POST    | /api/v1/auth/register
[shibosi] 2026/08/01 01:03:01 logger.go:87: 2026-08-01 01:03:01.874 | 200 |            0s |             ::1 | POST    | /api/v1/auth/register
[shibosi] 2026/08/01 01:03:04 logger.go:87: 2026-08-01 01:03:04.633 | 200 |            0s |             ::1 | GET     | /api/health
[shibosi] 2026/08/01 01:03:19 logger.go:87: 2026-08-01 01:03:19.601 | 200 |            0s |             ::1 | GET     | /api/health
[shibosi] 2026/08/01 01:03:27 logger.go:87: 2026-08-01 01:03:27.917 | 200 |    291.4842ms |             ::1 | POST    | /api/v1/auth/login
[shibosi] 2026/08/01 01:03:27 logger.go:87: 2026-08-01 01:03:27.924 | 200 |      7.3056ms |             ::1 | POST    | /api/v1/auth/register
[shibosi] 2026/08/01 01:03:34 logger.go:87: 2026-08-01 01:03:34.603 | 200 |            0s |             ::1 | GET     | /api/health
[shibosi] 2026/08/01 01:03:49 logger.go:87: 2026-08-01 01:03:49.602 | 200 |            0s |             ::1 | GET     | /api/health
[shibosi] 2026/08/01 01:03:57 logger.go:87: 2026-08-01 01:03:57.924 | 200 |    656.3339ms |             ::1 | POST    | /api/v1/auth/register
[shibosi] 2026/08/01 01:04:04 logger.go:87: 2026-08-01 01:04:04.593 | 200 |            0s |             ::1 | GET     | /api/health
[shibosi] 2026/08/01 01:04:19 logger.go:87: 2026-08-01 01:04:19.591 | 200 |            0s |             ::1 | GET     | /api/health
[shibosi] 2026/08/01 01:04:34 logger.go:87: 2026-08-01 01:04:34.590 | 200 |            0s |             ::1 | GET     | /api/health
[shibosi] 2026/08/01 01:04:49 logger.go:87: 2026-08-01 01:04:49.597 | 200 |            0s |             ::1 | GET     | /api/health
[shibosi] 2026/08/01 01:04:56 logger.go:87: 2026-08-01 01:04:56.570 | 200 |    433.4756ms |             ::1 | POST    | /api/v1/auth/register
[shibosi] 2026/08/01 01:05:00 logger.go:55: [INFO] 定时任务: Redis黑名单同步
[shibosi] 2026/08/01 01:05:03 logger.go:87: 2026-08-01 01:05:03.445 | 204 |            0s |             ::1 | OPTIONS | /api/v1/auth/login
[shibosi] 2026/08/01 01:05:03 logger.go:87: 2026-08-01 01:05:03.852 | 200 |    399.9184ms |             ::1 | POST    | /api/v1/auth/login
[shibosi] 2026/08/01 01:05:04 logger.go:87: 2026-08-01 01:05:04.610 | 200 |            0s |             ::1 | GET     | /api/health
[shibosi] 2026/08/01 01:05:19 logger.go:87: 2026-08-01 01:05:19.596 | 200 |            0s |             ::1 | GET     | /api/health
[shibosi] 2026/08/01 01:05:34 logger.go:87: 2026-08-01 01:05:34.710 | 200 |            0s |             ::1 | GET     | /api/health
[shibosi] 2026/08/01 01:05:49 logger.go:87: 2026-08-01 01:05:49.602 | 200 |            0s |             ::1 | GET     | /api/health
[shibosi] 2026/08/01 01:06:04 logger.go:87: 2026-08-01 01:06:04.600 | 200 |            0s |             ::1 | GET     | /api/health
[shibosi] 2026/08/01 01:06:19 logger.go:87: 2026-08-01 01:06:19.598 | 200 |       522.3µs |             ::1 | GET     | /api/health
[shibosi] 2026/08/01 01:06:22 logger.go:87: 2026-08-01 01:06:22.027 | 200 |    418.6691ms |             ::1 | POST    | /api/v1/auth/register
[shibosi] 2026/08/01 01:06:22 logger.go:87: 2026-08-01 01:06:22.437 | 200 |    397.3412ms |             ::1 | POST    | /api/v1/auth/login
[shibosi] 2026/08/01 01:06:22 logger.go:87: 2026-08-01 01:06:22.444 | 204 |            0s |             ::1 | OPTIONS | /api/v1/user/data
[shibosi] 2026/08/01 01:06:22 logger.go:87: 2026-08-01 01:06:22.463 | 200 |      13.998ms |             ::1 | GET     | /api/v1/user/data
[shibosi] 2026/08/01 01:06:22 logger.go:87: 2026-08-01 01:06:22.474 | 204 |            0s |             ::1 | OPTIONS | /api/v1/user/data/batch
[shibosi] 2026/08/01 01:06:22 logger.go:87: 2026-08-01 01:06:22.725 | 200 |    248.9806ms |             ::1 | POST    | /api/v1/user/data/batch
[shibosi] 2026/08/01 01:06:34 logger.go:87: 2026-08-01 01:06:34.635 | 200 |            0s |             ::1 | GET     | /api/health
[shibosi] 2026/08/01 01:06:49 logger.go:87: 2026-08-01 01:06:49.601 | 200 |        93.7µs |             ::1 | GET     | /api/health
[shibosi] 2026/08/01 01:07:03 logger.go:87: 2026-08-01 01:07:03.280 | 200 |            0s |             ::1 | GET     | /api/v1/user/data
[shibosi] 2026/08/01 01:07:03 logger.go:87: 2026-08-01 01:07:03.647 | 200 |     344.573ms |             ::1 | POST    | /api/v1/user/data/batch
[shibosi] 2026/08/01 01:07:03 logger.go:87: 2026-08-01 01:07:03.968 | 200 |      2.8345ms |             ::1 | GET     | /api/v1/user/data
[shibosi] 2026/08/01 01:07:04 logger.go:87: 2026-08-01 01:07:04.519 | 200 |    541.6474ms |             ::1 | POST    | /api/v1/user/data/batch
[shibosi] 2026/08/01 01:07:04 logger.go:87: 2026-08-01 01:07:04.616 | 200 |            0s |             ::1 | GET     | /api/health
[shibosi] 2026/08/01 01:07:19 logger.go:87: 2026-08-01 01:07:19.597 | 200 |            0s |             ::1 | GET     | /api/health
[shibosi] 2026/08/01 01:07:34 logger.go:87: 2026-08-01 01:07:34.600 | 200 |       521.3µs |             ::1 | GET     | /api/health
[shibosi] 2026/08/01 01:07:49 logger.go:87: 2026-08-01 01:07:49.594 | 200 |            0s |             ::1 | GET     | /api/health
[shibosi] 2026/08/01 01:07:51 logger.go:87: 2026-08-01 01:07:51.550 | 200 |    661.9369ms |             ::1 | POST    | /api/v1/auth/register
[shibosi] 2026/08/01 01:07:51 logger.go:87: 2026-08-01 01:07:51.985 | 200 |    426.1925ms |             ::1 | POST    | /api/v1/auth/login
[shibosi] 2026/08/01 01:07:51 logger.go:87: 2026-08-01 01:07:51.994 | 200 |       567.4µs |             ::1 | GET     | /api/v1/user/data
[shibosi] 2026/08/01 01:07:52 logger.go:87: 2026-08-01 01:07:52.285 | 200 |    281.3282ms |             ::1 | POST    | /api/v1/user/data/batch
[shibosi] 2026/08/01 01:08:04 logger.go:87: 2026-08-01 01:08:04.593 | 200 |        35.9µs |             ::1 | GET     | /api/health
[shibosi] 2026/08/01 01:08:12 logger.go:87: 2026-08-01 01:08:12.549 | 200 |      1.0023ms |             ::1 | GET     | /api/v1/user/data
[shibosi] 2026/08/01 01:08:12 logger.go:87: 2026-08-01 01:08:12.889 | 200 |    316.2722ms |             ::1 | POST    | /api/v1/user/data/batch
[shibosi] 2026/08/01 01:08:15 logger.go:87: 2026-08-01 01:08:15.278 | 200 |      1.0017ms |             ::1 | GET     | /api/v1/user/data
[shibosi] 2026/08/01 01:08:15 logger.go:87: 2026-08-01 01:08:15.894 | 200 |    592.6008ms |             ::1 | POST    | /api/v1/user/data/batch
[shibosi] 2026/08/01 01:08:16 logger.go:87: 2026-08-01 01:08:16.032 | 200 |            0s |             ::1 | GET     | /api/v1/user/data
[shibosi] 2026/08/01 01:08:16 logger.go:87: 2026-08-01 01:08:16.360 | 200 |    318.1839ms |             ::1 | POST    | /api/v1/user/data/batch
[shibosi] 2026/08/01 01:08:19 logger.go:87: 2026-08-01 01:08:19.590 | 200 |            0s |             ::1 | GET     | /api/health
[shibosi] 2026/08/01 01:08:28 logger.go:87: 2026-08-01 01:08:28.006 | 200 |     421.939ms |             ::1 | POST    | /api/v1/auth/login
[shibosi] 2026/08/01 01:08:28 logger.go:87: 2026-08-01 01:08:28.020 | 200 |        3.55ms |             ::1 | GET     | /api/v1/user/data
[shibosi] 2026/08/01 01:08:28 logger.go:87: 2026-08-01 01:08:28.252 | 200 |     224.328ms |             ::1 | POST    | /api/v1/user/data/batch
[shibosi] 2026/08/01 01:08:34 logger.go:87: 2026-08-01 01:08:34.600 | 200 |            0s |             ::1 | GET     | /api/health
[shibosi] 2026/08/01 01:08:47 logger.go:87: 2026-08-01 01:08:47.312 | 200 |            0s |             ::1 | GET     | /api/v1/user/data
[shibosi] 2026/08/01 01:08:47 logger.go:87: 2026-08-01 01:08:47.648 | 200 |    312.5429ms |             ::1 | POST    | /api/v1/user/data/batch
[shibosi] 2026/08/01 01:08:49 logger.go:87: 2026-08-01 01:08:49.595 | 200 |            0s |             ::1 | GET     | /api/health
[shibosi] 2026/08/01 01:09:04 logger.go:87: 2026-08-01 01:09:04.596 | 200 |            0s |             ::1 | GET     | /api/health
[shibosi] 2026/08/01 01:09:19 logger.go:87: 2026-08-01 01:09:19.599 | 200 |            0s |             ::1 | GET     | /api/health
[shibosi] 2026/08/01 01:09:34 logger.go:87: 2026-08-01 01:09:34.600 | 200 |            0s |             ::1 | GET     | /api/health
[shibosi] 2026/08/01 01:09:49 logger.go:87: 2026-08-01 01:09:49.605 | 200 |            0s |             ::1 | GET     | /api/health
[shibosi] 2026/08/01 01:09:51 logger.go:87: 2026-08-01 01:09:51.564 | 200 |      1.0501ms |             ::1 | GET     | /api/v1/user/data
[shibosi] 2026/08/01 01:09:51 logger.go:87: 2026-08-01 01:09:51.911 | 200 |    316.9919ms |             ::1 | POST    | /api/v1/user/data/batch
[shibosi] 2026/08/01 01:10:00 logger.go:55: [INFO] 定时任务: Redis黑名单同步
[shibosi] 2026/08/01 01:10:04 logger.go:87: 2026-08-01 01:10:04.599 | 200 |            0s |             ::1 | GET     | /api/health
[shibosi] 2026/08/01 01:10:19 logger.go:87: 2026-08-01 01:10:19.597 | 200 |            0s |             ::1 | GET     | /api/health
[shibosi] 2026/08/01 01:10:34 logger.go:87: 2026-08-01 01:10:34.591 | 200 |       543.2µs |             ::1 | GET     | /api/health
[shibosi] 2026/08/01 01:10:49 logger.go:87: 2026-08-01 01:10:49.601 | 200 |       542.9µs |             ::1 | GET     | /api/health
[shibosi] 2026/08/01 01:11:04 logger.go:87: 2026-08-01 01:11:04.591 | 200 |        28.6µs |             ::1 | GET     | /api/health
[shibosi] 2026/08/01 01:11:19 logger.go:87: 2026-08-01 01:11:19.599 | 200 |            0s |             ::1 | GET     | /api/health
[shibosi] 2026/08/01 01:11:34 logger.go:87: 2026-08-01 01:11:34.597 | 200 |            0s |             ::1 | GET     | /api/health
[shibosi] 2026/08/01 01:11:49 logger.go:87: 2026-08-01 01:11:49.598 | 200 |            0s |             ::1 | GET     | /api/health
[shibosi] 2026/08/01 01:12:04 logger.go:87: 2026-08-01 01:12:04.594 | 200 |            0s |             ::1 | GET     | /api/health
[shibosi] 2026/08/01 01:12:19 logger.go:87: 2026-08-01 01:12:19.589 | 200 |            0s |             ::1 | GET     | /api/health
[shibosi] 2026/08/01 01:12:34 logger.go:87: 2026-08-01 01:12:34.598 | 200 |            0s |             ::1 | GET     | /api/health
[shibosi] 2026/08/01 01:12:49 logger.go:87: 2026-08-01 01:12:49.599 | 200 |       513.2µs |             ::1 | GET     | /api/health
[shibosi] 2026/08/01 01:13:04 logger.go:87: 2026-08-01 01:13:04.596 | 200 |            0s |             ::1 | GET     | /api/health
[shibosi] 2026/08/01 01:13:19 logger.go:87: 2026-08-01 01:13:19.590 | 200 |            0s |             ::1 | GET     | /api/health
[shibosi] 2026/08/01 01:13:34 logger.go:87: 2026-08-01 01:13:34.600 | 200 |            0s |             ::1 | GET     | /api/health
[shibosi] 2026/08/01 01:13:49 logger.go:87: 2026-08-01 01:13:49.596 | 200 |            0s |             ::1 | GET     | /api/health
[shibosi] 2026/08/01 01:14:04 logger.go:87: 2026-08-01 01:14:04.603 | 200 |            0s |             ::1 | GET     | /api/health
[shibosi] 2026/08/01 01:14:11 logger.go:87: 2026-08-01 01:14:11.945 | 200 |    414.7417ms |             ::1 | POST    | /api/v1/auth/login
[shibosi] 2026/08/01 01:14:11 logger.go:87: 2026-08-01 01:14:11.956 | 200 |       564.4µs |             ::1 | GET     | /api/v1/user/data
[shibosi] 2026/08/01 01:14:12 logger.go:87: 2026-08-01 01:14:12.200 | 200 |    237.6299ms |             ::1 | POST    | /api/v1/user/data/batch
[shibosi] 2026/08/01 01:14:19 logger.go:87: 2026-08-01 01:14:19.593 | 200 |            0s |             ::1 | GET     | /api/health
[shibosi] 2026/08/01 01:14:21 logger.go:87: 2026-08-01 01:14:21.448 | 200 |            0s |             ::1 | GET     | /api/v1/user/data
[shibosi] 2026/08/01 01:14:21 logger.go:87: 2026-08-01 01:14:21.809 | 200 |    321.5538ms |             ::1 | POST    | /api/v1/user/data/batch
[shibosi] 2026/08/01 01:14:34 logger.go:87: 2026-08-01 01:14:34.590 | 200 |            0s |             ::1 | GET     | /api/health
[shibosi] 2026/08/01 01:14:49 logger.go:87: 2026-08-01 01:14:49.599 | 200 |            0s |             ::1 | GET     | /api/health
[shibosi] 2026/08/01 01:15:00 logger.go:55: [INFO] 定时任务: Redis黑名单同步
[shibosi] 2026/08/01 01:15:02 logger.go:87: 2026-08-01 01:15:02.970 | 200 |            0s |             ::1 | GET     | /api/v1/user/data
[shibosi] 2026/08/01 01:15:03 logger.go:87: 2026-08-01 01:15:03.362 | 200 |    368.2392ms |             ::1 | POST    | /api/v1/user/data/batch
[shibosi] 2026/08/01 01:15:04 logger.go:87: 2026-08-01 01:15:04.591 | 200 |        73.4µs |             ::1 | GET     | /api/health
[shibosi] 2026/08/01 01:15:19 logger.go:87: 2026-08-01 01:15:19.624 | 200 |            0s |             ::1 | GET     | /api/health
[shibosi] 2026/08/01 01:15:34 logger.go:87: 2026-08-01 01:15:34.604 | 200 |            0s |             ::1 | GET     | /api/health
[shibosi] 2026/08/01 01:15:49 logger.go:87: 2026-08-01 01:15:49.670 | 200 |            0s |             ::1 | GET     | /api/health
[shibosi] 2026/08/01 01:16:04 logger.go:87: 2026-08-01 01:16:04.601 | 200 |            0s |             ::1 | GET     | /api/health
[shibosi] 2026/08/01 01:16:19 logger.go:87: 2026-08-01 01:16:19.589 | 200 |            0s |             ::1 | GET     | /api/health
[shibosi] 2026/08/01 01:16:34 logger.go:87: 2026-08-01 01:16:34.245 | 200 |            0s |             ::1 | GET     | /api/v1/user/data
[shibosi] 2026/08/01 01:16:34 logger.go:87: 2026-08-01 01:16:34.586 | 200 |     319.329ms |             ::1 | POST    | /api/v1/user/data/batch
[shibosi] 2026/08/01 01:16:34 logger.go:87: 2026-08-01 01:16:34.601 | 200 |            0s |             ::1 | GET     | /api/health
[shibosi] 2026/08/01 01:16:34 logger.go:87: 2026-08-01 01:16:34.800 | 200 |            0s |             ::1 | GET     | /api/v1/user/data
[shibosi] 2026/08/01 01:16:35 logger.go:87: 2026-08-01 01:16:35.652 | 200 |    817.6439ms |             ::1 | POST    | /api/v1/user/data/batch
[shibosi] 2026/08/01 01:16:35 logger.go:87: 2026-08-01 01:16:35.848 | 200 |    215.9279ms |             ::1 | POST    | /api/v1/user/data
[shibosi] 2026/08/01 01:16:35 logger.go:87: 2026-08-01 01:16:35.895 | 200 |    263.2079ms |             ::1 | POST    | /api/v1/user/data
[shibosi] 2026/08/01 01:16:35 logger.go:87: 2026-08-01 01:16:35.946 | 200 |    318.5066ms |             ::1 | POST    | /api/v1/user/data/batch
[shibosi] 2026/08/01 01:16:36 logger.go:87: 2026-08-01 01:16:36.018 | 200 |    387.0946ms |             ::1 | POST    | /api/v1/user/data/batch
[shibosi] 2026/08/01 01:16:44 logger.go:87: 2026-08-01 01:16:44.910 | 200 |    428.9297ms |             ::1 | POST    | /api/v1/auth/login
[shibosi] 2026/08/01 01:16:44 logger.go:87: 2026-08-01 01:16:44.922 | 200 |            0s |             ::1 | GET     | /api/v1/user/data
[shibosi] 2026/08/01 01:16:45 logger.go:87: 2026-08-01 01:16:45.154 | 200 |    225.4429ms |             ::1 | POST    | /api/v1/user/data/batch
[shibosi] 2026/08/01 01:16:49 logger.go:87: 2026-08-01 01:16:49.589 | 200 |            0s |             ::1 | GET     | /api/health
[shibosi] 2026/08/01 01:16:54 logger.go:87: 2026-08-01 01:16:54.205 | 200 |            0s |             ::1 | GET     | /api/v1/user/data
[shibosi] 2026/08/01 01:16:54 logger.go:87: 2026-08-01 01:16:54.557 | 200 |      310.35ms |             ::1 | POST    | /api/v1/user/data/batch
[shibosi] 2026/08/01 01:17:04 logger.go:87: 2026-08-01 01:17:04.597 | 200 |            0s |             ::1 | GET     | /api/health
[shibosi] 2026/08/01 01:17:19 logger.go:87: 2026-08-01 01:17:19.596 | 200 |            0s |             ::1 | GET     | /api/health
[shibosi] 2026/08/01 01:17:34 logger.go:87: 2026-08-01 01:17:34.594 | 200 |       536.5µs |             ::1 | GET     | /api/health
[shibosi] 2026/08/01 01:17:49 logger.go:87: 2026-08-01 01:17:49.591 | 200 |            0s |             ::1 | GET     | /api/health
[shibosi] 2026/08/01 01:18:04 logger.go:87: 2026-08-01 01:18:04.591 | 200 |            0s |             ::1 | GET     | /api/health
[shibosi] 2026/08/01 01:18:19 logger.go:87: 2026-08-01 01:18:19.819 | 200 |            0s |             ::1 | GET     | /api/health
[shibosi] 2026/08/01 01:18:34 logger.go:87: 2026-08-01 01:18:34.601 | 200 |            0s |             ::1 | GET     | /api/health
[shibosi] 2026/08/01 01:18:49 logger.go:87: 2026-08-01 01:18:49.595 | 200 |            0s |             ::1 | GET     | /api/health
[shibosi] 2026/08/01 01:19:04 logger.go:87: 2026-08-01 01:19:04.598 | 200 |            0s |             ::1 | GET     | /api/health
[shibosi] 2026/08/01 01:19:19 logger.go:87: 2026-08-01 01:19:19.592 | 200 |       522.1µs |             ::1 | GET     | /api/health
[shibosi] 2026/08/01 01:19:34 logger.go:87: 2026-08-01 01:19:34.598 | 200 |            0s |             ::1 | GET     | /api/health
[shibosi] 2026/08/01 01:19:49 logger.go:87: 2026-08-01 01:19:49.597 | 200 |            0s |             ::1 | GET     | /api/health
[shibosi] 2026/08/01 01:20:00 logger.go:55: [INFO] 定时任务: Redis黑名单同步
[shibosi] 2026/08/01 01:20:04 logger.go:87: 2026-08-01 01:20:04.600 | 200 |            0s |             ::1 | GET     | /api/health
[shibosi] 2026/08/01 01:20:19 logger.go:87: 2026-08-01 01:20:19.599 | 200 |       524.1µs |             ::1 | GET     | /api/health
[shibosi] 2026/08/01 01:20:31 logger.go:87: 2026-08-01 01:20:31.540 | 200 |       998.8µs |             ::1 | GET     | /api/v1/user/data
[shibosi] 2026/08/01 01:20:31 logger.go:87: 2026-08-01 01:20:31.872 | 200 |    320.7098ms |             ::1 | POST    | /api/v1/user/data/batch
[shibosi] 2026/08/01 01:20:32 logger.go:87: 2026-08-01 01:20:32.162 | 200 |            0s |             ::1 | GET     | /api/v1/user/data
[shibosi] 2026/08/01 01:20:32 logger.go:87: 2026-08-01 01:20:32.525 | 200 |    355.7798ms |             ::1 | POST    | /api/v1/user/data/batch
[shibosi] 2026/08/01 01:20:34 logger.go:87: 2026-08-01 01:20:34.596 | 200 |            0s |             ::1 | GET     | /api/health
[shibosi] 2026/08/01 01:20:40 logger.go:87: 2026-08-01 01:20:40.299 | 200 |     420.729ms |             ::1 | POST    | /api/v1/auth/login
[shibosi] 2026/08/01 01:20:40 logger.go:87: 2026-08-01 01:20:40.315 | 200 |            0s |             ::1 | GET     | /api/v1/user/data
[shibosi] 2026/08/01 01:20:40 logger.go:87: 2026-08-01 01:20:40.588 | 200 |    234.5755ms |             ::1 | POST    | /api/v1/user/data/batch
[shibosi] 2026/08/01 01:20:49 logger.go:87: 2026-08-01 01:20:49.600 | 200 |        57.1µs |             ::1 | GET     | /api/health
[shibosi] 2026/08/01 01:20:50 logger.go:87: 2026-08-01 01:20:50.120 | 200 |      1.0023ms |             ::1 | GET     | /api/v1/user/data
[shibosi] 2026/08/01 01:20:50 logger.go:87: 2026-08-01 01:20:50.479 | 200 |    331.1987ms |             ::1 | POST    | /api/v1/user/data/batch
[shibosi] 2026/08/01 01:21:04 logger.go:87: 2026-08-01 01:21:04.593 | 200 |            0s |             ::1 | GET     | /api/health
[shibosi] 2026/08/01 01:21:19 logger.go:87: 2026-08-01 01:21:19.599 | 200 |            0s |             ::1 | GET     | /api/health
[shibosi] 2026/08/01 01:21:34 logger.go:87: 2026-08-01 01:21:34.592 | 200 |            0s |             ::1 | GET     | /api/health
[shibosi] 2026/08/01 01:21:49 logger.go:87: 2026-08-01 01:21:49.599 | 200 |            0s |             ::1 | GET     | /api/health
[shibosi] 2026/08/01 01:22:04 logger.go:87: 2026-08-01 01:22:04.593 | 200 |            0s |             ::1 | GET     | /api/health
[shibosi] 2026/08/01 01:22:19 logger.go:87: 2026-08-01 01:22:19.603 | 200 |            0s |             ::1 | GET     | /api/health
[shibosi] 2026/08/01 01:22:34 logger.go:87: 2026-08-01 01:22:34.593 | 200 |            0s |             ::1 | GET     | /api/health
[shibosi] 2026/08/01 01:22:35 logger.go:87: 2026-08-01 01:22:35.819 | 200 |       915.8µs |             ::1 | GET     | /api/v1/user/data
[shibosi] 2026/08/01 01:22:36 logger.go:87: 2026-08-01 01:22:36.143 | 200 |    317.2564ms |             ::1 | POST    | /api/v1/user/data/batch
[shibosi] 2026/08/01 01:22:49 logger.go:87: 2026-08-01 01:22:49.601 | 200 |            0s |             ::1 | GET     | /api/health
[shibosi] 2026/08/01 01:23:04 logger.go:87: 2026-08-01 01:23:04.591 | 200 |        42.5µs |             ::1 | GET     | /api/health
[shibosi] 2026/08/01 01:23:19 logger.go:87: 2026-08-01 01:23:19.593 | 200 |            0s |             ::1 | GET     | /api/health
[shibosi] 2026/08/01 01:23:34 logger.go:87: 2026-08-01 01:23:34.807 | 200 |            0s |             ::1 | GET     | /api/health
[shibosi] 2026/08/01 01:23:49 logger.go:87: 2026-08-01 01:23:49.596 | 200 |            0s |             ::1 | GET     | /api/health
[shibosi] 2026/08/01 01:24:04 logger.go:87: 2026-08-01 01:24:04.593 | 200 |            0s |             ::1 | GET     | /api/health
[shibosi] 2026/08/01 01:24:14 logger.go:87: 2026-08-01 01:24:14.426 | 200 |            0s |             ::1 | GET     | /api/v1/user/data
[shibosi] 2026/08/01 01:24:14 logger.go:87: 2026-08-01 01:24:14.843 | 200 |    396.8582ms |             ::1 | POST    | /api/v1/user/data/batch
[shibosi] 2026/08/01 01:24:14 logger.go:87: 2026-08-01 01:24:14.976 | 200 |            0s |             ::1 | GET     | /api/v1/user/data
[shibosi] 2026/08/01 01:24:14 logger.go:87: 2026-08-01 01:24:14.983 | 200 |            0s |             ::1 | GET     | /api/v1/user/data
[shibosi] 2026/08/01 01:24:15 logger.go:87: 2026-08-01 01:24:15.686 | 200 |    659.0996ms |             ::1 | POST    | /api/v1/user/data/batch
[shibosi] 2026/08/01 01:24:15 logger.go:87: 2026-08-01 01:24:15.722 | 200 |    692.5189ms |             ::1 | POST    | /api/v1/user/data/batch
[shibosi] 2026/08/01 01:24:19 logger.go:87: 2026-08-01 01:24:19.603 | 200 |            0s |             ::1 | GET     | /api/health
[shibosi] 2026/08/01 01:24:25 logger.go:87: 2026-08-01 01:24:25.658 | 200 |    410.4407ms |             ::1 | POST    | /api/v1/auth/login
[shibosi] 2026/08/01 01:24:25 logger.go:87: 2026-08-01 01:24:25.666 | 200 |            0s |             ::1 | GET     | /api/v1/user/data
[shibosi] 2026/08/01 01:24:25 logger.go:87: 2026-08-01 01:24:25.901 | 200 |     227.873ms |             ::1 | POST    | /api/v1/user/data/batch
[shibosi] 2026/08/01 01:24:34 logger.go:87: 2026-08-01 01:24:34.600 | 200 |            0s |             ::1 | GET     | /api/health
[shibosi] 2026/08/01 01:24:34 logger.go:87: 2026-08-01 01:24:34.852 | 200 |      1.0034ms |             ::1 | GET     | /api/v1/user/data
[shibosi] 2026/08/01 01:24:34 logger.go:87: 2026-08-01 01:24:34.862 | 200 |            0s |             ::1 | GET     | /api/v1/user/data
[shibosi] 2026/08/01 01:24:35 logger.go:87: 2026-08-01 01:24:35.356 | 200 |     454.733ms |             ::1 | POST    | /api/v1/user/data/batch
[shibosi] 2026/08/01 01:24:35 logger.go:87: 2026-08-01 01:24:35.376 | 200 |    473.3986ms |             ::1 | POST    | /api/v1/user/data/batch
[shibosi] 2026/08/01 01:24:49 logger.go:87: 2026-08-01 01:24:49.593 | 200 |       527.3µs |             ::1 | GET     | /api/health
[shibosi] 2026/08/01 01:25:00 logger.go:55: [INFO] 定时任务: Redis黑名单同步
[shibosi] 2026/08/01 01:25:04 logger.go:87: 2026-08-01 01:25:04.592 | 200 |            0s |             ::1 | GET     | /api/health
[shibosi] 2026/08/01 01:25:19 logger.go:87: 2026-08-01 01:25:19.602 | 200 |       523.3µs |             ::1 | GET     | /api/health
[shibosi] 2026/08/01 01:25:34 logger.go:87: 2026-08-01 01:25:34.635 | 200 |            0s |             ::1 | GET     | /api/health
[shibosi] 2026/08/01 01:25:49 logger.go:87: 2026-08-01 01:25:49.621 | 200 |         994µs |             ::1 | GET     | /api/health
[shibosi] 2026/08/01 01:25:50 logger.go:87: 2026-08-01 01:25:50.465 | 204 |            0s |             ::1 | OPTIONS | /api/v1/user/data
[shibosi] 2026/08/01 01:25:50 logger.go:87: 2026-08-01 01:25:50.465 | 204 |            0s |             ::1 | OPTIONS | /api/v1/user/data
[shibosi] 2026/08/01 01:25:50 logger.go:87: 2026-08-01 01:25:50.482 | 401 |      2.2514ms |             ::1 | GET     | /api/v1/user/data
[shibosi] 2026/08/01 01:25:50 logger.go:87: 2026-08-01 01:25:50.492 | 401 |            0s |             ::1 | GET     | /api/v1/user/data
[shibosi] 2026/08/01 01:26:04 logger.go:87: 2026-08-01 01:26:04.623 | 200 |            0s |             ::1 | GET     | /api/health
[shibosi] 2026/08/01 01:26:19 logger.go:87: 2026-08-01 01:26:19.597 | 200 |            0s |             ::1 | GET     | /api/health
[shibosi] 2026/08/01 01:26:34 logger.go:87: 2026-08-01 01:26:34.598 | 200 |            0s |             ::1 | GET     | /api/health
[shibosi] 2026/08/01 01:26:49 logger.go:87: 2026-08-01 01:26:49.596 | 200 |       518.2µs |             ::1 | GET     | /api/health
[shibosi] 2026/08/01 01:27:04 logger.go:87: 2026-08-01 01:27:04.590 | 200 |            0s |             ::1 | GET     | /api/health
[shibosi] 2026/08/01 01:27:19 logger.go:87: 2026-08-01 01:27:19.590 | 200 |            0s |             ::1 | GET     | /api/health
[shibosi] 2026/08/01 01:27:34 logger.go:87: 2026-08-01 01:27:34.601 | 200 |            0s |             ::1 | GET     | /api/health
[shibosi] 2026/08/01 01:27:49 logger.go:87: 2026-08-01 01:27:49.592 | 200 |       510.4µs |             ::1 | GET     | /api/health
[shibosi] 2026/08/01 01:28:04 logger.go:87: 2026-08-01 01:28:04.601 | 200 |            0s |             ::1 | GET     | /api/health
[shibosi] 2026/08/01 01:28:19 logger.go:87: 2026-08-01 01:28:19.601 | 200 |       111.2µs |             ::1 | GET     | /api/health
[shibosi] 2026/08/01 01:28:28 logger.go:87: 2026-08-01 01:28:28.552 | 200 |    418.6421ms |             ::1 | POST    | /api/v1/auth/login
[shibosi] 2026/08/01 01:28:28 logger.go:87: 2026-08-01 01:28:28.561 | 200 |       551.4µs |             ::1 | GET     | /api/v1/user/data
[shibosi] 2026/08/01 01:28:28 logger.go:87: 2026-08-01 01:28:28.809 | 200 |    234.7587ms |             ::1 | POST    | /api/v1/user/data/batch
[shibosi] 2026/08/01 01:28:34 logger.go:87: 2026-08-01 01:28:34.605 | 200 |            0s |             ::1 | GET     | /api/health
[shibosi] 2026/08/01 01:28:37 logger.go:87: 2026-08-01 01:28:37.899 | 200 |       790.7µs |             ::1 | GET     | /api/v1/user/data
[shibosi] 2026/08/01 01:28:37 logger.go:87: 2026-08-01 01:28:37.904 | 200 |      1.9962ms |             ::1 | GET     | /api/v1/user/data
[shibosi] 2026/08/01 01:28:38 logger.go:87: 2026-08-01 01:28:38.464 | 200 |      524.14ms |             ::1 | POST    | /api/v1/user/data/batch
[shibosi] 2026/08/01 01:28:38 logger.go:87: 2026-08-01 01:28:38.490 | 200 |    536.8261ms |             ::1 | POST    | /api/v1/user/data/batch
[shibosi] 2026/08/01 01:28:49 logger.go:87: 2026-08-01 01:28:49.596 | 200 |            0s |             ::1 | GET     | /api/health
[shibosi] 2026/08/01 01:29:04 logger.go:87: 2026-08-01 01:29:04.593 | 200 |            0s |             ::1 | GET     | /api/health
[shibosi] 2026/08/01 01:29:19 logger.go:87: 2026-08-01 01:29:19.600 | 200 |        61.1µs |             ::1 | GET     | /api/health
[shibosi] 2026/08/01 01:29:34 logger.go:87: 2026-08-01 01:29:34.609 | 200 |            0s |             ::1 | GET     | /api/health
[shibosi] 2026/08/01 01:29:49 logger.go:87: 2026-08-01 01:29:49.600 | 200 |            0s |             ::1 | GET     | /api/health
[shibosi] 2026/08/01 01:30:00 logger.go:55: [INFO] 定时任务: Redis黑名单同步
[shibosi] 2026/08/01 01:30:04 logger.go:87: 2026-08-01 01:30:04.591 | 200 |       515.1µs |             ::1 | GET     | /api/health
[shibosi] 2026/08/01 01:30:19 logger.go:87: 2026-08-01 01:30:19.596 | 200 |            0s |             ::1 | GET     | /api/health
[shibosi] 2026/08/01 01:30:34 logger.go:87: 2026-08-01 01:30:34.594 | 200 |            0s |             ::1 | GET     | /api/health
[shibosi] 2026/08/01 01:30:49 logger.go:87: 2026-08-01 01:30:49.590 | 200 |            0s |             ::1 | GET     | /api/health
[shibosi] 2026/08/01 01:31:04 logger.go:87: 2026-08-01 01:31:04.595 | 200 |            0s |             ::1 | GET     | /api/health
[shibosi] 2026/08/01 01:31:19 logger.go:87: 2026-08-01 01:31:19.591 | 200 |            0s |             ::1 | GET     | /api/health
[shibosi] 2026/08/01 01:31:34 logger.go:87: 2026-08-01 01:31:34.592 | 200 |            0s |             ::1 | GET     | /api/health
[shibosi] 2026/08/01 01:31:48 logger.go:87: 2026-08-01 01:31:48.181 | 204 |            0s |             ::1 | OPTIONS | /api/v1/auth/login
[shibosi] 2026/08/01 01:31:48 logger.go:87: 2026-08-01 01:31:48.185 | 200 |      1.0852ms |             ::1 | POST    | /api/v1/auth/login
[shibosi] 2026/08/01 01:31:48 logger.go:87: 2026-08-01 01:31:48.809 | 200 |       796.9µs |             ::1 | POST    | /api/v1/auth/login
[shibosi] 2026/08/01 01:31:49 logger.go:87: 2026-08-01 01:31:49.228 | 200 |      1.0909ms |             ::1 | POST    | /api/v1/auth/login
[shibosi] 2026/08/01 01:31:49 logger.go:87: 2026-08-01 01:31:49.405 | 200 |       553.4µs |             ::1 | POST    | /api/v1/auth/login
[shibosi] 2026/08/01 01:31:49 logger.go:87: 2026-08-01 01:31:49.596 | 200 |            0s |             ::1 | GET     | /api/health
[shibosi] 2026/08/01 01:31:49 logger.go:87: 2026-08-01 01:31:49.696 | 200 |     113.034ms |             ::1 | POST    | /api/v1/auth/login
[shibosi] 2026/08/01 01:31:49 logger.go:87: 2026-08-01 01:31:49.912 | 200 |      1.6052ms |             ::1 | POST    | /api/v1/auth/login
[shibosi] 2026/08/01 01:31:50 logger.go:87: 2026-08-01 01:31:50.116 | 200 |       589.6µs |             ::1 | POST    | /api/v1/auth/login
[shibosi] 2026/08/01 01:31:50 logger.go:87: 2026-08-01 01:31:50.243 | 200 |       575.7µs |             ::1 | POST    | /api/v1/auth/login
[shibosi] 2026/08/01 01:31:50 logger.go:87: 2026-08-01 01:31:50.407 | 200 |       593.2µs |             ::1 | POST    | /api/v1/auth/login
[shibosi] 2026/08/01 01:32:12 logger.go:87: 2026-08-01 01:32:12.272 | 204 |            0s |             ::1 | OPTIONS | /api/v1/auth/logout
[shibosi] 2026/08/01 01:32:12 logger.go:87: 2026-08-01 01:32:12.276 | 401 |            0s |             ::1 | POST    | /api/v1/auth/logout
[shibosi] 2026/08/01 01:32:19 logger.go:87: 2026-08-01 01:32:19.634 | 200 |            0s |             ::1 | GET     | /api/health
[shibosi] 2026/08/01 01:32:34 logger.go:87: 2026-08-01 01:32:34.652 | 200 |            0s |             ::1 | GET     | /api/health
[shibosi] 2026/08/01 01:32:34 logger.go:87: 2026-08-01 01:32:34.661 | 200 |            0s |             ::1 | GET     | /api/health
[shibosi] 2026/08/01 01:32:49 logger.go:87: 2026-08-01 01:32:49.598 | 200 |            0s |             ::1 | GET     | /api/health
[shibosi] 2026/08/01 01:33:04 logger.go:87: 2026-08-01 01:33:04.594 | 200 |            0s |             ::1 | GET     | /api/health
[shibosi] 2026/08/01 01:33:19 logger.go:87: 2026-08-01 01:33:19.600 | 200 |            0s |             ::1 | GET     | /api/health
[shibosi] 2026/08/01 01:33:34 logger.go:87: 2026-08-01 01:33:34.596 | 200 |            0s |             ::1 | GET     | /api/health
[shibosi] 2026/08/01 01:33:49 logger.go:87: 2026-08-01 01:33:49.590 | 200 |            0s |             ::1 | GET     | /api/health
[shibosi] 2026/08/01 01:34:04 logger.go:87: 2026-08-01 01:34:04.596 | 200 |            0s |             ::1 | GET     | /api/health
[shibosi] 2026/08/01 01:34:19 logger.go:87: 2026-08-01 01:34:19.600 | 200 |            0s |             ::1 | GET     | /api/health
[shibosi] 2026/08/01 01:34:34 logger.go:87: 2026-08-01 01:34:34.590 | 200 |            0s |             ::1 | GET     | /api/health
[shibosi] 2026/08/01 01:34:49 logger.go:87: 2026-08-01 01:34:49.591 | 200 |            0s |             ::1 | GET     | /api/health
[shibosi] 2026/08/01 01:35:00 logger.go:55: [INFO] 定时任务: Redis黑名单同步
[shibosi] 2026/08/01 01:35:04 logger.go:87: 2026-08-01 01:35:04.600 | 200 |            0s |             ::1 | GET     | /api/health
[shibosi] 2026/08/01 01:35:19 logger.go:87: 2026-08-01 01:35:19.601 | 200 |            0s |             ::1 | GET     | /api/health
[shibosi] 2026/08/01 01:35:34 logger.go:87: 2026-08-01 01:35:34.594 | 200 |            0s |             ::1 | GET     | /api/health
[shibosi] 2026/08/01 01:35:49 logger.go:87: 2026-08-01 01:35:49.596 | 200 |            0s |             ::1 | GET     | /api/health
[shibosi] 2026/08/01 01:36:04 logger.go:87: 2026-08-01 01:36:04.589 | 200 |            0s |             ::1 | GET     | /api/health
[shibosi] 2026/08/01 01:36:19 logger.go:87: 2026-08-01 01:36:19.589 | 200 |            0s |             ::1 | GET     | /api/health
[shibosi] 2026/08/01 01:36:34 logger.go:87: 2026-08-01 01:36:34.599 | 200 |            0s |             ::1 | GET     | /api/health
[shibosi] 2026/08/01 01:36:49 logger.go:87: 2026-08-01 01:36:49.597 | 200 |            0s |             ::1 | GET     | /api/health
[shibosi] 2026/08/01 01:37:04 logger.go:87: 2026-08-01 01:37:04.599 | 200 |            0s |             ::1 | GET     | /api/health
[shibosi] 2026/08/01 01:37:19 logger.go:87: 2026-08-01 01:37:19.590 | 200 |            0s |             ::1 | GET     | /api/health
[shibosi] 2026/08/01 01:37:34 logger.go:87: 2026-08-01 01:37:34.600 | 200 |            0s |             ::1 | GET     | /api/health
[shibosi] 2026/08/01 01:37:49 logger.go:87: 2026-08-01 01:37:49.591 | 200 |            0s |             ::1 | GET     | /api/health
[shibosi] 2026/08/01 01:38:04 logger.go:87: 2026-08-01 01:38:04.599 | 200 |         528µs |             ::1 | GET     | /api/health
[shibosi] 2026/08/01 01:38:17 logger.go:87: 2026-08-01 01:38:17.720 | 204 |            0s |             ::1 | OPTIONS | /api/v1/auth/login
[shibosi] 2026/08/01 01:38:17 logger.go:87: 2026-08-01 01:38:17.725 | 200 |       527.8µs |             ::1 | POST    | /api/v1/auth/login
[shibosi] 2026/08/01 01:38:18 logger.go:87: 2026-08-01 01:38:18.459 | 200 |       583.7µs |             ::1 | POST    | /api/v1/auth/login
[shibosi] 2026/08/01 01:38:18 logger.go:87: 2026-08-01 01:38:18.720 | 200 |       543.9µs |             ::1 | POST    | /api/v1/auth/login
[shibosi] 2026/08/01 01:38:18 logger.go:87: 2026-08-01 01:38:18.919 | 200 |       552.9µs |             ::1 | POST    | /api/v1/auth/login
[shibosi] 2026/08/01 01:38:19 logger.go:87: 2026-08-01 01:38:19.084 | 200 |      2.0039ms |             ::1 | POST    | /api/v1/auth/login
[shibosi] 2026/08/01 01:38:19 logger.go:87: 2026-08-01 01:38:19.596 | 200 |            0s |             ::1 | GET     | /api/health
[shibosi] 2026/08/01 01:38:21 logger.go:87: 2026-08-01 01:38:21.499 | 200 |       538.7µs |             ::1 | POST    | /api/v1/auth/login
[shibosi] 2026/08/01 01:38:21 logger.go:87: 2026-08-01 01:38:21.683 | 200 |       990.9µs |             ::1 | POST    | /api/v1/auth/login
[shibosi] 2026/08/01 01:38:21 logger.go:87: 2026-08-01 01:38:21.840 | 200 |      1.5319ms |             ::1 | POST    | /api/v1/auth/login
[shibosi] 2026/08/01 01:38:22 logger.go:87: 2026-08-01 01:38:22.000 | 200 |      1.2683ms |             ::1 | POST    | /api/v1/auth/login
[shibosi] 2026/08/01 01:38:22 logger.go:87: 2026-08-01 01:38:22.153 | 200 |       547.8µs |             ::1 | POST    | /api/v1/auth/login
[shibosi] 2026/08/01 01:38:34 logger.go:87: 2026-08-01 01:38:34.621 | 200 |       507.4µs |             ::1 | GET     | /api/health
[shibosi] 2026/08/01 01:38:49 logger.go:87: 2026-08-01 01:38:49.637 | 200 |            0s |             ::1 | GET     | /api/health
[shibosi] 2026/08/01 01:39:19 logger.go:87: 2026-08-01 01:39:19.757 | 200 |            0s |             ::1 | GET     | /api/health
[shibosi] 2026/08/01 01:39:19 logger.go:87: 2026-08-01 01:39:19.765 | 200 |            0s |             ::1 | GET     | /api/health
[shibosi] 2026/08/01 01:39:34 logger.go:87: 2026-08-01 01:39:34.783 | 200 |       542.2µs |             ::1 | GET     | /api/health
[shibosi] 2026/08/01 01:39:49 logger.go:87: 2026-08-01 01:39:49.605 | 200 |       510.8µs |             ::1 | GET     | /api/health
[shibosi] 2026/08/01 01:40:00 logger.go:55: [INFO] 定时任务: Redis黑名单同步
[shibosi] 2026/08/01 01:40:04 logger.go:87: 2026-08-01 01:40:04.600 | 200 |          61µs |             ::1 | GET     | /api/health
[shibosi] 2026/08/01 01:40:19 logger.go:87: 2026-08-01 01:40:19.629 | 200 |            0s |             ::1 | GET     | /api/health
[shibosi] 2026/08/01 01:40:34 logger.go:87: 2026-08-01 01:40:34.589 | 200 |            0s |             ::1 | GET     | /api/health
[shibosi] 2026/08/01 01:40:49 logger.go:87: 2026-08-01 01:40:49.594 | 200 |        63.1µs |             ::1 | GET     | /api/health
[shibosi] 2026/08/01 01:41:04 logger.go:87: 2026-08-01 01:41:04.596 | 200 |            0s |             ::1 | GET     | /api/health
[shibosi] 2026/08/01 01:41:19 logger.go:87: 2026-08-01 01:41:19.589 | 200 |            0s |             ::1 | GET     | /api/health
[shibosi] 2026/08/01 01:41:34 logger.go:87: 2026-08-01 01:41:34.593 | 200 |            0s |             ::1 | GET     | /api/health
[shibosi] 2026/08/01 01:41:49 logger.go:87: 2026-08-01 01:41:49.591 | 200 |        30.9µs |             ::1 | GET     | /api/health
[shibosi] 2026/08/01 01:42:04 logger.go:87: 2026-08-01 01:42:04.597 | 200 |            0s |             ::1 | GET     | /api/health
[shibosi] 2026/08/01 01:42:19 logger.go:87: 2026-08-01 01:42:19.597 | 200 |            0s |             ::1 | GET     | /api/health
[shibosi] 2026/08/01 01:42:34 logger.go:87: 2026-08-01 01:42:34.596 | 200 |            0s |             ::1 | GET     | /api/health
[shibosi] 2026/08/01 01:42:49 logger.go:87: 2026-08-01 01:42:49.596 | 200 |            0s |             ::1 | GET     | /api/health
[shibosi] 2026/08/01 01:43:04 logger.go:87: 2026-08-01 01:43:04.590 | 200 |         533µs |             ::1 | GET     | /api/health
[shibosi] 2026/08/01 01:43:19 logger.go:87: 2026-08-01 01:43:19.589 | 200 |            0s |             ::1 | GET     | /api/health
[shibosi] 2026/08/01 01:43:34 logger.go:87: 2026-08-01 01:43:34.678 | 200 |            0s |             ::1 | GET     | /api/health
[shibosi] 2026/08/01 01:43:49 logger.go:87: 2026-08-01 01:43:49.595 | 200 |        68.9µs |             ::1 | GET     | /api/health
[shibosi] 2026/08/01 01:44:04 logger.go:87: 2026-08-01 01:44:04.594 | 200 |            0s |             ::1 | GET     | /api/health
[shibosi] 2026/08/01 01:44:19 logger.go:87: 2026-08-01 01:44:19.590 | 200 |            0s |             ::1 | GET     | /api/health
[shibosi] 2026/08/01 01:44:34 logger.go:87: 2026-08-01 01:44:34.596 | 200 |       528.1µs |             ::1 | GET     | /api/health
[shibosi] 2026/08/01 01:44:49 logger.go:87: 2026-08-01 01:44:49.589 | 200 |            0s |             ::1 | GET     | /api/health
[shibosi] 2026/08/01 01:45:00 logger.go:55: [INFO] 定时任务: Redis黑名单同步
[shibosi] 2026/08/01 01:45:04 logger.go:87: 2026-08-01 01:45:04.601 | 200 |            0s |             ::1 | GET     | /api/health
[shibosi] 2026/08/01 01:45:19 logger.go:87: 2026-08-01 01:45:19.594 | 200 |            0s |             ::1 | GET     | /api/health
[shibosi] 2026/08/01 01:45:34 logger.go:87: 2026-08-01 01:45:34.599 | 200 |            0s |             ::1 | GET     | /api/health
[shibosi] 2026/08/01 01:45:49 logger.go:87: 2026-08-01 01:45:49.590 | 200 |            0s |             ::1 | GET     | /api/health
[shibosi] 2026/08/01 01:46:04 logger.go:87: 2026-08-01 01:46:04.596 | 200 |            0s |             ::1 | GET     | /api/health
[shibosi] 2026/08/01 01:46:19 logger.go:87: 2026-08-01 01:46:19.644 | 200 |            0s |             ::1 | GET     | /api/health
[shibosi] 2026/08/01 01:46:33 logger.go:87: 2026-08-01 01:46:33.650 | 200 |    407.7666ms |             ::1 | POST    | /api/v1/auth/login
[shibosi] 2026/08/01 01:46:33 logger.go:87: 2026-08-01 01:46:33.661 | 200 |         591µs |             ::1 | GET     | /api/v1/user/data
[shibosi] 2026/08/01 01:46:33 logger.go:87: 2026-08-01 01:46:33.896 | 200 |    225.4507ms |             ::1 | POST    | /api/v1/user/data/batch
[shibosi] 2026/08/01 01:46:34 logger.go:87: 2026-08-01 01:46:34.599 | 200 |            0s |             ::1 | GET     | /api/health
[shibosi] 2026/08/01 01:46:48 logger.go:87: 2026-08-01 01:46:48.004 | 200 |      1.0033ms |             ::1 | GET     | /api/v1/user/data
[shibosi] 2026/08/01 01:46:48 logger.go:87: 2026-08-01 01:46:48.011 | 200 |      2.9621ms |             ::1 | GET     | /api/v1/user/data
[shibosi] 2026/08/01 01:46:48 logger.go:87: 2026-08-01 01:46:48.549 | 200 |     511.433ms |             ::1 | POST    | /api/v1/user/data/batch
[shibosi] 2026/08/01 01:46:48 logger.go:87: 2026-08-01 01:46:48.574 | 200 |    536.4808ms |             ::1 | POST    | /api/v1/user/data/batch
[shibosi] 2026/08/01 01:46:49 logger.go:87: 2026-08-01 01:46:49.602 | 200 |            0s |             ::1 | GET     | /api/health
[shibosi] 2026/08/01 01:46:54 logger.go:87: 2026-08-01 01:46:54.884 | 200 |    386.3553ms |             ::1 | POST    | /api/v1/auth/login
[shibosi] 2026/08/01 01:47:04 logger.go:87: 2026-08-01 01:47:04.596 | 200 |            0s |             ::1 | GET     | /api/health
[shibosi] 2026/08/01 01:47:19 logger.go:87: 2026-08-01 01:47:19.590 | 200 |            0s |             ::1 | GET     | /api/health
[shibosi] 2026/08/01 01:47:34 logger.go:87: 2026-08-01 01:47:34.591 | 200 |            0s |             ::1 | GET     | /api/health
[shibosi] 2026/08/01 01:47:49 logger.go:87: 2026-08-01 01:47:49.602 | 200 |            0s |             ::1 | GET     | /api/health
[shibosi] 2026/08/01 01:48:04 logger.go:87: 2026-08-01 01:48:04.597 | 200 |            0s |             ::1 | GET     | /api/health
[shibosi] 2026/08/01 01:48:19 logger.go:87: 2026-08-01 01:48:19.589 | 200 |            0s |             ::1 | GET     | /api/health
[shibosi] 2026/08/01 01:48:34 logger.go:87: 2026-08-01 01:48:34.600 | 200 |            0s |             ::1 | GET     | /api/health
[shibosi] 2026/08/01 01:48:49 logger.go:87: 2026-08-01 01:48:49.604 | 200 |            0s |             ::1 | GET     | /api/health
[shibosi] 2026/08/01 01:48:50 logger.go:87: 2026-08-01 01:48:50.157 | 200 |    417.5739ms |             ::1 | POST    | /api/v1/auth/login
[shibosi] 2026/08/01 01:48:50 logger.go:87: 2026-08-01 01:48:50.167 | 200 |       576.6µs |             ::1 | GET     | /api/v1/user/data
[shibosi] 2026/08/01 01:48:50 logger.go:87: 2026-08-01 01:48:50.412 | 200 |    225.4122ms |             ::1 | POST    | /api/v1/user/data/batch
[shibosi] 2026/08/01 01:48:59 logger.go:87: 2026-08-01 01:48:59.989 | 200 |       774.6µs |             ::1 | GET     | /api/v1/user/data
[shibosi] 2026/08/01 01:48:59 logger.go:87: 2026-08-01 01:48:59.994 | 200 |            0s |             ::1 | GET     | /api/v1/user/data
[shibosi] 2026/08/01 01:49:00 logger.go:87: 2026-08-01 01:49:00.763 | 200 |    723.1588ms |             ::1 | POST    | /api/v1/user/data/batch
[shibosi] 2026/08/01 01:49:00 logger.go:87: 2026-08-01 01:49:00.789 | 200 |    739.7719ms |             ::1 | POST    | /api/v1/user/data/batch
[shibosi] 2026/08/01 01:49:04 logger.go:87: 2026-08-01 01:49:04.592 | 200 |       547.1µs |             ::1 | GET     | /api/health
[shibosi] 2026/08/01 01:49:19 logger.go:87: 2026-08-01 01:49:19.608 | 200 |            0s |             ::1 | GET     | /api/health
[shibosi] 2026/08/01 01:49:34 logger.go:87: 2026-08-01 01:49:34.589 | 200 |            0s |             ::1 | GET     | /api/health
[shibosi] 2026/08/01 01:49:36 logger.go:87: 2026-08-01 01:49:36.867 | 200 |    415.5424ms |             ::1 | POST    | /api/v1/auth/login
[shibosi] 2026/08/01 01:49:36 logger.go:87: 2026-08-01 01:49:36.876 | 200 |       595.7µs |             ::1 | GET     | /api/v1/user/data
[shibosi] 2026/08/01 01:49:37 logger.go:87: 2026-08-01 01:49:37.111 | 200 |     227.853ms |             ::1 | POST    | /api/v1/user/data/batch
[shibosi] 2026/08/01 01:49:49 logger.go:87: 2026-08-01 01:49:49.889 | 200 |            0s |             ::1 | GET     | /api/health
[shibosi] 2026/08/01 01:49:50 logger.go:87: 2026-08-01 01:49:50.568 | 200 |            0s |             ::1 | GET     | /api/v1/user/data
[shibosi] 2026/08/01 01:49:50 logger.go:87: 2026-08-01 01:49:50.583 | 200 |      2.6174ms |             ::1 | GET     | /api/v1/user/data
[shibosi] 2026/08/01 01:49:51 logger.go:87: 2026-08-01 01:49:51.127 | 200 |    516.6995ms |             ::1 | POST    | /api/v1/user/data/batch
[shibosi] 2026/08/01 01:49:51 logger.go:87: 2026-08-01 01:49:51.151 | 200 |    526.3202ms |             ::1 | POST    | /api/v1/user/data/batch
[shibosi] 2026/08/01 01:50:00 logger.go:55: [INFO] 定时任务: Redis黑名单同步
[shibosi] 2026/08/01 01:50:04 logger.go:87: 2026-08-01 01:50:04.596 | 200 |        20.4µs |             ::1 | GET     | /api/health
[shibosi] 2026/08/01 01:50:19 logger.go:87: 2026-08-01 01:50:19.590 | 200 |         524µs |             ::1 | GET     | /api/health
[shibosi] 2026/08/01 01:50:34 logger.go:87: 2026-08-01 01:50:34.597 | 200 |            0s |             ::1 | GET     | /api/health
[shibosi] 2026/08/01 01:50:49 logger.go:87: 2026-08-01 01:50:49.591 | 200 |            0s |             ::1 | GET     | /api/health
[shibosi] 2026/08/01 01:51:04 logger.go:87: 2026-08-01 01:51:04.596 | 200 |            0s |             ::1 | GET     | /api/health
[shibosi] 2026/08/01 01:51:19 logger.go:87: 2026-08-01 01:51:19.598 | 200 |            0s |             ::1 | GET     | /api/health
[shibosi] 2026/08/01 01:51:34 logger.go:87: 2026-08-01 01:51:34.598 | 200 |            0s |             ::1 | GET     | /api/health
[shibosi] 2026/08/01 01:51:49 logger.go:87: 2026-08-01 01:51:49.591 | 200 |            0s |             ::1 | GET     | /api/health
[shibosi] 2026/08/01 01:52:04 logger.go:87: 2026-08-01 01:52:04.598 | 200 |            0s |             ::1 | GET     | /api/health
[shibosi] 2026/08/01 01:52:19 logger.go:87: 2026-08-01 01:52:19.591 | 200 |            0s |             ::1 | GET     | /api/health
[shibosi] 2026/08/01 01:52:34 logger.go:87: 2026-08-01 01:52:34.599 | 200 |            0s |             ::1 | GET     | /api/health
[shibosi] 2026/08/01 01:52:49 logger.go:87: 2026-08-01 01:52:49.596 | 200 |            0s |             ::1 | GET     | /api/health
[shibosi] 2026/08/01 01:53:04 logger.go:87: 2026-08-01 01:53:04.591 | 200 |            0s |             ::1 | GET     | /api/health
[shibosi] 2026/08/01 01:53:19 logger.go:87: 2026-08-01 01:53:19.594 | 200 |            0s |             ::1 | GET     | /api/health
[shibosi] 2026/08/01 01:53:34 logger.go:87: 2026-08-01 01:53:34.598 | 200 |            0s |             ::1 | GET     | /api/health
[shibosi] 2026/08/01 01:53:49 logger.go:87: 2026-08-01 01:53:49.592 | 200 |            0s |             ::1 | GET     | /api/health
[shibosi] 2026/08/01 01:54:04 logger.go:87: 2026-08-01 01:54:04.589 | 200 |            0s |             ::1 | GET     | /api/health
[shibosi] 2026/08/01 01:54:19 logger.go:87: 2026-08-01 01:54:19.588 | 200 |            0s |             ::1 | GET     | /api/health
[shibosi] 2026/08/01 01:54:34 logger.go:87: 2026-08-01 01:54:34.590 | 200 |            0s |             ::1 | GET     | /api/health
[shibosi] 2026/08/01 01:54:49 logger.go:87: 2026-08-01 01:54:49.596 | 200 |            0s |             ::1 | GET     | /api/health
[shibosi] 2026/08/01 01:55:00 logger.go:55: [INFO] 定时任务: Redis黑名单同步
[shibosi] 2026/08/01 01:55:04 logger.go:87: 2026-08-01 01:55:04.599 | 200 |            0s |             ::1 | GET     | /api/health
[shibosi] 2026/08/01 01:55:19 logger.go:87: 2026-08-01 01:55:19.592 | 200 |            0s |             ::1 | GET     | /api/health
[shibosi] 2026/08/01 01:55:34 logger.go:87: 2026-08-01 01:55:34.597 | 200 |       535.5µs |             ::1 | GET     | /api/health
[shibosi] 2026/08/01 01:55:49 logger.go:87: 2026-08-01 01:55:49.591 | 200 |            0s |             ::1 | GET     | /api/health
[shibosi] 2026/08/01 01:56:04 logger.go:87: 2026-08-01 01:56:04.595 | 200 |            0s |             ::1 | GET     | /api/health
[shibosi] 2026/08/01 01:56:19 logger.go:87: 2026-08-01 01:56:19.590 | 200 |            0s |             ::1 | GET     | /api/health
[shibosi] 2026/08/01 01:56:29 logger.go:87: 2026-08-01 01:56:29.389 | 200 |      2.4705ms |             ::1 | POST    | /api/v1/auth/login
[shibosi] 2026/08/01 01:56:29 logger.go:87: 2026-08-01 01:56:29.920 | 200 |       982.5µs |             ::1 | POST    | /api/v1/auth/login
[shibosi] 2026/08/01 01:56:30 logger.go:87: 2026-08-01 01:56:30.163 | 200 |       2.315ms |             ::1 | POST    | /api/v1/auth/login
[shibosi] 2026/08/01 01:56:30 logger.go:87: 2026-08-01 01:56:30.330 | 200 |      1.6203ms |             ::1 | POST    | /api/v1/auth/login
[shibosi] 2026/08/01 01:56:30 logger.go:87: 2026-08-01 01:56:30.508 | 200 |      1.0011ms |             ::1 | POST    | /api/v1/auth/login
[shibosi] 2026/08/01 01:56:34 logger.go:87: 2026-08-01 01:56:34.599 | 200 |            0s |             ::1 | GET     | /api/health
[shibosi] 2026/08/01 01:56:49 logger.go:87: 2026-08-01 01:56:49.601 | 200 |            0s |             ::1 | GET     | /api/health
[shibosi] 2026/08/01 01:57:04 logger.go:87: 2026-08-01 01:57:04.598 | 200 |            0s |             ::1 | GET     | /api/health
[shibosi] 2026/08/01 01:57:19 logger.go:87: 2026-08-01 01:57:19.598 | 200 |            0s |             ::1 | GET     | /api/health
[shibosi] 2026/08/01 01:57:34 logger.go:87: 2026-08-01 01:57:34.600 | 200 |            0s |             ::1 | GET     | /api/health
[shibosi] 2026/08/01 01:57:49 logger.go:87: 2026-08-01 01:57:49.596 | 200 |            0s |             ::1 | GET     | /api/health
[shibosi] 2026/08/01 01:58:04 logger.go:87: 2026-08-01 01:58:04.596 | 200 |            0s |             ::1 | GET     | /api/health
[shibosi] 2026/08/01 01:58:19 logger.go:87: 2026-08-01 01:58:19.591 | 200 |            0s |             ::1 | GET     | /api/health
[shibosi] 2026/08/01 01:58:34 logger.go:87: 2026-08-01 01:58:34.618 | 200 |            0s |             ::1 | GET     | /api/health
[shibosi] 2026/08/01 01:58:49 logger.go:87: 2026-08-01 01:58:49.597 | 200 |            0s |             ::1 | GET     | /api/health
[shibosi] 2026/08/01 01:59:04 logger.go:87: 2026-08-01 01:59:04.593 | 200 |            0s |             ::1 | GET     | /api/health
[shibosi] 2026/08/01 01:59:13 logger.go:87: 2026-08-01 01:59:13.629 | 200 |      1.0381ms |             ::1 | POST    | /api/v1/auth/login
[shibosi] 2026/08/01 01:59:17 logger.go:87: 2026-08-01 01:59:17.390 | 200 |      1.5658ms |             ::1 | POST    | /api/v1/auth/login
[shibosi] 2026/08/01 01:59:19 logger.go:87: 2026-08-01 01:59:19.606 | 200 |            0s |             ::1 | GET     | /api/health
[shibosi] 2026/08/01 01:59:34 logger.go:87: 2026-08-01 01:59:34.597 | 200 |       525.3µs |             ::1 | GET     | /api/health
[shibosi] 2026/08/01 01:59:49 logger.go:87: 2026-08-01 01:59:49.594 | 200 |            0s |             ::1 | GET     | /api/health
[shibosi] 2026/08/01 02:00:00 logger.go:55: [INFO] 定时任务: Redis黑名单同步
[shibosi] 2026/08/01 02:00:00 logger.go:55: [INFO] 定时清理审计日志完成: 删除 0 条
[shibosi] 2026/08/01 02:00:04 logger.go:87: 2026-08-01 02:00:04.598 | 200 |            0s |             ::1 | GET     | /api/health
[shibosi] 2026/08/01 02:00:05 logger.go:87: 2026-08-01 02:00:05.496 | 200 |    292.3326ms |             ::1 | POST    | /api/v1/auth/login
[shibosi] 2026/08/01 02:00:19 logger.go:87: 2026-08-01 02:00:19.599 | 200 |            0s |             ::1 | GET     | /api/health
[shibosi] 2026/08/01 02:00:34 logger.go:87: 2026-08-01 02:00:34.597 | 200 |            0s |             ::1 | GET     | /api/health
[shibosi] 2026/08/01 02:00:49 logger.go:87: 2026-08-01 02:00:49.599 | 200 |            0s |             ::1 | GET     | /api/health
[shibosi] 2026/08/01 02:01:04 logger.go:87: 2026-08-01 02:01:04.590 | 200 |            0s |             ::1 | GET     | /api/health
[shibosi] 2026/08/01 02:01:19 logger.go:87: 2026-08-01 02:01:19.598 | 200 |            0s |             ::1 | GET     | /api/health
[shibosi] 2026/08/01 02:01:34 logger.go:87: 2026-08-01 02:01:34.594 | 200 |            0s |             ::1 | GET     | /api/health
[shibosi] 2026/08/01 02:01:46 logger.go:87: 2026-08-01 02:01:46.497 | 200 |    413.0513ms |             ::1 | POST    | /api/v1/auth/login
[shibosi] 2026/08/01 02:01:46 logger.go:87: 2026-08-01 02:01:46.804 | 200 |    293.1828ms |             ::1 | POST    | /api/v1/auth/login
[shibosi] 2026/08/01 02:01:47 logger.go:87: 2026-08-01 02:01:47.099 | 200 |    293.0958ms |             ::1 | POST    | /api/v1/auth/login
[shibosi] 2026/08/01 02:01:47 logger.go:87: 2026-08-01 02:01:47.393 | 200 |    291.2131ms |             ::1 | POST    | /api/v1/auth/login
[shibosi] 2026/08/01 02:01:47 logger.go:87: 2026-08-01 02:01:47.802 | 200 |    405.9702ms |             ::1 | POST    | /api/v1/auth/login
[shibosi] 2026/08/01 02:01:48 logger.go:87: 2026-08-01 02:01:48.100 | 200 |    294.6886ms |             ::1 | POST    | /api/v1/auth/login
[shibosi] 2026/08/01 02:01:48 logger.go:87: 2026-08-01 02:01:48.126 | 200 |       281.4µs |             ::1 | POST    | /api/v1/auth/login
[shibosi] 2026/08/01 02:01:48 logger.go:87: 2026-08-01 02:01:48.535 | 200 |    395.8623ms |             ::1 | POST    | /api/v1/auth/login
[shibosi] 2026/08/01 02:01:48 logger.go:87: 2026-08-01 02:01:48.949 | 200 |    392.0102ms |             ::1 | POST    | /api/v1/auth/login
[shibosi] 2026/08/01 02:01:49 logger.go:87: 2026-08-01 02:01:49.602 | 200 |            0s |             ::1 | GET     | /api/health
[shibosi] 2026/08/01 02:02:04 logger.go:87: 2026-08-01 02:02:04.600 | 200 |            0s |             ::1 | GET     | /api/health
[shibosi] 2026/08/01 02:02:19 logger.go:87: 2026-08-01 02:02:19.601 | 200 |            0s |             ::1 | GET     | /api/health
[shibosi] 2026/08/01 02:02:34 logger.go:87: 2026-08-01 02:02:34.603 | 200 |       529.2µs |             ::1 | GET     | /api/health
[shibosi] 2026/08/01 02:02:49 logger.go:87: 2026-08-01 02:02:49.600 | 200 |            0s |             ::1 | GET     | /api/health
[shibosi] 2026/08/01 02:03:04 logger.go:87: 2026-08-01 02:03:04.610 | 200 |            0s |             ::1 | GET     | /api/health
[shibosi] 2026/08/01 02:03:05 logger.go:87: 2026-08-01 02:03:05.851 | 200 |    527.9535ms |             ::1 | POST    | /api/v1/auth/login
[shibosi] 2026/08/01 02:03:05 logger.go:87: 2026-08-01 02:03:05.865 | 200 |       531.2µs |             ::1 | GET     | /api/v1/user/data
[shibosi] 2026/08/01 02:03:05 logger.go:87: 2026-08-01 02:03:05.877 | 204 |            0s |             ::1 | OPTIONS | /api/v1/user/data/batch
[shibosi] 2026/08/01 02:03:06 logger.go:87: 2026-08-01 02:03:06.127 | 200 |    245.0227ms |             ::1 | POST    | /api/v1/user/data/batch
[shibosi] 2026/08/01 02:03:10 logger.go:87: 2026-08-01 02:03:10.832 | 200 |            0s |             ::1 | GET     | /api/v1/user/data
[shibosi] 2026/08/01 02:03:10 logger.go:87: 2026-08-01 02:03:10.851 | 200 |      1.0055ms |             ::1 | GET     | /api/v1/user/data
[shibosi] 2026/08/01 02:03:11 logger.go:87: 2026-08-01 02:03:11.545 | 200 |     627.891ms |             ::1 | POST    | /api/v1/user/data/batch
[shibosi] 2026/08/01 02:03:11 logger.go:87: 2026-08-01 02:03:11.570 | 200 |     636.686ms |             ::1 | POST    | /api/v1/user/data/batch
[shibosi] 2026/08/01 02:03:19 logger.go:87: 2026-08-01 02:03:19.601 | 200 |            0s |             ::1 | GET     | /api/health
[shibosi] 2026/08/01 02:03:34 logger.go:87: 2026-08-01 02:03:34.601 | 200 |            0s |             ::1 | GET     | /api/health
[shibosi] 2026/08/01 02:03:49 logger.go:87: 2026-08-01 02:03:49.605 | 200 |            0s |             ::1 | GET     | /api/health
[shibosi] 2026/08/01 02:03:51 logger.go:87: 2026-08-01 02:03:51.998 | 200 |    380.6801ms |             ::1 | POST    | /api/v1/auth/login
[shibosi] 2026/08/01 02:03:52 logger.go:87: 2026-08-01 02:03:52.002 | 200 |       589.3µs |             ::1 | GET     | /api/v1/admin/users
[shibosi] 2026/08/01 02:03:52 logger.go:87: 2026-08-01 02:03:52.323 | 200 |    318.3494ms |             ::1 | POST    | /api/v1/admin/users/8/reset-password
[shibosi] 2026/08/01 02:03:52 logger.go:87: 2026-08-01 02:03:52.725 | 200 |    386.0801ms |             ::1 | POST    | /api/v1/admin/users/7/reset-password
[shibosi] 2026/08/01 02:03:53 logger.go:87: 2026-08-01 02:03:53.139 | 200 |     395.862ms |             ::1 | POST    | /api/v1/admin/users/6/reset-password
[shibosi] 2026/08/01 02:03:53 logger.go:87: 2026-08-01 02:03:53.541 | 200 |    385.4089ms |             ::1 | POST    | /api/v1/admin/users/5/reset-password
[shibosi] 2026/08/01 02:03:53 logger.go:87: 2026-08-01 02:03:53.955 | 200 |    401.4531ms |             ::1 | POST    | /api/v1/admin/users/4/reset-password
[shibosi] 2026/08/01 02:03:54 logger.go:87: 2026-08-01 02:03:54.346 | 200 |    389.3867ms |             ::1 | POST    | /api/v1/admin/users/3/reset-password
[shibosi] 2026/08/01 02:03:54 logger.go:87: 2026-08-01 02:03:54.718 | 200 |    354.7317ms |             ::1 | POST    | /api/v1/auth/login
[shibosi] 2026/08/01 02:03:55 logger.go:87: 2026-08-01 02:03:55.038 | 200 |    309.2128ms |             ::1 | POST    | /api/v1/auth/login
[shibosi] 2026/08/01 02:03:55 logger.go:87: 2026-08-01 02:03:55.467 | 200 |    424.5622ms |             ::1 | POST    | /api/v1/auth/login
[shibosi] 2026/08/01 02:03:55 logger.go:87: 2026-08-01 02:03:55.869 | 200 |    398.7411ms |             ::1 | POST    | /api/v1/auth/login
[shibosi] 2026/08/01 02:03:56 logger.go:87: 2026-08-01 02:03:56.180 | 200 |    309.8129ms |             ::1 | POST    | /api/v1/auth/login
[shibosi] 2026/08/01 02:03:56 logger.go:87: 2026-08-01 02:03:56.609 | 200 |    424.5333ms |             ::1 | POST    | /api/v1/auth/login
[shibosi] 2026/08/01 02:03:57 logger.go:87: 2026-08-01 02:03:57.000 | 200 |    389.0894ms |             ::1 | POST    | /api/v1/auth/login
[shibosi] 2026/08/01 02:04:04 logger.go:87: 2026-08-01 02:04:04.599 | 200 |         521µs |             ::1 | GET     | /api/health
[shibosi] 2026/08/01 02:04:19 logger.go:87: 2026-08-01 02:04:19.596 | 200 |            0s |             ::1 | GET     | /api/health
[shibosi] 2026/08/01 02:04:34 logger.go:87: 2026-08-01 02:04:34.590 | 200 |        22.6µs |             ::1 | GET     | /api/health
[shibosi] 2026/08/01 02:04:49 logger.go:87: 2026-08-01 02:04:49.599 | 200 |       518.3µs |             ::1 | GET     | /api/health
[shibosi] 2026/08/01 02:05:00 logger.go:55: [INFO] 定时任务: Redis黑名单同步
[shibosi] 2026/08/01 02:05:04 logger.go:87: 2026-08-01 02:05:04.598 | 200 |            0s |             ::1 | GET     | /api/health
[shibosi] 2026/08/01 02:05:19 logger.go:87: 2026-08-01 02:05:19.591 | 200 |            0s |             ::1 | GET     | /api/health
[shibosi] 2026/08/01 02:05:34 logger.go:87: 2026-08-01 02:05:34.599 | 200 |            0s |             ::1 | GET     | /api/health
[shibosi] 2026/08/01 02:05:49 logger.go:87: 2026-08-01 02:05:49.591 | 200 |            0s |             ::1 | GET     | /api/health
[shibosi] 2026/08/01 02:06:04 logger.go:87: 2026-08-01 02:06:04.597 | 200 |            0s |             ::1 | GET     | /api/health
[shibosi] 2026/08/01 02:06:19 logger.go:87: 2026-08-01 02:06:19.597 | 200 |            0s |             ::1 | GET     | /api/health
[shibosi] 2026/08/01 02:06:34 logger.go:87: 2026-08-01 02:06:34.597 | 200 |            0s |             ::1 | GET     | /api/health
[shibosi] 2026/08/01 02:06:49 logger.go:87: 2026-08-01 02:06:49.601 | 200 |       547.4µs |             ::1 | GET     | /api/health
[shibosi] 2026/08/01 02:07:04 logger.go:87: 2026-08-01 02:07:04.605 | 200 |            0s |             ::1 | GET     | /api/health
[shibosi] 2026/08/01 02:07:17 logger.go:87: 2026-08-01 02:07:17.594 | 200 |      12.963ms |             ::1 | GET     | /api/v1/user/data
[shibosi] 2026/08/01 02:07:17 logger.go:87: 2026-08-01 02:07:17.602 | 200 |      1.9711ms |             ::1 | GET     | /api/v1/user/data
[shibosi] 2026/08/01 02:07:18 logger.go:87: 2026-08-01 02:07:18.129 | 200 |    524.0399ms |             ::1 | POST    | /api/v1/user/data/batch
[shibosi] 2026/08/01 02:07:18 logger.go:87: 2026-08-01 02:07:18.153 | 200 |    543.4643ms |             ::1 | POST    | /api/v1/user/data/batch
[shibosi] 2026/08/01 02:07:19 logger.go:87: 2026-08-01 02:07:19.599 | 200 |            0s |             ::1 | GET     | /api/health
[shibosi] 2026/08/01 02:07:34 logger.go:87: 2026-08-01 02:07:34.589 | 200 |            0s |             ::1 | GET     | /api/health
[shibosi] 2026/08/01 02:07:49 logger.go:87: 2026-08-01 02:07:49.611 | 200 |            0s |             ::1 | GET     | /api/health
[shibosi] 2026/08/01 02:08:19 logger.go:87: 2026-08-01 02:08:19.609 | 200 |            0s |             ::1 | GET     | /api/health
[shibosi] 2026/08/01 02:08:19 logger.go:87: 2026-08-01 02:08:19.611 | 200 |            0s |             ::1 | GET     | /api/health
[shibosi] 2026/08/01 02:08:34 logger.go:87: 2026-08-01 02:08:34.627 | 200 |            0s |             ::1 | GET     | /api/health
[shibosi] 2026/08/01 02:09:04 logger.go:87: 2026-08-01 02:09:04.667 | 200 |            0s |             ::1 | GET     | /api/health
[shibosi] 2026/08/01 02:09:04 logger.go:87: 2026-08-01 02:09:04.675 | 200 |            0s |             ::1 | GET     | /api/health
[shibosi] 2026/08/01 02:09:05 logger.go:87: 2026-08-01 02:09:05.800 | 200 |    693.2578ms |             ::1 | POST    | /api/v1/auth/login
[shibosi] 2026/08/01 02:09:05 logger.go:87: 2026-08-01 02:09:05.806 | 204 |            0s |             ::1 | OPTIONS | /api/v1/user/data
[shibosi] 2026/08/01 02:09:05 logger.go:87: 2026-08-01 02:09:05.809 | 200 |            0s |             ::1 | GET     | /api/v1/user/data
[shibosi] 2026/08/01 02:09:05 logger.go:87: 2026-08-01 02:09:05.814 | 204 |            0s |             ::1 | OPTIONS | /api/v1/user/data/batch
[shibosi] 2026/08/01 02:09:06 logger.go:87: 2026-08-01 02:09:06.144 | 200 |    327.9399ms |             ::1 | POST    | /api/v1/user/data/batch
[shibosi] 2026/08/01 02:09:08 logger.go:87: 2026-08-01 02:09:08.265 | 200 |            0s |             ::1 | GET     | /api/v1/user/data
[shibosi] 2026/08/01 02:09:08 logger.go:87: 2026-08-01 02:09:08.601 | 200 |    318.1426ms |             ::1 | POST    | /api/v1/user/data/batch
[shibosi] 2026/08/01 02:09:19 logger.go:87: 2026-08-01 02:09:19.598 | 200 |        52.1µs |             ::1 | GET     | /api/health
[shibosi] 2026/08/01 02:09:34 logger.go:87: 2026-08-01 02:09:34.598 | 200 |            0s |             ::1 | GET     | /api/health
[shibosi] 2026/08/01 02:09:38 logger.go:87: 2026-08-01 02:09:38.574 | 200 |      1.0007ms |             ::1 | GET     | /api/v1/user/data
[shibosi] 2026/08/01 02:09:38 logger.go:87: 2026-08-01 02:09:38.583 | 200 |      1.0013ms |             ::1 | GET     | /api/v1/user/data
[shibosi] 2026/08/01 02:09:39 logger.go:87: 2026-08-01 02:09:39.145 | 200 |    515.8937ms |             ::1 | POST    | /api/v1/user/data/batch
[shibosi] 2026/08/01 02:09:39 logger.go:87: 2026-08-01 02:09:39.175 | 200 |    542.2753ms |             ::1 | POST    | /api/v1/user/data/batch
[shibosi] 2026/08/01 02:09:49 logger.go:87: 2026-08-01 02:09:49.596 | 200 |            0s |             ::1 | GET     | /api/health
[shibosi] 2026/08/01 02:10:00 logger.go:55: [INFO] 定时任务: Redis黑名单同步
[shibosi] 2026/08/01 02:10:04 logger.go:87: 2026-08-01 02:10:04.603 | 200 |            0s |             ::1 | GET     | /api/health
[shibosi] 2026/08/01 02:10:19 logger.go:87: 2026-08-01 02:10:19.592 | 200 |            0s |             ::1 | GET     | /api/health
[shibosi] 2026/08/01 02:10:34 logger.go:87: 2026-08-01 02:10:34.593 | 200 |            0s |             ::1 | GET     | /api/health
[shibosi] 2026/08/01 02:10:49 logger.go:87: 2026-08-01 02:10:49.615 | 200 |            0s |             ::1 | GET     | /api/health
[shibosi] 2026/08/01 02:11:04 logger.go:87: 2026-08-01 02:11:04.602 | 200 |            0s |             ::1 | GET     | /api/health
[shibosi] 2026/08/01 02:11:19 logger.go:87: 2026-08-01 02:11:19.601 | 200 |            0s |             ::1 | GET     | /api/health
[shibosi] 2026/08/01 02:11:34 logger.go:87: 2026-08-01 02:11:34.597 | 200 |            0s |             ::1 | GET     | /api/health
[shibosi] 2026/08/01 02:11:49 logger.go:87: 2026-08-01 02:11:49.601 | 200 |            0s |             ::1 | GET     | /api/health
[shibosi] 2026/08/01 02:12:04 logger.go:87: 2026-08-01 02:12:04.599 | 200 |            0s |             ::1 | GET     | /api/health
[shibosi] 2026/08/01 02:12:19 logger.go:87: 2026-08-01 02:12:19.770 | 200 |            0s |             ::1 | GET     | /api/health
[shibosi] 2026/08/01 02:12:34 logger.go:87: 2026-08-01 02:12:34.596 | 200 |            0s |             ::1 | GET     | /api/health
[shibosi] 2026/08/01 02:12:49 logger.go:87: 2026-08-01 02:12:49.595 | 200 |            0s |             ::1 | GET     | /api/health
[shibosi] 2026/08/01 02:13:04 logger.go:87: 2026-08-01 02:13:04.606 | 200 |       525.8µs |             ::1 | GET     | /api/health
[shibosi] 2026/08/01 02:13:19 logger.go:87: 2026-08-01 02:13:19.599 | 200 |            0s |             ::1 | GET     | /api/health
[shibosi] 2026/08/01 02:13:34 logger.go:87: 2026-08-01 02:13:34.598 | 200 |            0s |             ::1 | GET     | /api/health
[shibosi] 2026/08/01 02:13:49 logger.go:87: 2026-08-01 02:13:49.600 | 200 |        12.4µs |             ::1 | GET     | /api/health
[shibosi] 2026/08/01 02:14:04 logger.go:87: 2026-08-01 02:14:04.594 | 200 |       696.5µs |             ::1 | GET     | /api/health
[shibosi] 2026/08/01 02:14:19 logger.go:87: 2026-08-01 02:14:19.592 | 200 |            0s |             ::1 | GET     | /api/health
[shibosi] 2026/08/01 02:14:34 logger.go:87: 2026-08-01 02:14:34.596 | 200 |            0s |             ::1 | GET     | /api/health
[shibosi] 2026/08/01 02:14:49 logger.go:87: 2026-08-01 02:14:49.589 | 200 |            0s |             ::1 | GET     | /api/health
[shibosi] 2026/08/01 02:15:00 logger.go:55: [INFO] 定时任务: Redis黑名单同步
[shibosi] 2026/08/01 02:15:04 logger.go:87: 2026-08-01 02:15:04.596 | 200 |            0s |             ::1 | GET     | /api/health
[shibosi] 2026/08/01 02:15:19 logger.go:87: 2026-08-01 02:15:19.592 | 200 |            0s |             ::1 | GET     | /api/health
[shibosi] 2026/08/01 02:15:34 logger.go:87: 2026-08-01 02:15:34.600 | 200 |            0s |             ::1 | GET     | /api/health
[shibosi] 2026/08/01 02:15:49 logger.go:87: 2026-08-01 02:15:49.597 | 200 |        28.2µs |             ::1 | GET     | /api/health
[shibosi] 2026/08/01 02:16:04 logger.go:87: 2026-08-01 02:16:04.688 | 200 |            0s |             ::1 | GET     | /api/health
[shibosi] 2026/08/01 02:16:19 logger.go:87: 2026-08-01 02:16:19.674 | 200 |            0s |             ::1 | GET     | /api/health
[shibosi] 2026/08/01 02:16:34 logger.go:87: 2026-08-01 02:16:34.592 | 200 |            0s |             ::1 | GET     | /api/health
[shibosi] 2026/08/01 02:16:49 logger.go:87: 2026-08-01 02:16:49.600 | 200 |       538.2µs |             ::1 | GET     | /api/health
[shibosi] 2026/08/01 02:17:04 logger.go:87: 2026-08-01 02:17:04.592 | 200 |            0s |             ::1 | GET     | /api/health
[shibosi] 2026/08/01 02:17:19 logger.go:87: 2026-08-01 02:17:19.593 | 200 |            0s |             ::1 | GET     | /api/health
[shibosi] 2026/08/01 02:17:34 logger.go:87: 2026-08-01 02:17:34.597 | 200 |            0s |             ::1 | GET     | /api/health
[shibosi] 2026/08/01 02:17:49 logger.go:87: 2026-08-01 02:17:49.600 | 200 |            0s |             ::1 | GET     | /api/health
[shibosi] 2026/08/01 02:18:04 logger.go:87: 2026-08-01 02:18:04.599 | 200 |            0s |             ::1 | GET     | /api/health
[shibosi] 2026/08/01 02:18:19 logger.go:87: 2026-08-01 02:18:19.600 | 200 |            0s |             ::1 | GET     | /api/health
[shibosi] 2026/08/01 02:18:34 logger.go:87: 2026-08-01 02:18:34.597 | 200 |            0s |             ::1 | GET     | /api/health
[shibosi] 2026/08/01 02:18:49 logger.go:87: 2026-08-01 02:18:49.612 | 200 |            0s |             ::1 | GET     | /api/health
[shibosi] 2026/08/01 02:19:04 logger.go:87: 2026-08-01 02:19:04.734 | 200 |            0s |             ::1 | GET     | /api/health
[shibosi] 2026/08/01 02:19:19 logger.go:87: 2026-08-01 02:19:19.597 | 200 |            0s |             ::1 | GET     | /api/health
[shibosi] 2026/08/01 02:19:34 logger.go:87: 2026-08-01 02:19:34.602 | 200 |            0s |             ::1 | GET     | /api/health
[shibosi] 2026/08/01 02:19:49 logger.go:87: 2026-08-01 02:19:49.602 | 200 |            0s |             ::1 | GET     | /api/health
[shibosi] 2026/08/01 02:20:00 logger.go:55: [INFO] 定时任务: Redis黑名单同步
[shibosi] 2026/08/01 02:20:04 logger.go:87: 2026-08-01 02:20:04.596 | 200 |            0s |             ::1 | GET     | /api/health
[shibosi] 2026/08/01 02:20:19 logger.go:87: 2026-08-01 02:20:19.599 | 200 |            0s |             ::1 | GET     | /api/health
[shibosi] 2026/08/01 02:20:34 logger.go:87: 2026-08-01 02:20:34.605 | 200 |            0s |             ::1 | GET     | /api/health
[shibosi] 2026/08/01 02:20:49 logger.go:87: 2026-08-01 02:20:49.588 | 200 |            0s |             ::1 | GET     | /api/health
[shibosi] 2026/08/01 02:21:04 logger.go:87: 2026-08-01 02:21:04.596 | 200 |            0s |             ::1 | GET     | /api/health
[shibosi] 2026/08/01 02:21:19 logger.go:87: 2026-08-01 02:21:19.598 | 200 |            0s |             ::1 | GET     | /api/health
[shibosi] 2026/08/01 02:21:34 logger.go:87: 2026-08-01 02:21:34.593 | 200 |            0s |             ::1 | GET     | /api/health
[shibosi] 2026/08/01 02:21:49 logger.go:87: 2026-08-01 02:21:49.592 | 200 |            0s |             ::1 | GET     | /api/health
[shibosi] 2026/08/01 02:22:06 logger.go:87: 2026-08-01 02:22:06.336 | 200 |            0s |             ::1 | GET     | /api/health
[shibosi] 2026/08/01 02:22:34 logger.go:87: 2026-08-01 02:22:34.604 | 200 |       531.2µs |             ::1 | GET     | /api/health
[shibosi] 2026/08/01 02:22:49 logger.go:87: 2026-08-01 02:22:49.620 | 200 |            0s |             ::1 | GET     | /api/health
[shibosi] 2026/08/01 02:22:58 logger.go:87: 2026-08-01 02:22:58.063 | 200 |            0s |             ::1 | GET     | /api/health
[shibosi] 2026/08/01 02:23:04 logger.go:87: 2026-08-01 02:23:04.591 | 200 |            0s |             ::1 | GET     | /api/health
[shibosi] 2026/08/01 02:23:06 logger.go:87: 2026-08-01 02:23:06.415 | 204 |            0s |             ::1 | OPTIONS | /api/v1/auth/login
[shibosi] 2026/08/01 02:23:06 logger.go:87: 2026-08-01 02:23:06.827 | 200 |    407.7685ms |             ::1 | POST    | /api/v1/auth/login
[shibosi] 2026/08/01 02:23:06 logger.go:87: 2026-08-01 02:23:06.842 | 204 |            0s |             ::1 | OPTIONS | /api/v1/user/data
[shibosi] 2026/08/01 02:23:06 logger.go:87: 2026-08-01 02:23:06.847 | 200 |            0s |             ::1 | GET     | /api/v1/user/data
[shibosi] 2026/08/01 02:23:06 logger.go:87: 2026-08-01 02:23:06.859 | 204 |            0s |             ::1 | OPTIONS | /api/v1/user/data/batch
[shibosi] 2026/08/01 02:23:07 logger.go:87: 2026-08-01 02:23:07.088 | 200 |    221.5682ms |             ::1 | POST    | /api/v1/user/data/batch
[shibosi] 2026/08/01 02:23:19 logger.go:87: 2026-08-01 02:23:19.102 | 200 |      1.6731ms |             ::1 | GET     | /api/v1/user/data
[shibosi] 2026/08/01 02:23:19 logger.go:87: 2026-08-01 02:23:19.434 | 200 |    322.6402ms |             ::1 | POST    | /api/v1/user/data/batch
[shibosi] 2026/08/01 02:23:19 logger.go:87: 2026-08-01 02:23:19.672 | 200 |            0s |             ::1 | GET     | /api/health
[shibosi] 2026/08/01 02:23:49 logger.go:87: 2026-08-01 02:23:49.600 | 200 |            0s |             ::1 | GET     | /api/health
[shibosi] 2026/08/01 02:23:49 logger.go:87: 2026-08-01 02:23:49.605 | 200 |            0s |             ::1 | GET     | /api/health
[shibosi] 2026/08/01 02:24:05 logger.go:87: 2026-08-01 02:24:05.211 | 200 |    399.9077ms |             ::1 | POST    | /api/v1/auth/login
[shibosi] 2026/08/01 02:24:05 logger.go:87: 2026-08-01 02:24:05.256 | 401 |            0s |             ::1 | GET     | /api/v1/user/data
[shibosi] 2026/08/01 02:24:12 logger.go:87: 2026-08-01 02:24:12.800 | 200 |    403.4957ms |             ::1 | POST    | /api/v1/auth/login
[shibosi] 2026/08/01 02:24:12 logger.go:87: 2026-08-01 02:24:12.973 | 401 |            0s |             ::1 | GET     | /api/v1/user/data
[shibosi] 2026/08/01 02:24:19 logger.go:87: 2026-08-01 02:24:19.637 | 200 |            0s |             ::1 | GET     | /api/health
[shibosi] 2026/08/01 02:24:19 logger.go:87: 2026-08-01 02:24:19.647 | 200 |            0s |             ::1 | GET     | /api/health
[shibosi] 2026/08/01 02:24:20 logger.go:87: 2026-08-01 02:24:20.100 | 200 |    407.3868ms |             ::1 | POST    | /api/v1/auth/login
[shibosi] 2026/08/01 02:24:27 logger.go:87: 2026-08-01 02:24:27.021 | 200 |    404.6256ms |             ::1 | POST    | /api/v1/auth/login
[shibosi] 2026/08/01 02:24:27 logger.go:87: 2026-08-01 02:24:27.038 | 200 |       588.7µs |             ::1 | GET     | /api/v1/user/data
[shibosi] 2026/08/01 02:24:42 logger.go:87: 2026-08-01 02:24:42.988 | 200 |            0s |             ::1 | GET     | /api/health
[shibosi] 2026/08/01 02:24:43 logger.go:87: 2026-08-01 02:24:43.541 | 200 |            0s |             ::1 | GET     | /api/v1/user/data
[shibosi] 2026/08/01 02:24:43 logger.go:87: 2026-08-01 02:24:43.875 | 200 |    312.5313ms |             ::1 | POST    | /api/v1/user/data/batch
[shibosi] 2026/08/01 02:25:00 logger.go:55: [INFO] 定时任务: Redis黑名单同步
[shibosi] 2026/08/01 02:25:04 logger.go:87: 2026-08-01 02:25:04.597 | 200 |            0s |             ::1 | GET     | /api/health
[shibosi] 2026/08/01 02:25:10 logger.go:87: 2026-08-01 02:25:10.441 | 200 |    405.8801ms |             ::1 | POST    | /api/v1/auth/login
[shibosi] 2026/08/01 02:25:10 logger.go:87: 2026-08-01 02:25:10.462 | 200 |       539.9µs |             ::1 | GET     | /api/v1/user/data
[shibosi] 2026/08/01 02:25:19 logger.go:87: 2026-08-01 02:25:19.618 | 200 |            0s |             ::1 | GET     | /api/health
[shibosi] 2026/08/01 02:25:19 logger.go:87: 2026-08-01 02:25:19.622 | 200 |            0s |             ::1 | GET     | /api/health
[shibosi] 2026/08/01 02:25:23 logger.go:87: 2026-08-01 02:25:23.348 | 200 |       982.2µs |             ::1 | GET     | /api/v1/user/data
[shibosi] 2026/08/01 02:25:23 logger.go:87: 2026-08-01 02:25:23.690 | 200 |    325.8252ms |             ::1 | POST    | /api/v1/user/data/batch
[shibosi] 2026/08/01 02:25:34 logger.go:87: 2026-08-01 02:25:34.596 | 200 |            0s |             ::1 | GET     | /api/health
[shibosi] 2026/08/01 02:25:49 logger.go:87: 2026-08-01 02:25:49.606 | 200 |            0s |             ::1 | GET     | /api/health
[shibosi] 2026/08/01 02:26:04 logger.go:87: 2026-08-01 02:26:04.628 | 200 |            0s |             ::1 | GET     | /api/health
[shibosi] 2026/08/01 02:26:19 logger.go:87: 2026-08-01 02:26:19.656 | 200 |            0s |             ::1 | GET     | /api/health
[shibosi] 2026/08/01 02:26:49 logger.go:87: 2026-08-01 02:26:49.701 | 200 |            0s |             ::1 | GET     | /api/health
[shibosi] 2026/08/01 02:26:49 logger.go:87: 2026-08-01 02:26:49.704 | 200 |            0s |             ::1 | GET     | /api/health
[shibosi] 2026/08/01 02:27:04 logger.go:87: 2026-08-01 02:27:04.598 | 200 |            0s |             ::1 | GET     | /api/health
[shibosi] 2026/08/01 02:27:19 logger.go:87: 2026-08-01 02:27:19.598 | 200 |            0s |             ::1 | GET     | /api/health
[shibosi] 2026/08/01 02:27:34 logger.go:87: 2026-08-01 02:27:34.592 | 200 |            0s |             ::1 | GET     | /api/health
[shibosi] 2026/08/01 02:27:49 logger.go:87: 2026-08-01 02:27:49.594 | 200 |            0s |             ::1 | GET     | /api/health
[shibosi] 2026/08/01 02:27:51 logger.go:87: 2026-08-01 02:27:51.618 | 200 |      1.0024ms |             ::1 | GET     | /api/v1/user/data
[shibosi] 2026/08/01 02:27:51 logger.go:87: 2026-08-01 02:27:51.963 | 200 |    331.3828ms |             ::1 | POST    | /api/v1/user/data/batch
[shibosi] 2026/08/01 02:28:19 logger.go:87: 2026-08-01 02:28:19.606 | 200 |            0s |             ::1 | GET     | /api/health
[shibosi] 2026/08/01 02:28:19 logger.go:87: 2026-08-01 02:28:19.609 | 200 |            0s |             ::1 | GET     | /api/health
[shibosi] 2026/08/01 02:28:34 logger.go:87: 2026-08-01 02:28:34.625 | 200 |            0s |             ::1 | GET     | /api/health
[shibosi] 2026/08/01 02:28:43 logger.go:87: 2026-08-01 02:28:43.348 | 200 |            0s |             ::1 | GET     | /api/v1/user/data
[shibosi] 2026/08/01 02:28:43 logger.go:87: 2026-08-01 02:28:43.677 | 200 |    314.3867ms |             ::1 | POST    | /api/v1/user/data/batch
[shibosi] 2026/08/01 02:29:04 logger.go:87: 2026-08-01 02:29:04.610 | 200 |            0s |             ::1 | GET     | /api/health
[shibosi] 2026/08/01 02:29:04 logger.go:87: 2026-08-01 02:29:04.618 | 200 |            0s |             ::1 | GET     | /api/health
[shibosi] 2026/08/01 02:29:19 logger.go:87: 2026-08-01 02:29:19.630 | 200 |            0s |             ::1 | GET     | /api/health
[shibosi] 2026/08/01 02:29:49 logger.go:87: 2026-08-01 02:29:49.660 | 200 |            0s |             ::1 | GET     | /api/health
[shibosi] 2026/08/01 02:29:49 logger.go:87: 2026-08-01 02:29:49.668 | 200 |            0s |             ::1 | GET     | /api/health
[shibosi] 2026/08/01 02:30:00 logger.go:55: [INFO] 定时任务: Redis黑名单同步
[shibosi] 2026/08/01 02:30:04 logger.go:87: 2026-08-01 02:30:04.591 | 200 |            0s |             ::1 | GET     | /api/health
[shibosi] 2026/08/01 02:30:19 logger.go:87: 2026-08-01 02:30:19.594 | 200 |            0s |             ::1 | GET     | /api/health
[shibosi] 2026/08/01 02:30:34 logger.go:87: 2026-08-01 02:30:34.595 | 200 |            0s |             ::1 | GET     | /api/health
[shibosi] 2026/08/01 02:30:49 logger.go:87: 2026-08-01 02:30:49.594 | 200 |            0s |             ::1 | GET     | /api/health
[shibosi] 2026/08/01 02:31:04 logger.go:87: 2026-08-01 02:31:04.595 | 200 |            0s |             ::1 | GET     | /api/health
[shibosi] 2026/08/01 02:31:19 logger.go:87: 2026-08-01 02:31:19.595 | 200 |            0s |             ::1 | GET     | /api/health
[shibosi] 2026/08/01 02:31:34 logger.go:87: 2026-08-01 02:31:34.596 | 200 |            0s |             ::1 | GET     | /api/health
[shibosi] 2026/08/01 02:31:49 logger.go:87: 2026-08-01 02:31:49.597 | 200 |            0s |             ::1 | GET     | /api/health
[shibosi] 2026/08/01 02:32:04 logger.go:87: 2026-08-01 02:32:04.596 | 200 |            0s |             ::1 | GET     | /api/health
[shibosi] 2026/08/01 02:32:19 logger.go:87: 2026-08-01 02:32:19.594 | 200 |            0s |             ::1 | GET     | /api/health
[shibosi] 2026/08/01 02:32:34 logger.go:87: 2026-08-01 02:32:34.599 | 200 |            0s |             ::1 | GET     | /api/health
[shibosi] 2026/08/01 02:32:49 logger.go:87: 2026-08-01 02:32:49.596 | 200 |            0s |             ::1 | GET     | /api/health
[shibosi] 2026/08/01 02:33:04 logger.go:87: 2026-08-01 02:33:04.597 | 200 |            0s |             ::1 | GET     | /api/health
[shibosi] 2026/08/01 02:33:19 logger.go:87: 2026-08-01 02:33:19.592 | 200 |            0s |             ::1 | GET     | /api/health
[shibosi] 2026/08/01 02:33:34 logger.go:87: 2026-08-01 02:33:34.596 | 200 |            0s |             ::1 | GET     | /api/health
[shibosi] 2026/08/01 02:33:49 logger.go:87: 2026-08-01 02:33:49.596 | 200 |            0s |             ::1 | GET     | /api/health
[shibosi] 2026/08/01 02:34:04 logger.go:87: 2026-08-01 02:34:04.595 | 200 |            0s |             ::1 | GET     | /api/health
[shibosi] 2026/08/01 02:34:19 logger.go:87: 2026-08-01 02:34:19.594 | 200 |            0s |             ::1 | GET     | /api/health
[shibosi] 2026/08/01 02:34:34 logger.go:87: 2026-08-01 02:34:34.605 | 200 |            0s |             ::1 | GET     | /api/health
[shibosi] 2026/08/01 02:34:46 logger.go:87: 2026-08-01 02:34:46.224 | 204 |            0s |             ::1 | OPTIONS | /api/v1/user/data
[shibosi] 2026/08/01 02:34:46 logger.go:87: 2026-08-01 02:34:46.242 | 200 |       565.7µs |             ::1 | GET     | /api/v1/user/data
[shibosi] 2026/08/01 02:34:46 logger.go:87: 2026-08-01 02:34:46.261 | 204 |            0s |             ::1 | OPTIONS | /api/v1/user/data/batch
[shibosi] 2026/08/01 02:34:46 logger.go:87: 2026-08-01 02:34:46.657 | 200 |     390.046ms |             ::1 | POST    | /api/v1/user/data/batch
[shibosi] 2026/08/01 02:34:47 logger.go:87: 2026-08-01 02:34:47.024 | 204 |            0s |             ::1 | OPTIONS | /api/v1/user/data/batch
[shibosi] 2026/08/01 02:34:47 logger.go:87: 2026-08-01 02:34:47.442 | 200 |    415.7332ms |             ::1 | POST    | /api/v1/user/data/batch
[shibosi] 2026/08/01 02:34:49 logger.go:87: 2026-08-01 02:34:49.337 | 200 |    364.9235ms |             ::1 | POST    | /api/v1/user/data/batch
[shibosi] 2026/08/01 02:34:49 logger.go:87: 2026-08-01 02:34:49.591 | 200 |        60.2µs |             ::1 | GET     | /api/health
[shibosi] 2026/08/01 02:35:00 logger.go:55: [INFO] 定时任务: Redis黑名单同步
[shibosi] 2026/08/01 02:35:04 logger.go:87: 2026-08-01 02:35:04.611 | 200 |            0s |             ::1 | GET     | /api/health
[shibosi] 2026/08/01 02:35:17 logger.go:87: 2026-08-01 02:35:17.035 | 200 |     360.853ms |             ::1 | POST    | /api/v1/user/data/batch
[shibosi] 2026/08/01 02:35:19 logger.go:87: 2026-08-01 02:35:19.628 | 200 |            0s |             ::1 | GET     | /api/health
[shibosi] 2026/08/01 02:35:47 logger.go:87: 2026-08-01 02:35:47.041 | 200 |    367.9275ms |             ::1 | POST    | /api/v1/user/data/batch
[shibosi] 2026/08/01 02:35:49 logger.go:87: 2026-08-01 02:35:49.646 | 200 |            0s |             ::1 | GET     | /api/health
[shibosi] 2026/08/01 02:35:49 logger.go:87: 2026-08-01 02:35:49.650 | 200 |            0s |             ::1 | GET     | /api/health
[shibosi] 2026/08/01 02:36:04 logger.go:87: 2026-08-01 02:36:04.598 | 200 |            0s |             ::1 | GET     | /api/health
[shibosi] 2026/08/01 02:36:17 logger.go:87: 2026-08-01 02:36:17.032 | 200 |    359.7558ms |             ::1 | POST    | /api/v1/user/data/batch
[shibosi] 2026/08/01 02:36:19 logger.go:87: 2026-08-01 02:36:19.589 | 200 |            0s |             ::1 | GET     | /api/health
[shibosi] 2026/08/01 02:36:29 logger.go:87: 2026-08-01 02:36:29.771 | 200 |        4.93ms |             ::1 | GET     | /api/v1/user/data
[shibosi] 2026/08/01 02:36:30 logger.go:87: 2026-08-01 02:36:30.249 | 200 |    452.7792ms |             ::1 | POST    | /api/v1/user/data/batch
[shibosi] 2026/08/01 02:36:30 logger.go:87: 2026-08-01 02:36:30.886 | 200 |     311.411ms |             ::1 | POST    | /api/v1/user/data/batch
[shibosi] 2026/08/01 02:36:34 logger.go:87: 2026-08-01 02:36:34.594 | 200 |            0s |             ::1 | GET     | /api/health
[shibosi] 2026/08/01 02:36:39 logger.go:87: 2026-08-01 02:36:39.483 | 200 |    446.1992ms |             ::1 | POST    | /api/v1/user/data/batch
[shibosi] 2026/08/01 02:36:49 logger.go:87: 2026-08-01 02:36:49.611 | 200 |            0s |             ::1 | GET     | /api/health
[shibosi] 2026/08/01 02:37:00 logger.go:87: 2026-08-01 02:37:00.856 | 200 |    591.4992ms |             ::1 | POST    | /api/v1/user/data/batch
[shibosi] 2026/08/01 02:37:14 logger.go:87: 2026-08-01 02:37:14.914 | 200 |    1.5494785s |             ::1 | POST    | /api/v1/auth/login
[shibosi] 2026/08/01 02:37:15 logger.go:87: 2026-08-01 02:37:15.106 | 200 |         998µs |             ::1 | GET     | /api/v1/user/data
[shibosi] 2026/08/01 02:37:19 logger.go:87: 2026-08-01 02:37:19.718 | 200 |            0s |             ::1 | GET     | /api/health
[shibosi] 2026/08/01 02:37:19 logger.go:87: 2026-08-01 02:37:19.743 | 200 |            0s |             ::1 | GET     | /api/health
[shibosi] 2026/08/01 02:37:30 logger.go:87: 2026-08-01 02:37:30.750 | 200 |    478.2888ms |             ::1 | POST    | /api/v1/user/data/batch
[shibosi] 2026/08/01 02:37:34 logger.go:87: 2026-08-01 02:37:34.758 | 200 |            0s |             ::1 | GET     | /api/health
[shibosi] 2026/08/01 02:37:49 logger.go:87: 2026-08-01 02:37:49.600 | 200 |            0s |             ::1 | GET     | /api/health
[shibosi] 2026/08/01 02:38:00 logger.go:87: 2026-08-01 02:38:00.460 | 200 |     29.6261ms |             ::1 | GET     | /api/v1/user/data
[shibosi] 2026/08/01 02:38:00 logger.go:87: 2026-08-01 02:38:00.763 | 200 |    502.1748ms |             ::1 | POST    | /api/v1/user/data/batch
[shibosi] 2026/08/01 02:38:00 logger.go:87: 2026-08-01 02:38:00.887 | 200 |    345.7726ms |             ::1 | POST    | /api/v1/user/data/batch
[shibosi] 2026/08/01 02:38:04 logger.go:87: 2026-08-01 02:38:04.592 | 200 |            0s |             ::1 | GET     | /api/health
[shibosi] 2026/08/01 02:38:19 logger.go:87: 2026-08-01 02:38:19.600 | 200 |            0s |             ::1 | GET     | /api/health
[shibosi] 2026/08/01 02:38:30 logger.go:87: 2026-08-01 02:38:30.636 | 200 |    370.0959ms |             ::1 | POST    | /api/v1/user/data/batch
[shibosi] 2026/08/01 02:38:34 logger.go:87: 2026-08-01 02:38:34.592 | 200 |            0s |             ::1 | GET     | /api/health
[shibosi] 2026/08/01 02:38:49 logger.go:87: 2026-08-01 02:38:49.590 | 200 |            0s |             ::1 | GET     | /api/health
[shibosi] 2026/08/01 02:39:00 logger.go:87: 2026-08-01 02:39:00.622 | 200 |    362.0795ms |             ::1 | POST    | /api/v1/user/data/batch
[shibosi] 2026/08/01 02:39:04 logger.go:87: 2026-08-01 02:39:04.608 | 200 |            0s |             ::1 | GET     | /api/health
[shibosi] 2026/08/01 02:39:19 logger.go:87: 2026-08-01 02:39:19.602 | 200 |            0s |             ::1 | GET     | /api/health
[shibosi] 2026/08/01 02:39:30 logger.go:87: 2026-08-01 02:39:30.687 | 200 |    415.9433ms |             ::1 | POST    | /api/v1/user/data/batch
[shibosi] 2026/08/01 02:39:34 logger.go:87: 2026-08-01 02:39:34.595 | 200 |            0s |             ::1 | GET     | /api/health
[shibosi] 2026/08/01 02:39:49 logger.go:87: 2026-08-01 02:39:49.594 | 200 |            0s |             ::1 | GET     | /api/health
[shibosi] 2026/08/01 02:40:00 logger.go:55: [INFO] 定时任务: Redis黑名单同步
[shibosi] 2026/08/01 02:40:00 logger.go:87: 2026-08-01 02:40:00.616 | 200 |    352.9676ms |             ::1 | POST    | /api/v1/user/data/batch
[shibosi] 2026/08/01 02:40:04 logger.go:87: 2026-08-01 02:40:04.596 | 200 |       542.3µs |             ::1 | GET     | /api/health
[shibosi] 2026/08/01 02:40:15 logger.go:87: 2026-08-01 02:40:15.752 | 200 |      5.6632ms |             ::1 | GET     | /api/v1/user/data
[shibosi] 2026/08/01 02:40:15 logger.go:87: 2026-08-01 02:40:15.763 | 200 |      8.3928ms |             ::1 | GET     | /api/v1/user/data
[shibosi] 2026/08/01 02:40:16 logger.go:87: 2026-08-01 02:40:16.541 | 200 |    739.4486ms |             ::1 | POST    | /api/v1/user/data/batch
[shibosi] 2026/08/01 02:40:16 logger.go:87: 2026-08-01 02:40:16.566 | 200 |    735.3534ms |             ::1 | POST    | /api/v1/user/data/batch
[shibosi] 2026/08/01 02:40:16 logger.go:87: 2026-08-01 02:40:16.892 | 200 |     293.495ms |             ::1 | POST    | /api/v1/user/data/batch
[shibosi] 2026/08/01 02:40:19 logger.go:87: 2026-08-01 02:40:19.599 | 200 |       524.1µs |             ::1 | GET     | /api/health
[shibosi] 2026/08/01 02:40:25 logger.go:87: 2026-08-01 02:40:25.354 | 200 |    913.6622ms |             ::1 | POST    | /api/v1/user/data/batch
[shibosi] 2026/08/01 02:40:25 logger.go:87: 2026-08-01 02:40:25.403 | 200 |    956.1622ms |             ::1 | POST    | /api/v1/user/data/batch
[shibosi] 2026/08/01 02:40:25 logger.go:87: 2026-08-01 02:40:25.625 | 200 |    379.8955ms |             ::1 | POST    | /api/v1/user/data/batch
[shibosi] 2026/08/01 02:40:34 logger.go:87: 2026-08-01 02:40:34.608 | 200 |            0s |             ::1 | GET     | /api/health
[shibosi] 2026/08/01 02:40:49 logger.go:87: 2026-08-01 02:40:49.604 | 200 |            0s |             ::1 | GET     | /api/health
[shibosi] 2026/08/01 02:40:53 logger.go:87: 2026-08-01 02:40:53.484 | 200 |    688.3817ms |             ::1 | POST    | /api/v1/user/data/batch
[shibosi] 2026/08/01 02:40:53 logger.go:87: 2026-08-01 02:40:53.509 | 200 |    711.9331ms |             ::1 | POST    | /api/v1/user/data/batch
[shibosi] 2026/08/01 02:40:53 logger.go:87: 2026-08-01 02:40:53.902 | 200 |    307.8436ms |             ::1 | POST    | /api/v1/user/data/batch
[shibosi] 2026/08/01 02:41:03 logger.go:87: 2026-08-01 02:41:03.518 | 200 |            0s |             ::1 | GET     | /api/v1/user/data
[shibosi] 2026/08/01 02:41:03 logger.go:87: 2026-08-01 02:41:03.527 | 200 |       963.4µs |             ::1 | GET     | /api/v1/user/data
[shibosi] 2026/08/01 02:41:04 logger.go:87: 2026-08-01 02:41:04.486 | 200 |    927.2606ms |             ::1 | POST    | /api/v1/user/data/batch
[shibosi] 2026/08/01 02:41:04 logger.go:87: 2026-08-01 02:41:04.544 | 200 |    976.1146ms |             ::1 | POST    | /api/v1/user/data/batch
[shibosi] 2026/08/01 02:41:04 logger.go:87: 2026-08-01 02:41:04.838 | 200 |    317.5831ms |             ::1 | POST    | /api/v1/user/data/batch
[shibosi] 2026/08/01 02:41:19 logger.go:87: 2026-08-01 02:41:19.611 | 200 |            0s |             ::1 | GET     | /api/health
[shibosi] 2026/08/01 02:41:19 logger.go:87: 2026-08-01 02:41:19.619 | 200 |            0s |             ::1 | GET     | /api/health
[shibosi] 2026/08/01 02:41:34 logger.go:87: 2026-08-01 02:41:34.934 | 200 |    406.9264ms |             ::1 | POST    | /api/v1/user/data/batch
[shibosi] 2026/08/01 02:41:49 logger.go:87: 2026-08-01 02:41:49.638 | 200 |            0s |             ::1 | GET     | /api/health
[shibosi] 2026/08/01 02:41:49 logger.go:87: 2026-08-01 02:41:49.645 | 200 |            0s |             ::1 | GET     | /api/health
[shibosi] 2026/08/01 02:42:04 logger.go:87: 2026-08-01 02:42:04.603 | 200 |            0s |             ::1 | GET     | /api/health
[shibosi] 2026/08/01 02:42:04 logger.go:87: 2026-08-01 02:42:04.911 | 200 |    369.9793ms |             ::1 | POST    | /api/v1/user/data/batch
[shibosi] 2026/08/01 02:42:19 logger.go:87: 2026-08-01 02:42:19.598 | 200 |            0s |             ::1 | GET     | /api/health
[shibosi] 2026/08/01 02:42:34 logger.go:87: 2026-08-01 02:42:34.588 | 200 |            0s |             ::1 | GET     | /api/health
[shibosi] 2026/08/01 02:42:34 logger.go:87: 2026-08-01 02:42:34.897 | 200 |    369.1358ms |             ::1 | POST    | /api/v1/user/data/batch
[shibosi] 2026/08/01 02:42:49 logger.go:87: 2026-08-01 02:42:49.599 | 200 |            0s |             ::1 | GET     | /api/health
[shibosi] 2026/08/01 02:43:04 logger.go:87: 2026-08-01 02:43:04.602 | 200 |            0s |             ::1 | GET     | /api/health
[shibosi] 2026/08/01 02:43:04 logger.go:87: 2026-08-01 02:43:04.920 | 200 |    391.9482ms |             ::1 | POST    | /api/v1/user/data/batch
[shibosi] 2026/08/01 02:43:07 logger.go:87: 2026-08-01 02:43:07.432 | 204 |            0s |             ::1 | OPTIONS | /api/v1/user/data
[shibosi] 2026/08/01 02:43:07 logger.go:87: 2026-08-01 02:43:07.477 | 401 |            0s |             ::1 | GET     | /api/v1/user/data
[shibosi] 2026/08/01 02:43:08 logger.go:87: 2026-08-01 02:43:08.206 | 401 |      2.1048ms |             ::1 | POST    | /api/v1/user/data/batch
[shibosi] 2026/08/01 02:43:19 logger.go:87: 2026-08-01 02:43:19.600 | 200 |            0s |             ::1 | GET     | /api/health
[shibosi] 2026/08/01 02:43:32 logger.go:87: 2026-08-01 02:43:32.202 | 401 |            0s |             ::1 | GET     | /api/v1/user/data
[shibosi] 2026/08/01 02:43:32 logger.go:87: 2026-08-01 02:43:32.215 | 401 |            0s |             ::1 | GET     | /api/v1/user/data
[shibosi] 2026/08/01 02:43:34 logger.go:87: 2026-08-01 02:43:34.604 | 200 |            0s |             ::1 | GET     | /api/health
[shibosi] 2026/08/01 02:43:34 logger.go:87: 2026-08-01 02:43:34.905 | 200 |    374.0788ms |             ::1 | POST    | /api/v1/user/data/batch
[shibosi] 2026/08/01 02:43:36 logger.go:87: 2026-08-01 02:43:36.962 | 204 |            0s |             ::1 | OPTIONS | /api/v1/auth/logout
[shibosi] 2026/08/01 02:43:36 logger.go:87: 2026-08-01 02:43:36.965 | 401 |            0s |             ::1 | POST    | /api/v1/auth/logout
[shibosi] 2026/08/01 02:43:41 logger.go:87: 2026-08-01 02:43:41.381 | 204 |            0s |             ::1 | OPTIONS | /api/v1/user/data
[shibosi] 2026/08/01 02:43:41 logger.go:87: 2026-08-01 02:43:41.389 | 204 |            0s |             ::1 | OPTIONS | /api/v1/user/data
[shibosi] 2026/08/01 02:43:41 logger.go:87: 2026-08-01 02:43:41.392 | 200 |       535.1µs |             ::1 | GET     | /api/v1/user/data
[shibosi] 2026/08/01 02:43:41 logger.go:87: 2026-08-01 02:43:41.399 | 200 |      1.1271ms |             ::1 | GET     | /api/v1/user/data
[shibosi] 2026/08/01 02:43:42 logger.go:87: 2026-08-01 02:43:42.054 | 200 |    606.8098ms |             ::1 | POST    | /api/v1/user/data/batch
[shibosi] 2026/08/01 02:43:42 logger.go:87: 2026-08-01 02:43:42.078 | 200 |    606.5317ms |             ::1 | POST    | /api/v1/user/data/batch
[shibosi] 2026/08/01 02:43:42 logger.go:87: 2026-08-01 02:43:42.527 | 200 |    275.3273ms |             ::1 | POST    | /api/v1/user/data/batch
[shibosi] 2026/08/01 02:44:04 logger.go:87: 2026-08-01 02:44:04.606 | 200 |            0s |             ::1 | GET     | /api/health
[shibosi] 2026/08/01 02:44:04 logger.go:87: 2026-08-01 02:44:04.610 | 200 |            0s |             ::1 | GET     | /api/health
[shibosi] 2026/08/01 02:44:12 logger.go:87: 2026-08-01 02:44:12.432 | 200 |    365.3189ms |             ::1 | POST    | /api/v1/user/data/batch
[shibosi] 2026/08/01 02:44:18 logger.go:87: 2026-08-01 02:44:18.213 | 200 |       997.8µs |             ::1 | GET     | /api/v1/user/data
[shibosi] 2026/08/01 02:44:18 logger.go:87: 2026-08-01 02:44:18.804 | 200 |    517.4374ms |             ::1 | POST    | /api/v1/user/data/batch
[shibosi] 2026/08/01 02:44:19 logger.go:87: 2026-08-01 02:44:19.475 | 200 |    408.1811ms |             ::1 | POST    | /api/v1/user/data/batch
[shibosi] 2026/08/01 02:44:21 logger.go:87: 2026-08-01 02:44:21.901 | 200 |            0s |             ::1 | GET     | /api/health
[shibosi] 2026/08/01 02:44:30 logger.go:87: 2026-08-01 02:44:30.508 | 200 |    460.7616ms |             ::1 | POST    | /api/v1/user/data/batch
[shibosi] 2026/08/01 02:44:31 logger.go:87: 2026-08-01 02:44:31.625 | 200 |    770.9695ms |             ::1 | POST    | /api/v1/user/data/batch
[shibosi] 2026/08/01 02:44:34 logger.go:87: 2026-08-01 02:44:34.591 | 200 |            0s |             ::1 | GET     | /api/health
[shibosi] 2026/08/01 02:44:34 logger.go:87: 2026-08-01 02:44:34.871 | 200 |       565.1µs |             ::1 | GET     | /api/v1/user/data
[shibosi] 2026/08/01 02:44:34 logger.go:87: 2026-08-01 02:44:34.875 | 200 |      2.0158ms |             ::1 | GET     | /api/v1/user/data
[shibosi] 2026/08/01 02:44:35 logger.go:87: 2026-08-01 02:44:35.546 | 200 |    627.9431ms |             ::1 | POST    | /api/v1/user/data/batch
[shibosi] 2026/08/01 02:44:35 logger.go:87: 2026-08-01 02:44:35.571 | 200 |    641.1428ms |             ::1 | POST    | /api/v1/user/data/batch
[shibosi] 2026/08/01 02:44:35 logger.go:87: 2026-08-01 02:44:35.997 | 200 |    271.0268ms |             ::1 | POST    | /api/v1/user/data/batch
[shibosi] 2026/08/01 02:44:49 logger.go:87: 2026-08-01 02:44:49.590 | 200 |       512.5µs |             ::1 | GET     | /api/health
[shibosi] 2026/08/01 02:45:00 logger.go:55: [INFO] 定时任务: Redis黑名单同步
[shibosi] 2026/08/01 02:45:04 logger.go:87: 2026-08-01 02:45:04.618 | 200 |            0s |             ::1 | GET     | /api/health
[shibosi] 2026/08/01 02:45:05 logger.go:87: 2026-08-01 02:45:05.940 | 200 |     372.547ms |             ::1 | POST    | /api/v1/user/data/batch
[shibosi] 2026/08/01 02:45:19 logger.go:87: 2026-08-01 02:45:19.600 | 200 |       506.9µs |             ::1 | GET     | /api/health
[shibosi] 2026/08/01 02:45:32 logger.go:55: [INFO] 正在关闭服务...
[shibosi] 2026/08/01 02:45:32 logger.go:55: [INFO] 服务已安全关闭
